video_id,channel,title,view_count,quality,local_path,bytes,error
v6uCGIlA0Ak,静かなる英雄たち,「そんなボロ服で」高級寿司店で嘲笑された老夫婦。「今後お取引できません」30分後、大将が凍りついた――。,4771005,existing,E:\Data\ObsidianVault\02_Channels\シニア朗読\競合リサーチ\サムネ企画検索ポータル_20260605\thumbnail_assets\v6uCGIlA0Ak.jpg,212925,
dTopnuYhCow,人生のドラマTV,お金を盗まれたお爺さんに全財産1000円を渡した貧乏な女子学生。次の日、学校の前に黒塗りの高級車が現れて...,4670884,existing,E:\Data\ObsidianVault\02_Channels\シニア朗読\競合リサーチ\サムネ企画検索ポータル_20260605\thumbnail_assets\dTopnuYhCow.jpg,238411,
shWE0-BGxpk,人生は七色,「皿洗いが出しゃばるな！」60代の日本人女性を嘲笑ったフランス人シェフ。彼女が伝説の料理人だとも知らずに…,2788370,existing,E:\Data\ObsidianVault\02_Channels\シニア朗読\競合リサーチ\サムネ企画検索ポータル_20260605\thumbnail_assets\shWE0-BGxpk.jpg,256985,
G0SmJID0Ppk,人生のドラマTV,清掃員のおばあさんに牛乳をかけた部長は、彼女が会長だったとは知らなかった。,2758953,existing,E:\Data\ObsidianVault\02_Channels\シニア朗読\競合リサーチ\サムネ企画検索ポータル_20260605\thumbnail_assets\G0SmJID0Ppk.jpg,178758,
3O2ioOs-MGw,人生は七色,「魚臭い」と侮辱された魚屋の店主がピアノに触れた瞬間…会場中の観客が拍手喝采,2650918,existing,E:\Data\ObsidianVault\02_Channels\シニア朗読\競合リサーチ\サムネ企画検索ポータル_20260605\thumbnail_assets\3O2ioOs-MGw.jpg,260177,
WrsmHooX_04,人生のドラマTV,日本人少女を見下すアメリカ人の男は知らなかった。彼女が空手の黒帯を持っていることを。,2567662,existing,E:\Data\ObsidianVault\02_Channels\シニア朗読\競合リサーチ\サムネ企画検索ポータル_20260605\thumbnail_assets\WrsmHooX_04.jpg,242014,
o9nIvI-g3fM,人生は100年,明日、借金2800万で差し押さえられる寿司屋の店主→客「財布忘れました」無一文の外国人客に無料で寿司を振る舞った結果【感動する話】,2504486,existing,E:\Data\ObsidianVault\02_Channels\シニア朗読\競合リサーチ\サムネ企画検索ポータル_20260605\thumbnail_assets\o9nIvI-g3fM.jpg,150264,
8CTgpV79U0I,仁義と人生の部屋,「お前んち、ヤクザだっけ？w今すぐ呼んでみろよw」同窓会で嘲笑された私。5分後、30台の黒塗り高級車が現れ…【スカッとする話】,2235995,existing,E:\Data\ObsidianVault\02_Channels\シニア朗読\競合リサーチ\サムネ企画検索ポータル_20260605\thumbnail_assets\8CTgpV79U0I.jpg,259817,
39ZWdJhGLJc,人生のドラマTV,田舎道でお婆さんのボロ車を修理した16歳の女の子。翌日、ガレージの前に高級車が続々と集まり...,1991415,existing,E:\Data\ObsidianVault\02_Channels\シニア朗読\競合リサーチ\サムネ企画検索ポータル_20260605\thumbnail_assets\39ZWdJhGLJc.jpg,252095,
kKSbiNrFPe4,人生の糸,廃業寸前の豆腐屋に片腕の14歳少女が来店「日給100円でいいので働かせてください」67歳店主「正社員として月給20万円で雇う」→1ヶ月後、まさかの展開に…【感動する話】,1880866,existing,E:\Data\ObsidianVault\02_Channels\シニア朗読\競合リサーチ\サムネ企画検索ポータル_20260605\thumbnail_assets\kKSbiNrFPe4.jpg,200144,
3bWvGZjetw8,人生は贈り物,「食っていきな」明日、借金3000万で差し押さえられる寿司屋店主 → 無一文のアラブ人に無料で最高級寿司を振舞った結果【感動する話】,1625025,existing,E:\Data\ObsidianVault\02_Channels\シニア朗読\競合リサーチ\サムネ企画検索ポータル_20260605\thumbnail_assets\3bWvGZjetw8.jpg,163697,
EIYJBMqTHeY,人生色々TV,しかし、それがキッカケで彼女はクビになった…すると、会長がまさかの行動を・・・,1318100,existing,E:\Data\ObsidianVault\02_Channels\シニア朗読\競合リサーチ\サムネ企画検索ポータル_20260605\thumbnail_assets\EIYJBMqTHeY.jpg,217153,
gGGAe_mox_A,人生のドラマTV,清掃員に牛乳をかけた部長は知らなかった。彼女がヤクザ組長の娘だったとは...,1238280,existing,E:\Data\ObsidianVault\02_Channels\シニア朗読\競合リサーチ\サムネ企画検索ポータル_20260605\thumbnail_assets\gGGAe_mox_A.jpg,255723,
DoZD70xW-y0,人生のドラマTV,アメリカの名門大学で清掃員をする70代女性、貧乏な彼女が廊下に貼ってある数学の難問をみると....,1237944,existing,E:\Data\ObsidianVault\02_Channels\シニア朗読\競合リサーチ\サムネ企画検索ポータル_20260605\thumbnail_assets\DoZD70xW-y0.jpg,176817,
HNm99h9VMO0,人生は贈り物,「５円でたこ焼き１つくだしゃい、おかあしゃんにあげたいの」→ 5円玉を差し出すボロボロ少女に廃業寸前の店主が焼き立て30個あげた結果,1225346,existing,E:\Data\ObsidianVault\02_Channels\シニア朗読\競合リサーチ\サムネ企画検索ポータル_20260605\thumbnail_assets\HNm99h9VMO0.jpg,234758,
QVHPgXqvyDs,人生は七色,「お前はクビだ！」廃棄弁当をホームレスにあげたコンビニのアルバイト店員は解雇された。しかし、彼のもとに黒塗りの高級車が現れて…,1171946,existing,E:\Data\ObsidianVault\02_Channels\シニア朗読\競合リサーチ\サムネ企画検索ポータル_20260605\thumbnail_assets\QVHPgXqvyDs.jpg,194829,
jeU314-LNk0,人生は七色,「汚い手で触るな！」ピアノの前に立っていたホームレスは人々から罵声を浴びた。しかし老人を知る人物が現れて…,988924,existing,E:\Data\ObsidianVault\02_Channels\シニア朗読\競合リサーチ\サムネ企画検索ポータル_20260605\thumbnail_assets\jeU314-LNk0.jpg,264742,
RdTiSJPss1U,人生のドラマTV,皿洗いのおばあさんがキャバクラで接客する、皆が嘲笑した。しかし、一度口を開くと全員が驚愕…!,961129,existing,E:\Data\ObsidianVault\02_Channels\シニア朗読\競合リサーチ\サムネ企画検索ポータル_20260605\thumbnail_assets\RdTiSJPss1U.jpg,153260,
ecVhBZDcHKs,人生は七色,「通訳が出しゃばるな！」国際交流イベントに代役として出場した日本人男性、騒然となった会場が…一音で凍りついた,938001,existing,E:\Data\ObsidianVault\02_Channels\シニア朗読\競合リサーチ\サムネ企画検索ポータル_20260605\thumbnail_assets\ecVhBZDcHKs.jpg,228640,
G5ovLOqim6Q,人生のドラマTV,「貧乏神」のお爺さんに優しくした落ちこぼれのキャバ嬢。翌日、キャバクラの前に黒塗りの高級車が現れると....,936540,existing,E:\Data\ObsidianVault\02_Channels\シニア朗読\競合リサーチ\サムネ企画検索ポータル_20260605\thumbnail_assets\G5ovLOqim6Q.jpg,269344,
abO0dnmEe4k,人生の輝き,同窓会で清掃員の格好をした男を「人生の敗北者」と嘲笑う社長。だが、一枚の名刺を見た瞬間に彼の膝が震え出した…,932725,,,0,db_thumbnail_url: HTTPError
7ooCEizK_rg,人生のドラマTV,ホームレスの母娘にラーメンをご馳走した大将、2分後→「お礼になんでもします...」,896235,existing,E:\Data\ObsidianVault\02_Channels\シニア朗読\競合リサーチ\サムネ企画検索ポータル_20260605\thumbnail_assets\7ooCEizK_rg.jpg,226855,
TS1NtDo10so,人生逆転ドラマch,高級寿司屋で障害を持つ息子が軽蔑される。次の瞬間，店主が｢お帰りください｣と追い出したのは…,894676,existing,E:\Data\ObsidianVault\02_Channels\シニア朗読\競合リサーチ\サムネ企画検索ポータル_20260605\thumbnail_assets\TS1NtDo10so.jpg,64786,
eQXbqRvAwvc,人生のドラマTV,道端で倒れたお婆さんを助ける貧乏な就活生。超一流企業の面接に遅刻してしまった結果...,842262,existing,E:\Data\ObsidianVault\02_Channels\シニア朗読\競合リサーチ\サムネ企画検索ポータル_20260605\thumbnail_assets\eQXbqRvAwvc.jpg,222622,
R403S8i8hb8,お茶の間TV 〈スカッと感動〉,ぼったくりバー｢52万です。ヤクザ呼ぶよ？｣→3分後､ヤクザ集団が現れ兄を見て組長土下座【スカッとする話】 YAKUZA,835837,existing,E:\Data\ObsidianVault\02_Channels\シニア朗読\競合リサーチ\サムネ企画検索ポータル_20260605\thumbnail_assets\R403S8i8hb8.jpg,129515,
KV-03nb1Plc,人生逆転ストーリー,『その格好で“お任せ”ですか？』高級寿司店で見下された老夫婦「この店、潰そう」──翌日、店長のもとに一本の電話が…,789400,,,0,db_thumbnail_url: HTTPError
JLeMz3Jp1p4,人生は七色,空港で老人にチケットを譲った日本人女性。大事な試験に間に合わず絶望する彼女のもとにシークレットサービスが現れて…,771734,existing,E:\Data\ObsidianVault\02_Channels\シニア朗読\競合リサーチ\サムネ企画検索ポータル_20260605\thumbnail_assets\JLeMz3Jp1p4.jpg,253056,
gdO_acGw5W4,人生は100年,廃業寸前のラーメン屋を経営してる67歳の大将。嵐の夜、ボロボロの親子が来店→10分後「警察を呼んでください」大将「は？」→結果【感動する話】,759396,existing,E:\Data\ObsidianVault\02_Channels\シニア朗読\競合リサーチ\サムネ企画検索ポータル_20260605\thumbnail_assets\gdO_acGw5W4.jpg,174720,
9eMOrCAVOs4,人生の糸,55歳フランス人パン職人が日本人アルバイトを雇った結果、廃業寸前のパン屋がとんでもないことになった【感動する話】,753440,existing,E:\Data\ObsidianVault\02_Channels\シニア朗読\競合リサーチ\サムネ企画検索ポータル_20260605\thumbnail_assets\9eMOrCAVOs4.jpg,170481,
m5qvKL3B9WI,人生のドラマTV,アメリカの大学で授業を覗き見ていたボロボロの日本人少女。見窄らしい姿の彼女が床に落ちていた数学の難問をみると....,741645,existing,E:\Data\ObsidianVault\02_Channels\シニア朗読\競合リサーチ\サムネ企画検索ポータル_20260605\thumbnail_assets\m5qvKL3B9WI.jpg,241870,
-eHKXMt43yo,人生は100年,とんかつ弁当を頼んだら高校時代俺を見下してた大嫌いな金持ち令嬢が配達に来た。「お前が配達？令嬢なのに？」「…ほっといてよ」→俺がとんかつを注文し続けた結果…【感動する話】,738576,existing,E:\Data\ObsidianVault\02_Channels\シニア朗読\競合リサーチ\サムネ企画検索ポータル_20260605\thumbnail_assets\-eHKXMt43yo.jpg,153444,
IxsBLXV0YWo,人生の温もり,500円の特大ラーメンを分け合った母と三つ子。22年後、同じ顔の三人がスーツで現れた。「恩を返しに来ました」店主の手が震えた【感動する話】,714718,existing,E:\Data\ObsidianVault\02_Channels\シニア朗読\競合リサーチ\サムネ企画検索ポータル_20260605\thumbnail_assets\IxsBLXV0YWo.jpg,263286,
LMXe3qJwCBQ,人生のドラマTV,アメリカ人教師が日本人のピアノ少女を見下した。しかし、彼女の演奏が響いた瞬間、会場は騒然。全てをひっくり返すこととなる。,696140,existing,E:\Data\ObsidianVault\02_Channels\シニア朗読\競合リサーチ\サムネ企画検索ポータル_20260605\thumbnail_assets\LMXe3qJwCBQ.jpg,254960,
9WuKq4hThls,人生の裏側,痴漢冤罪をかけられたヤクザを助けた貧困女子高生。翌日届いた茶封筒の中身に、少女が泣き崩れる…【感動する話】,666189,existing,E:\Data\ObsidianVault\02_Channels\シニア朗読\競合リサーチ\サムネ企画検索ポータル_20260605\thumbnail_assets\9WuKq4hThls.jpg,162431,
9wWJLJz08zw,人生の糸,「50円でご飯だけでも…」閉店間際の定食屋にボロボロの姉妹が来店→カツ丼をご馳走した結果、1週間後、黒塗りの高級車が現れて…【感動する話】,665108,existing,E:\Data\ObsidianVault\02_Channels\シニア朗読\競合リサーチ\サムネ企画検索ポータル_20260605\thumbnail_assets\9wWJLJz08zw.jpg,200075,
XgEOJm5G_aY,人生は贈り物,「10円でこの子にスープだけいただけませんか？」廃業寸前のラーメン屋店主が ガリガリ母娘に大盛りラーメンをご馳走した結果　【感動する話】,661776,existing,E:\Data\ObsidianVault\02_Channels\シニア朗読\競合リサーチ\サムネ企画検索ポータル_20260605\thumbnail_assets\XgEOJm5G_aY.jpg,212155,
1FeQivktM9g,人生逆転ストーリー,「どうせ数万でしょ」と銀行員に嘲られた老人　翌日“通帳100冊・総額500億”解約宣言で支店中が凍りついた！,653655,,,0,db_thumbnail_url: HTTPError
ItetNUZJAIU,人生の裏側,廃業寸前のヤクザ事務所に助けを求めた７歳少女「このお年玉で…助けてください」→翌日、少女の家族の元に黒塗りの高級車が現れ…【感動する話】,633757,existing,E:\Data\ObsidianVault\02_Channels\シニア朗読\競合リサーチ\サムネ企画検索ポータル_20260605\thumbnail_assets\ItetNUZJAIU.jpg,190015,
rryeSuNW038,人生は100年,全財産を注いだ夢が廃業寸前に。52歳ドイツ人シェフが21歳の日本人アルバイトを雇った結果→まさかの事態に…【感動する話】,598980,existing,E:\Data\ObsidianVault\02_Channels\シニア朗読\競合リサーチ\サムネ企画検索ポータル_20260605\thumbnail_assets\rryeSuNW038.jpg,222888,
ETDdjLU3t70,人生は100年,21歳で両親を失い大学を中退して10歳の妹を育てた兄。14年後→結婚式当日、妹「お兄ちゃんごめんなさい、私全部知ってたの」兄も知らなかった真実とは【感動する話】,588101,existing,E:\Data\ObsidianVault\02_Channels\シニア朗読\競合リサーチ\サムネ企画検索ポータル_20260605\thumbnail_assets\ETDdjLU3t70.jpg,159262,
JlfDiOEftHs,人生逆転ストーリー,「そんな貧乏くさい弁当いらない。100食全部キャンセルね」弁当屋を見下した男の末路──翌日“50億円の契約破棄”で業界が凍りつく,567886,,,0,db_thumbnail_url: HTTPError
LOUmPt38FTI,人生は贈り物,大雪の夜、親に追い出され震える5歳の少女 → 実家に連れ帰りお風呂に入れた結果 【感動する話】,554555,existing,E:\Data\ObsidianVault\02_Channels\シニア朗読\競合リサーチ\サムネ企画検索ポータル_20260605\thumbnail_assets\LOUmPt38FTI.jpg,219260,
ut1v6hvmhXk,人生逆転ドラマシアター,「老人なんて解約してもらって結構」エリート銀行員に冷たく言われたおじいさん。翌日、“法人口座30社・総額5000億円”の解約申請で本店が騒然！,548570,,,0,db_thumbnail_url: HTTPError
Bo686cipM-A,人生のドラマTV,見下されていた空港の清掃員のおばあさんが流暢なアラビア語を話し始めた途端、全員が愕然とした。,547537,existing,E:\Data\ObsidianVault\02_Channels\シニア朗読\競合リサーチ\サムネ企画検索ポータル_20260605\thumbnail_assets\Bo686cipM-A.jpg,183443,
Moq70Q8alOM,人生は100年,工場差し押さえ寸前の整備士が、道端で困っていた老婦人の車を無償修理→2週間後、黒塗りの高級車が現れて…【感動する話】,535512,existing,E:\Data\ObsidianVault\02_Channels\シニア朗読\競合リサーチ\サムネ企画検索ポータル_20260605\thumbnail_assets\Moq70Q8alOM.jpg,170153,
5XBIgGqB1us,静かなる英雄たち,「お帰りください」孫の口座作成を拒否されたおじいさん。「では全口座を解約で」その一言に、全行員が凍りついたーー。,533836,existing,E:\Data\ObsidianVault\02_Channels\シニア朗読\競合リサーチ\サムネ企画検索ポータル_20260605\thumbnail_assets\5XBIgGqB1us.jpg,225320,
w1Zic5M8zCY,人生劇場放送局,【スカッと】「俺の妻に何をした！」夫の怒りが大爆発→5分後、1000億解約して銀行を地獄に沈める。【シニア】,530222,existing,E:\Data\ObsidianVault\02_Channels\シニア朗読\競合リサーチ\サムネ企画検索ポータル_20260605\thumbnail_assets\w1Zic5M8zCY.jpg,153211,
oFNv6MLWxts,人生のドラマTV,ヤクザの命を救った貧乏な女子高生。翌日、正門の前に黒塗りの高級車が集結して...,529433,existing,E:\Data\ObsidianVault\02_Channels\シニア朗読\競合リサーチ\サムネ企画検索ポータル_20260605\thumbnail_assets\oFNv6MLWxts.jpg,234939,
YHK8Qa7NPXs,人生はバラ色,「クソガキが大株主？じゃあ売ってみろよ」セーラー服で株主総会に来た15歳少女が追い返したエリート役員→「…わかりました」お望み通り全株（1000億）売却した結果…,518021,existing,E:\Data\ObsidianVault\02_Channels\シニア朗読\競合リサーチ\サムネ企画検索ポータル_20260605\thumbnail_assets\YHK8Qa7NPXs.jpg,176196,
9uLQbH1g3cs,感動スカっと人生録,「英語で何か言ってみろよ」海外役員の前で晒された28歳派遣社員…たった一言で会場が凍りついた,516901,,,0,db_thumbnail_url: HTTPError
mC9dJs2BRNM,人生の輝き,「ガキに何が分かる」と株主総会で大混乱の中、傍聴席にいた中学生を罵倒した傍聴人たちが、たった一枚の株券で完全に沈黙することに…,504754,,,0,db_thumbnail_url: HTTPError
DjVJ1IMnNIE,人生は贈り物,「これ、食べてみてください」マズくて誰も利用しないアメリカの軍用食堂 → 日本人アルバイトを雇ったら驚愕の事態に・・・　【感動する話】,502842,existing,E:\Data\ObsidianVault\02_Channels\シニア朗読\競合リサーチ\サムネ企画検索ポータル_20260605\thumbnail_assets\DjVJ1IMnNIE.jpg,278716,
KOMBIF2xGBg,人生逆転ストーリー,「え、まだバイトしてるの？ この歳で？」と同窓会で笑われた“地味な女性”　数時間後、その場にいた全員が青ざめた,496685,,,0,db_thumbnail_url: HTTPError
mlHiWC7Mm2s,人生のシナリオ,倒産寸前の蕎麦屋の店主が、所持金100円の少女に無料で天ぷら蕎麦を振る舞った。後日、黒塗りの高級車が現れ…【感動する話】,491786,existing,E:\Data\ObsidianVault\02_Channels\シニア朗読\競合リサーチ\サムネ企画検索ポータル_20260605\thumbnail_assets\mlHiWC7Mm2s.jpg,214348,
df94enaxuLo,人生のドラマTV,「貧乏人とは結婚しない！」大富豪の私は、娘の婚約者の本性を暴くため、清掃員に変装しました。,488414,existing,E:\Data\ObsidianVault\02_Channels\シニア朗読\競合リサーチ\サムネ企画検索ポータル_20260605\thumbnail_assets\df94enaxuLo.jpg,158069,
KfUerJOg8ek,感動スカっと人生録,「英語で何か言ってみろ」取引先の前に晒された派遣社員、3秒後、会場が凍り付いた,487806,,,0,db_thumbnail_url: HTTPError
oyGTsd5to7s,人生は贈り物,「ラーメンも食べていきな」拾ったタダ券で餃子１個を分け合うボロボロ母娘に大盛りラーメンをふるまった結果,482769,existing,E:\Data\ObsidianVault\02_Channels\シニア朗読\競合リサーチ\サムネ企画検索ポータル_20260605\thumbnail_assets\oyGTsd5to7s.jpg,221768,
YGZ9upx2mhQ,人生は100年,車椅子の母を支える32歳男性。11社連続で面接に落ち続けて12社目に向かうバス車内で義足の女性を助けた結果…【感動する話】,481537,existing,E:\Data\ObsidianVault\02_Channels\シニア朗読\競合リサーチ\サムネ企画検索ポータル_20260605\thumbnail_assets\YGZ9upx2mhQ.jpg,157849,
C9Wt1HO6UzQ,人生劇場放送局,【スカッと】「年金で豪遊か？」寿司屋で罵倒する銀行員。翌日「頭取？100兆解約で」→銀行は大崩壊。【シニア】,468657,existing,E:\Data\ObsidianVault\02_Channels\シニア朗読\競合リサーチ\サムネ企画検索ポータル_20260605\thumbnail_assets\C9Wt1HO6UzQ.jpg,146474,
u7DN9sLvpvk,人生は贈り物,イタリアのピザ職人が留学中の日本人女子大生を雇った結果 → 廃業寸前のピッツェリアに行列ができた　【感動する話】,454836,existing,E:\Data\ObsidianVault\02_Channels\シニア朗読\競合リサーチ\サムネ企画検索ポータル_20260605\thumbnail_assets\u7DN9sLvpvk.jpg,271994,
-fUXX1A5eLo,人生の裏側,倒れたヤクザに手を差し伸べた貧乏な女子学生。次の日、学校の前に黒塗りの高級車が２０台現れる...【感動する話】,454666,existing,E:\Data\ObsidianVault\02_Channels\シニア朗読\競合リサーチ\サムネ企画検索ポータル_20260605\thumbnail_assets\-fUXX1A5eLo.jpg,146398,
q_R3v_XCN4M,人生は七色,「こんな清掃員に手術なんて任せられるか！」アメリカの名門病院で嘲笑された老人。だが彼は伝説の外科医だった…,454205,existing,E:\Data\ObsidianVault\02_Channels\シニア朗読\競合リサーチ\サムネ企画検索ポータル_20260605\thumbnail_assets\q_R3v_XCN4M.jpg,272420,
zTKhE_x4ER0,人生の縁側,「中卒ですが…」現れたのはIQ200の天才少女。倒産寸前の造船所で1ヶ月後に起きた奇跡！【感動する話】【朗読】,448531,,,0,db_thumbnail_url: HTTPError
C4dBttkODMU,人生のドラマTV,「親がヤクザ？呼んでみろ」と調子に乗るいじめっ子。5分後、黒塗りの高級車と共に全組員が集結して...,447984,existing,E:\Data\ObsidianVault\02_Channels\シニア朗読\競合リサーチ\サムネ企画検索ポータル_20260605\thumbnail_assets\C4dBttkODMU.jpg,249878,
f_jifo1bmLQ,人生のドラマTV,農家だからと結婚破棄された男、貧乏な女子学生に100万円の指輪をねだられあげた結果...,445852,existing,E:\Data\ObsidianVault\02_Channels\シニア朗読\競合リサーチ\サムネ企画検索ポータル_20260605\thumbnail_assets\f_jifo1bmLQ.jpg,202192,
DOhszLJearo,人生は贈り物,「この子、気味が悪いのよ」と親戚に捨てられた少女 → 実はIQ200の天才だった結果...,444180,existing,E:\Data\ObsidianVault\02_Channels\シニア朗読\競合リサーチ\サムネ企画検索ポータル_20260605\thumbnail_assets\DOhszLJearo.jpg,242252,
BO_lwuz-xIo,人生劇場放送局,【スカッと】「片親育ちの貧乏人w」合コンで嘲笑された俺。「じゃ、預金移すね」頭取の娘「どうぞｗ」結果   。【シニア】,437973,existing,E:\Data\ObsidianVault\02_Channels\シニア朗読\競合リサーチ\サムネ企画検索ポータル_20260605\thumbnail_assets\BO_lwuz-xIo.jpg,224841,
AyAQx0h1lsQ,人生のドラマTV,貧乏な青年に弁当をあげた女子高生。4年後、彼女のピンチに駆けつけたのは...,420632,existing,E:\Data\ObsidianVault\02_Channels\シニア朗読\競合リサーチ\サムネ企画検索ポータル_20260605\thumbnail_assets\AyAQx0h1lsQ.jpg,266586,
49LAgeuhw8s,人生のドラマTV,「君は一体何者なんだ...?」アメリカの有名IT企業で疎まれていた日本人の少女。しかし、サイバー攻撃を受け、少女がパソコンの前に座ると3秒後..！,418492,existing,E:\Data\ObsidianVault\02_Channels\シニア朗読\競合リサーチ\サムネ企画検索ポータル_20260605\thumbnail_assets\49LAgeuhw8s.jpg,268582,
2kWgcvuERwc,感動スカっと人生録,老人を助けて3分遅刻。上司に罵倒された翌日→会社に黒塗りの車が…,416342,,,0,db_thumbnail_url: HTTPError
W6_dtLqzuFw,人生は七色,「ババアが出しゃばるな！」雇われ通訳のおばさんが天才バイオリニスト少女の代役で演奏した結果…観客から拍手喝采！【感動】,411728,existing,E:\Data\ObsidianVault\02_Channels\シニア朗読\競合リサーチ\サムネ企画検索ポータル_20260605\thumbnail_assets\W6_dtLqzuFw.jpg,158126,
epOocmTkS_4,人生色々TV,俺は再建するため借金まみれの工場へ…何も知らなかった俺が、そこで出会ったのがまさかの人でした…,407106,existing,E:\Data\ObsidianVault\02_Channels\シニア朗読\競合リサーチ\サムネ企画検索ポータル_20260605\thumbnail_assets\epOocmTkS_4.jpg,216257,
5ACRqrpQW0c,人生のドラマTV,万引きしたお爺さんを助けたシングルマザーの店員。後日、スーパーに老人が現れるとその正体に驚いた...,404800,existing,E:\Data\ObsidianVault\02_Channels\シニア朗読\競合リサーチ\サムネ企画検索ポータル_20260605\thumbnail_assets\5ACRqrpQW0c.jpg,277291,
5tDUmw8FQ8A,人生は贈り物,ヤクザの命を救った13歳の極貧少女 → １週間後、母の入院する病院に黒塗りの高級車が集結した・・・【感動する話】,403912,existing,E:\Data\ObsidianVault\02_Channels\シニア朗読\競合リサーチ\サムネ企画検索ポータル_20260605\thumbnail_assets\5tDUmw8FQ8A.jpg,250819,
A7taoTdToKE,人生は100年,廃業寸前のラーメン屋にボロボロの双子が来店「50円でスープだけ飲ませてください」大将「大盛り2つどうぞ！」→20年後、双子「お久しぶりです」実はこの子達…【感動する話】,399139,existing,E:\Data\ObsidianVault\02_Channels\シニア朗読\競合リサーチ\サムネ企画検索ポータル_20260605\thumbnail_assets\A7taoTdToKE.jpg,151647,
NkSvJgOIc6g,人生逆転ドラマシアター,「旦那がヤクザ？脅してるつもり？呼んでみなさいよ」同窓会で元いじめっ子の社長夫人にネタにされた私（60歳）「呼びますね」3分後、50台の黒塗り高級車,391136,,,0,db_thumbnail_url: HTTPError
Gv271RQeZmQ,人生逆転ストーリー,「中卒くん、英語で何かしゃべってみろよ」エリート部長に見下された契約社員　海外VIPの前で放った一言で会議室が凍りつく,386665,,,0,db_thumbnail_url: HTTPError
GGpbuWW8zN8,涙のひととき,【感動する話】かつて貧乏だった俺に手作り弁当を毎日作ってきてくれた同級生→15年後、社長になった俺がボロボロの彼女と再会した結果,381345,existing,E:\Data\ObsidianVault\02_Channels\シニア朗読\競合リサーチ\サムネ企画検索ポータル_20260605\thumbnail_assets\GGpbuWW8zN8.jpg,238035,
o_Oy0GEdL6A,人生のシナリオ,借金5000万円。明日差し押さえられるラーメン屋にヤクザの客「財布忘れた」→18歳の店主がラーメンを御馳走した結果…【感動する話】,380917,existing,E:\Data\ObsidianVault\02_Channels\シニア朗読\競合リサーチ\サムネ企画検索ポータル_20260605\thumbnail_assets\o_Oy0GEdL6A.jpg,247778,
FVwsA55lfL4,人生は100年,廃業寸前の寿司屋→雨の日、大量の魚を押し売りに来た母親「新鮮な魚なんです」50ケース300万円で買い取った結果【感動する話】,380448,existing,E:\Data\ObsidianVault\02_Channels\シニア朗読\競合リサーチ\サムネ企画検索ポータル_20260605\thumbnail_assets\FVwsA55lfL4.jpg,278567,
CCdN8PxJWro,人生ドラマ館,「中卒ギャルがピアノ弾けるの？w」幼馴染の結婚式で無茶振りされたギャル→最初の1音で、会場の空気が凍りついた…,378397,existing,E:\Data\ObsidianVault\02_Channels\シニア朗読\競合リサーチ\サムネ企画検索ポータル_20260605\thumbnail_assets\CCdN8PxJWro.jpg,153252,
DqOs-6AvKZ4,人生の裏側,廃業寸前の整備士が、道端で困っていたヤクザの車を無償修理。翌週、黒塗りの高級車が工場に現れて…【感動する話】,372629,existing,E:\Data\ObsidianVault\02_Channels\シニア朗読\競合リサーチ\サムネ企画検索ポータル_20260605\thumbnail_assets\DqOs-6AvKZ4.jpg,210917,
I51wzKXd_go,人生劇場放送局,【スカッと】初出勤5分で解雇された施設育ちの新人行員。翌日、5500億が消滅し支店長が顔面蒼白に...。【シニア】,368712,existing,E:\Data\ObsidianVault\02_Channels\シニア朗読\競合リサーチ\サムネ企画検索ポータル_20260605\thumbnail_assets\I51wzKXd_go.jpg,236530,
kXbgxfaEXNQ,人生のドラマTV,「クビになっちゃった」不当に解雇された派遣の女性。仲の良かった窓際のおじさんがついに本気を出した...,368156,existing,E:\Data\ObsidianVault\02_Channels\シニア朗読\競合リサーチ\サムネ企画検索ポータル_20260605\thumbnail_assets\kXbgxfaEXNQ.jpg,217382,
g94OqLTKsro,人生のシナリオ,「この飛行機を止めてください」中卒24歳の清掃係は嘲笑された→翌朝、航空整備工場で前代未聞の…【感動する話】,366194,existing,E:\Data\ObsidianVault\02_Channels\シニア朗読\競合リサーチ\サムネ企画検索ポータル_20260605\thumbnail_assets\g94OqLTKsro.jpg,213862,
B22VB3PnUlI,人生は100年,100円しかない老婆に蕎麦をごちそうしたら、閉店寸前の蕎麦屋がとんでもないことになった【感動する話】,364667,existing,E:\Data\ObsidianVault\02_Channels\シニア朗読\競合リサーチ\サムネ企画検索ポータル_20260605\thumbnail_assets\B22VB3PnUlI.jpg,155090,
tLsG8maNYNk,面白きかな人生,「小銭なんか持ってくんな」エリート銀行員に笑われた老夫婦…翌朝“3000億円”をライバル銀行に移した結果【面白きかな人生】,362504,existing,E:\Data\ObsidianVault\02_Channels\シニア朗読\競合リサーチ\サムネ企画検索ポータル_20260605\thumbnail_assets\tLsG8maNYNk.jpg,202832,
I_FLM10j9Ng,人生ドラマ館,6年間いじめられ続けた貧乏高校生。高校最後の日に、いじめっ子に強烈な仕返しをする！,360314,existing,E:\Data\ObsidianVault\02_Channels\シニア朗読\競合リサーチ\サムネ企画検索ポータル_20260605\thumbnail_assets\I_FLM10j9Ng.jpg,175474,
icPdavCb3Xo,人生は贈り物,「ママを助けて！！」ヤクザ事務所に飛び込んできた双子姉妹 → 駆け付けた若頭が見た母親の衝撃の現実とは・・・　【感動する話】,359240,existing,E:\Data\ObsidianVault\02_Channels\シニア朗読\競合リサーチ\サムネ企画検索ポータル_20260605\thumbnail_assets\icPdavCb3Xo.jpg,247121,
1pAJXOU7CnM,人生逆転ストーリー,『君のお母さんの名前は、もしかして——』大企業の会長が知らずに面接していたのは、25年前に別れた“初恋の人”の娘だった,358669,,,0,db_thumbnail_url: HTTPError
7QMiI5_Xuzo,人生のドラマTV,街で苦しんでいるお婆さんに全財産3000円を渡した貧乏な女子学生。次の日、学校の前に黒塗りの高級車が現れて...,355719,existing,E:\Data\ObsidianVault\02_Channels\シニア朗読\競合リサーチ\サムネ企画検索ポータル_20260605\thumbnail_assets\7QMiI5_Xuzo.jpg,244150,
s8qb569YDE8,人生ドラマTV,理事長だと知らずに話し相手になった看護助手。翌日、クビを言い渡されたその理由に涙が止まらない,355006,existing,E:\Data\ObsidianVault\02_Channels\シニア朗読\競合リサーチ\サムネ企画検索ポータル_20260605\thumbnail_assets\s8qb569YDE8.jpg,149913,
N9MJPuRLilw,人生は100年,真冬の夜、図書館の裏で野宿する貧乏親子→妻子を亡くし絶望していた図書館司書の男性が声をかけた結果…【感動する話】,354815,existing,E:\Data\ObsidianVault\02_Channels\シニア朗読\競合リサーチ\サムネ企画検索ポータル_20260605\thumbnail_assets\N9MJPuRLilw.jpg,193482,
PCOpmscTX6Q,人生色々TV,「いいさ、食っていきなよ」財布を忘れた老夫婦にタダで握った寿司屋大将…翌朝、重機が店を全てぶっ壊した…,349540,existing,E:\Data\ObsidianVault\02_Channels\シニア朗読\競合リサーチ\サムネ企画検索ポータル_20260605\thumbnail_assets\PCOpmscTX6Q.jpg,220174,
zrMmq2qMfAw,人生は七色,"「日本の皆さんありがとう…」サッカーで日本に惨敗したチェコ代表。その時、小学生が取った""ある行動""に世界が涙した理由【感動】",348045,existing,E:\Data\ObsidianVault\02_Channels\シニア朗読\競合リサーチ\サムネ企画検索ポータル_20260605\thumbnail_assets\zrMmq2qMfAw.jpg,191363,
O0w7MXyKzEM,人生劇場放送局,【スカッと】「他銀に変える？どうぞw」融資を断られた老人。翌日、頭取「30兆円が消えた！」銀行が大惨事【シニア】,342335,existing,E:\Data\ObsidianVault\02_Channels\シニア朗読\競合リサーチ\サムネ企画検索ポータル_20260605\thumbnail_assets\O0w7MXyKzEM.jpg,146676,
DKCeYZn1gLk,人生のドラマTV,ヤクザ事務所にピザを注文するボロボロの少女。5分後→大量の部下をお届けした結果...,340632,existing,E:\Data\ObsidianVault\02_Channels\シニア朗読\競合リサーチ\サムネ企画検索ポータル_20260605\thumbnail_assets\DKCeYZn1gLk.jpg,238012,
OADy0Sb5_EA,感動スカっと人生録,「中卒がピアノ？」重役の前に晒された26歳OL…最初の1音で、会場が凍りついた,340348,,,0,db_thumbnail_url: HTTPError
ddz7lmxFuYU,感動スカっと人生録,「明日から無職...」の派遣社員。倒れた老人を助けた翌朝、会社から着信が...,337753,,,0,db_thumbnail_url: HTTPError
1vm9KjlTZr0,人生を紡ぐ,極寒の夜、親から捨てられ一人彷徨うボロボロ少女→実家に連れ帰り、保護した結果…【感動する話】,336727,existing,E:\Data\ObsidianVault\02_Channels\シニア朗読\競合リサーチ\サムネ企画検索ポータル_20260605\thumbnail_assets\1vm9KjlTZr0.jpg,218919,
X6kcqfstE2E,人生のドラマTV,「貧乏人は店に来るな」高級寿司店で嘲笑された老人。しかし、唯一女性職人だけがお寿司をごちそうした。後日、店の前に大型トラックが次々と集まり...,336532,existing,E:\Data\ObsidianVault\02_Channels\シニア朗読\競合リサーチ\サムネ企画検索ポータル_20260605\thumbnail_assets\X6kcqfstE2E.jpg,244838,
w_N7kxsW9-k,仁義と人生の部屋,母のためにヤクザにお金を借りようとした貧乏な少女「お金を貸してください」→翌日、少女の家の前に黒塗りの高級車が現れ…【スカッとする話】,327112,existing,E:\Data\ObsidianVault\02_Channels\シニア朗読\競合リサーチ\サムネ企画検索ポータル_20260605\thumbnail_assets\w_N7kxsW9-k.jpg,247841,
q2V2EWKZZpY,感動スカっと人生録,歩道橋で妊婦を助け大事な商談に遅れたOL―数日後、電話が鳴りやまず…,326031,,,0,db_thumbnail_url: HTTPError
ximGlXdyBxI,人生は100年,家賃も払えない大赤字の定食屋にボロボロの少女が来店「100円でコロッケ1ついただけませんか？」ハンバーグ定食をご馳走し満腹になった少女→後日、黒い高級車が次々に現れて…【感動する話】,322217,existing,E:\Data\ObsidianVault\02_Channels\シニア朗読\競合リサーチ\サムネ企画検索ポータル_20260605\thumbnail_assets\ximGlXdyBxI.jpg,158116,
nOupZEY_9oE,人生は100年,13年間、一度も「お父さん」と呼ばなかった娘。卒業式の壇上で用意した答辞の原稿を畳み→「私にはお父さんが2人います」【感動する話】,320540,existing,E:\Data\ObsidianVault\02_Channels\シニア朗読\競合リサーチ\サムネ企画検索ポータル_20260605\thumbnail_assets\nOupZEY_9oE.jpg,179395,
GrdkYqIH1bU,人生は100年,「とにかく入っていきな！」廃業寸前の60歳銭湯主が「100円デー」と咄嗟の嘘で救った母と娘...お店の立ち退き当日、まさかの出来事に…【感動する話】,319920,existing,E:\Data\ObsidianVault\02_Channels\シニア朗読\競合リサーチ\サムネ企画検索ポータル_20260605\thumbnail_assets\GrdkYqIH1bU.jpg,144752,
AqiwDY9Bog0,人生は100年,全身ずぶ濡れで震える母子が廃業寸前の温泉宿で「娘だけでも100円で一晩泊めてください」「金なんかいらない、中に入りな！」→3ヶ月後、まさかの出来事に…【感動する話】,318546,existing,E:\Data\ObsidianVault\02_Channels\シニア朗読\競合リサーチ\サムネ企画検索ポータル_20260605\thumbnail_assets\AqiwDY9Bog0.jpg,190151,
4YnAlfgZBo4,人生は100年,「何もしないから」酔いつぶれたキャバ嬢を家に泊めた37歳の冴えない男→2年後、まさか自分がこうなるとは思っていなかった【感動する話】,313655,existing,E:\Data\ObsidianVault\02_Channels\シニア朗読\競合リサーチ\サムネ企画検索ポータル_20260605\thumbnail_assets\4YnAlfgZBo4.jpg,187668,
1umWuryAY1g,人生の輝き,「私の父は頭取よ？悔しいなら会長でも呼んでみなさいよ」と銀行員に見下された清掃員の女性。「…わかりました」と即電話をかけた結果…,310225,,,0,db_thumbnail_url: HTTPError
1OtDznIewgM,人生は贈り物,「かけうどん１つください・・・」廃業寸前のうどん屋に赤子を抱えたボロボロ女性 → 住み込みで雇った結果　【感動する話】,306837,existing,E:\Data\ObsidianVault\02_Channels\シニア朗読\競合リサーチ\サムネ企画検索ポータル_20260605\thumbnail_assets\1OtDznIewgM.jpg,287318,
zx-zD32urzI,仁義と人生の部屋,「おじいちゃん呼んでみろw」ぼったくりバーで恐喝された孫娘「呼びますよ...？」→5分後、引退した元組長が現れ、半グレたちが凍りつく【スカッとする話】,302827,existing,E:\Data\ObsidianVault\02_Channels\シニア朗読\競合リサーチ\サムネ企画検索ポータル_20260605\thumbnail_assets\zx-zD32urzI.jpg,243251,
SOn9f3FQTt4,人生は七色,「皿洗いの日本ババアが出しゃばるな！」53歳の日本人女性に罵声を浴びせた本場スペイン人の料理人。しかし彼女は30年間、老舗旅館を支えた伝説の女将だった,300593,existing,E:\Data\ObsidianVault\02_Channels\シニア朗読\競合リサーチ\サムネ企画検索ポータル_20260605\thumbnail_assets\SOn9f3FQTt4.jpg,293538,
8fRlMQXH2VM,静かなる英雄たち,「邪魔だ、今月で辞めてもらう」高級料亭で蔑まれた皿洗いのおばあさん。だが100人の宴会で厨房が崩壊したとき、「——私が、やります」 彼女が厨房に立った瞬間、全員が息を呑んだーー。,299812,existing,E:\Data\ObsidianVault\02_Channels\シニア朗読\競合リサーチ\サムネ企画検索ポータル_20260605\thumbnail_assets\8fRlMQXH2VM.jpg,190389,
-ShGoQrG6Ok,人生ドラマTV,社長の息子は学年ビリ。ホームレスが教えた結果...京都大学に合格！息子もホームレスも人生激変の感動物語【ビリギャル京大】,298958,existing,E:\Data\ObsidianVault\02_Channels\シニア朗読\競合リサーチ\サムネ企画検索ポータル_20260605\thumbnail_assets\-ShGoQrG6Ok.jpg,249466,
LN2CGYOjFfw,人生は100年,息子が働く会社で清掃員をする母。ある日社長令嬢にバケツの汚水をかけてしまい社長室に呼び出され→クビを覚悟で息子と部屋に入ると社長令嬢「ずっと探してました」「え？」【感動する話】,298080,existing,E:\Data\ObsidianVault\02_Channels\シニア朗読\競合リサーチ\サムネ企画検索ポータル_20260605\thumbnail_assets\LN2CGYOjFfw.jpg,173156,
qavQculuLww,人生ドラマ,病院の清掃員おばあさんが外国人医師に近づくと全員が嘲笑いました。しかしたった3秒後、息を呑む大逆転が繰り広げられましたㅣ老後物語ㅣ老後の知恵ㅣ老年の人生ㅣ幸せな晩年ㅣオーディオブック,297891,existing,E:\Data\ObsidianVault\02_Channels\シニア朗読\競合リサーチ\サムネ企画検索ポータル_20260605\thumbnail_assets\qavQculuLww.jpg,177867,
gaVDmO-jGC0,人生劇場放送局,【スカッと】「親呼んでみろw」歓迎会で新人を見下す部長。「お父さん、部下が呼んでるよ」→部長「え？」【シニア】,296776,existing,E:\Data\ObsidianVault\02_Channels\シニア朗読\競合リサーチ\サムネ企画検索ポータル_20260605\thumbnail_assets\gaVDmO-jGC0.jpg,215864,
J51p4Q4GYEc,人生色々TV,彼女の人生がまさかの事態となりました…,296480,existing,E:\Data\ObsidianVault\02_Channels\シニア朗読\競合リサーチ\サムネ企画検索ポータル_20260605\thumbnail_assets\J51p4Q4GYEc.jpg,207389,
QObl9oSP5bQ,人生のドラマTV,「500円で助けてください」破門されたヤクザに全財産を渡した貧乏な小学生。次の日、少女の前に黒塗りの高級車が続々と現れて...,294186,existing,E:\Data\ObsidianVault\02_Channels\シニア朗読\競合リサーチ\サムネ企画検索ポータル_20260605\thumbnail_assets\QObl9oSP5bQ.jpg,235220,
NSoxsoRWXUY,人生は100年,15歳で両親を亡くし7歳の弟を抱えて町工場で働き始めた青年→25年後「製造数ワースト」で左遷された先の廃業寸前の工場がV字回復「お前さん…何者だ」【感動する話】,293263,existing,E:\Data\ObsidianVault\02_Channels\シニア朗読\競合リサーチ\サムネ企画検索ポータル_20260605\thumbnail_assets\NSoxsoRWXUY.jpg,157030,
yMBASpB64JM,人生は100年,「一番安いの、何？」閉店30分前、650円が払えず出て行こうとした金髪の少女を廃業寸前の食堂を営む俺が引き取った結果…【感動する話】,291208,existing,E:\Data\ObsidianVault\02_Channels\シニア朗読\競合リサーチ\サムネ企画検索ポータル_20260605\thumbnail_assets\yMBASpB64JM.jpg,188422,
6gnVg37hE1c,人生のシナリオ,難病の娘を支える40歳男性。21社連続で不採用になり22社目の面接に向かう電車内で車椅子の女性を助けた結果…【感動する話】,289534,existing,E:\Data\ObsidianVault\02_Channels\シニア朗読\競合リサーチ\サムネ企画検索ポータル_20260605\thumbnail_assets\6gnVg37hE1c.jpg,213689,
nRIWtaxav3Y,人生色々TV,そして、通報で警察官が駆けつけると…ある人物を連れていきました・・・,287856,existing,E:\Data\ObsidianVault\02_Channels\シニア朗読\競合リサーチ\サムネ企画検索ポータル_20260605\thumbnail_assets\nRIWtaxav3Y.jpg,221275,
OI7sfoEquDM,人生は贈り物,極寒の夜、雪を食べて飢えをしのぐボロボロの姉妹  → 廃業寸前の旅館店主が保護した結果　【感動する話】,285024,existing,E:\Data\ObsidianVault\02_Channels\シニア朗読\競合リサーチ\サムネ企画検索ポータル_20260605\thumbnail_assets\OI7sfoEquDM.jpg,264063,
dy-txXYc8-0,お茶の間TV 〈スカッと感動〉,倒れたヤクザに手を差し伸べた貧乏な少女。翌日、家の前に黒塗りの高級車が30台現れ...【スカッとする話・感動】,284081,existing,E:\Data\ObsidianVault\02_Channels\シニア朗読\競合リサーチ\サムネ企画検索ポータル_20260605\thumbnail_assets\dy-txXYc8-0.jpg,154797,
tDPuOadQEp0,人生のシナリオ,【デコトラの仁義】廃業寸前のドライブインで一人働く娘が、追われた男にカツ丼を出した→夜明け、駐車場が100台のデコトラで埋め尽くされ…【感動する話】,276628,existing,E:\Data\ObsidianVault\02_Channels\シニア朗読\競合リサーチ\サムネ企画検索ポータル_20260605\thumbnail_assets\tDPuOadQEp0.jpg,309163,
W59o7qKLW08,人生のシナリオ,屋台のラーメン屋でヤクザに絡まれた20歳の店主。助けた常連客が見せた驚愕の正体とは…,275030,existing,E:\Data\ObsidianVault\02_Channels\シニア朗読\競合リサーチ\サムネ企画検索ポータル_20260605\thumbnail_assets\W59o7qKLW08.jpg,155551,
x9qiRp3gIxI,人生のドラマTV,「組長呼べや」と普段だらしない父がヤクザを一喝。父の恐ろしい正体とは...,274630,existing,E:\Data\ObsidianVault\02_Channels\シニア朗読\競合リサーチ\サムネ企画検索ポータル_20260605\thumbnail_assets\x9qiRp3gIxI.jpg,273313,
7Ck8pIMIxb4,人生は七色,「町工場のジジイに飛行機が直せるわけない！」航空ショー直前に笑われた老人。だが彼は戦闘機エンジニアだった…,273882,existing,E:\Data\ObsidianVault\02_Channels\シニア朗読\競合リサーチ\サムネ企画検索ポータル_20260605\thumbnail_assets\7Ck8pIMIxb4.jpg,267503,
mSw_YDC9KC4,人生ドラマ座,IQ200の少女が年商4兆円の特許保有者と知らない新社長。「容姿だけの高卒はクビ」と見下し即解雇。翌朝、技術停止宣告しライバル社へ電撃転職！前社は即破産し業界追放された新社長は泣きつく,271766,existing,E:\Data\ObsidianVault\02_Channels\シニア朗読\競合リサーチ\サムネ企画検索ポータル_20260605\thumbnail_assets\mSw_YDC9KC4.jpg,174837,
2mxhUgLDYSs,面白きかな人生,「ジャマなんだよ！」と掃除中に蹴られた70歳の清掃員のおばあさん。翌朝、全役員100名に号令！蹴った男が震える…【面白きかな人生】,270095,existing,E:\Data\ObsidianVault\02_Channels\シニア朗読\競合リサーチ\サムネ企画検索ポータル_20260605\thumbnail_assets\2mxhUgLDYSs.jpg,181768,
3YSCbsgVrVE,人生逆転ストーリー,「中卒のくせに逆らうからよ」東大卒女社長にクビにされた67歳嘱託社員──翌日、300億契約が消滅し会長が土下座！,269146,,,0,db_thumbnail_url: HTTPError
gb4MYU0CqwM,人生のドラマTV,同窓会で暴れる半グレは知らなかった。目の前の男がヤクザの組長だということを...,268433,existing,E:\Data\ObsidianVault\02_Channels\シニア朗読\競合リサーチ\サムネ企画検索ポータル_20260605\thumbnail_assets\gb4MYU0CqwM.jpg,255974,
9oYVL6pKixY,人生のシナリオ,地方銀行で「臭いから帰れ」と門前払いされたお婆さん。翌日、彼女がスーツ姿で現れ…,266854,existing,E:\Data\ObsidianVault\02_Channels\シニア朗読\競合リサーチ\サムネ企画検索ポータル_20260605\thumbnail_assets\9oYVL6pKixY.jpg,171420,
UPPCxtMo_Tc,人生色々TV,障害を持つ息子に暴言を吐かれた…次の瞬間、バス運転手が「降りてください」「はっ？何で(怒)」いったい何が・・・,261804,existing,E:\Data\ObsidianVault\02_Channels\シニア朗読\競合リサーチ\サムネ企画検索ポータル_20260605\thumbnail_assets\UPPCxtMo_Tc.jpg,230094,
HwbdgYPxgwY,静かなる英雄たち,「そんなボロ車で」高級ホテル駐車場で追い返された老夫婦。だが30分後、支配人が凍りついた――。,261005,existing,E:\Data\ObsidianVault\02_Channels\シニア朗読\競合リサーチ\サムネ企画検索ポータル_20260605\thumbnail_assets\HwbdgYPxgwY.jpg,215876,
ektSFDcFiVI,静かなる英雄たち,「お帰りください」高級時計店で追い返された老夫婦。そのとき現れた常連の重役が老人に深々と頭を下げると――。,260497,existing,E:\Data\ObsidianVault\02_Channels\シニア朗読\競合リサーチ\サムネ企画検索ポータル_20260605\thumbnail_assets\ektSFDcFiVI.jpg,174654,
vIA0CAjArHE,人生逆転ドラマシアター,中学の同窓会で中卒の老人を嘲笑した大手銀行員「1万円でいいから預けろよw」──翌日、支店が凍りついた理由,258905,,,0,db_thumbnail_url: HTTPError
bwYIBm21NHc,静かなる英雄たち,「廃棄分だから持ってけ」潰れかけた俺に毎晩弁当をくれたヤンキーの少女。15年後、社食で「パートの分際で勝手なことすんな」と蔑まれる彼女に恩返しした結果…,258809,existing,E:\Data\ObsidianVault\02_Channels\シニア朗読\競合リサーチ\サムネ企画検索ポータル_20260605\thumbnail_assets\bwYIBm21NHc.jpg,180409,
Q7Wug0vxASM,静かなる英雄たち,『お帰りください』高級マンションの内覧会で追い返された老夫婦。その10分後、不動産担当が凍りついた——。,257159,existing,E:\Data\ObsidianVault\02_Channels\シニア朗読\競合リサーチ\サムネ企画検索ポータル_20260605\thumbnail_assets\Q7Wug0vxASM.jpg,225514,
1lpwD3pvRqg,人生劇場放送局,【スカッと】「他銀へ変える？どうぞどうぞw」「では、移します」→５秒毎に１０億円が送金され...。【シニア】,255846,existing,E:\Data\ObsidianVault\02_Channels\シニア朗読\競合リサーチ\サムネ企画検索ポータル_20260605\thumbnail_assets\1lpwD3pvRqg.jpg,205255,
SnY8Ck9vHSo,人生は七色,「低俗な人種」と軽視された日本人清掃婦、次の瞬間…彼女の一言で会社が倒産に追い込まれた,255733,existing,E:\Data\ObsidianVault\02_Channels\シニア朗読\競合リサーチ\サムネ企画検索ポータル_20260605\thumbnail_assets\SnY8Ck9vHSo.jpg,242784,
V8cX1blvtnQ,人生の温もり,「おじさん、弟と遠くに行きます」→雪の日、ベンチに残された手紙…58歳のバス運転手が3年間タダで乗せた姉弟は突然消えた…20年後、玄関の前にバスが止まった【感動する話】,254472,existing,E:\Data\ObsidianVault\02_Channels\シニア朗読\競合リサーチ\サムネ企画検索ポータル_20260605\thumbnail_assets\V8cX1blvtnQ.jpg,314426,
gncKTwrJLfY,人生は100年,リストラ候補のサラリーマンが職場近くのボロボロの弁当屋にたまたま寄ったらとてもおいしくて常連に→後日、取引先の会長におすすめしたら「明日、私の会社に来て欲しい」真相を知った結果…【感動する話】,249839,existing,E:\Data\ObsidianVault\02_Channels\シニア朗読\競合リサーチ\サムネ企画検索ポータル_20260605\thumbnail_assets\gncKTwrJLfY.jpg,219499,
aQRAvKeIsls,お茶の間TV 〈スカッと感動〉,ヤクザ組長の娘と知らず、頭にコーヒーをぶっかけるボスママ。「悔しい？ヤクザには逆らえないよねw」私「確かめてみます？」ママ友が凍りつく【スカッとする話】,249352,existing,E:\Data\ObsidianVault\02_Channels\シニア朗読\競合リサーチ\サムネ企画検索ポータル_20260605\thumbnail_assets\aQRAvKeIsls.jpg,145804,
SqMYtHln3bM,人生は100年,家賃3ヶ月滞納のコロッケ屋を経営する俺。東大卒の同級生が挫折して「私には価値がない…」と自信を失い地元に戻ってきたので雇ったら→廃業寸前のお店がとんでもないことに…【感動する話】,246536,existing,E:\Data\ObsidianVault\02_Channels\シニア朗読\競合リサーチ\サムネ企画検索ポータル_20260605\thumbnail_assets\SqMYtHln3bM.jpg,221014,
ONtRl3VrzPI,人生劇場放送局,【スカッと】頭取だと知らず、話し相手になった貧乏銀行員。翌朝、突然解雇を言い渡され…。【シニア】,246471,existing,E:\Data\ObsidianVault\02_Channels\シニア朗読\競合リサーチ\サムネ企画検索ポータル_20260605\thumbnail_assets\ONtRl3VrzPI.jpg,200144,
y9RhVgGLREo,人生は100年,吹雪の中、高級焼肉店に親子が来店し「10円しかなくて」「貧乏人は帰れ」→直後、廃業寸前の65歳の焼肉店の店主「いっぱい食べてね」【感動する話】,246272,existing,E:\Data\ObsidianVault\02_Channels\シニア朗読\競合リサーチ\サムネ企画検索ポータル_20260605\thumbnail_assets\y9RhVgGLREo.jpg,197109,
N5GVaiL11FU,潮見組　人情列伝,「組長さん、車の下に盗聴器が」貧乏整備士の少年が差し出した一枚のメモで人生を大きく変える展開に【感動する話】,246152,existing,E:\Data\ObsidianVault\02_Channels\シニア朗読\競合リサーチ\サムネ企画検索ポータル_20260605\thumbnail_assets\N5GVaiL11FU.jpg,310849,
bSMbfhdiLHo,人生のドラマTV,「お礼は私でいいですか？」300食の弁当を突然キャンセルされたシングルマザー。たまたま通りかかった貧乏な老人が「ちょうどよかった！」と全部買い取った結果。,237589,existing,E:\Data\ObsidianVault\02_Channels\シニア朗読\競合リサーチ\サムネ企画検索ポータル_20260605\thumbnail_assets\bSMbfhdiLHo.jpg,195373,
KLvwmO1piMM,人生は100年,入社20年目、クレーム係に飛ばされて16年間窓際社員の俺。本社のエリート女上司に2日で仕上げた資料を渡すと「あなたがなぜ平社員なの？」→その後、まさかの展開に営業部長の顔が真っ青に…【感動する話】,234001,existing,E:\Data\ObsidianVault\02_Channels\シニア朗読\競合リサーチ\サムネ企画検索ポータル_20260605\thumbnail_assets\KLvwmO1piMM.jpg,193919,
mQLj6M1pez0,人生劇場放送局,【スカッと】「底辺育ちの貧乏人w」お見合いで見下された俺。「口座解約します」頭取「どうぞどうぞ！」結果...【シニア】,232493,existing,E:\Data\ObsidianVault\02_Channels\シニア朗読\競合リサーチ\サムネ企画検索ポータル_20260605\thumbnail_assets\mQLj6M1pez0.jpg,250639,
W6ORiKV8U50,人生のドラマTV,フランスの超高級レストランで皿洗いする70代女性、バカにされた彼女がゴミ箱に捨てられた食材を調理すると....,231184,existing,E:\Data\ObsidianVault\02_Channels\シニア朗読\競合リサーチ\サムネ企画検索ポータル_20260605\thumbnail_assets\W6ORiKV8U50.jpg,236532,
26C94S2qTEc,人生のドラマTV,財布を盗まれたお爺さんに大事な500円を渡した貧乏な少女。翌日、彼女の前に黒塗りの高級車が続々と現れて...,229865,existing,E:\Data\ObsidianVault\02_Channels\シニア朗読\競合リサーチ\サムネ企画検索ポータル_20260605\thumbnail_assets\26C94S2qTEc.jpg,233338,
mG7GfqajG1I,人生は100年,廃業寸前の寿司屋に汚れた服の少女が来店「100円で食べられますか？」→店主「今日はおじちゃんの奢りだ」後日、店の前に黒塗りの車がズラリと並び…【感動する話】,228652,existing,E:\Data\ObsidianVault\02_Channels\シニア朗読\競合リサーチ\サムネ企画検索ポータル_20260605\thumbnail_assets\mG7GfqajG1I.jpg,163298,
Gm9wXKhEnPE,人生のドラマTV,「お前じゃ無理！」全員に虐められたキャバ嬢が、流暢なアラビア語を口にした瞬間...,228368,existing,E:\Data\ObsidianVault\02_Channels\シニア朗読\競合リサーチ\サムネ企画検索ポータル_20260605\thumbnail_assets\Gm9wXKhEnPE.jpg,283965,
i9FdHqdj4wQ,人生色々TV,遠足で少女が持ってきたお弁当を見た先生がその場で泣き崩れた…その理由が•••,226669,existing,E:\Data\ObsidianVault\02_Channels\シニア朗読\競合リサーチ\サムネ企画検索ポータル_20260605\thumbnail_assets\i9FdHqdj4wQ.jpg,166944,
6cFdpcVtB4U,人生ドラマTV,「これは詐欺です」皿洗いの女性がアラビア語で解説！アラブ王族の歴史と75億円詐欺から救う【感動する話】,223580,existing,E:\Data\ObsidianVault\02_Channels\シニア朗読\競合リサーチ\サムネ企画検索ポータル_20260605\thumbnail_assets\6cFdpcVtB4U.jpg,238420,
EzAAaPtuuuM,人生は100年,土砂降りの夜、全タクシーに拒否された泥だらけの老人を受け入れて缶コーヒーを渡した女性運転手。翌日クビにされ泣き崩れていると、5台の黒塗りの車が営業所に現れて…【感動する話】,220691,existing,E:\Data\ObsidianVault\02_Channels\シニア朗読\競合リサーチ\サムネ企画検索ポータル_20260605\thumbnail_assets\EzAAaPtuuuM.jpg,223295,
GEJj9VEFbrM,人生の輝き,「親の顔が見てみたいわw」人事部長に侮辱された清掃員「…では内線1番に繋いでください」出た相手は会長だった…,219559,,,0,db_thumbnail_url: HTTPError
W2Naiil0svY,人生ドラマ館,｢パパは警備員です｣授業でゲラゲラ笑われる女子高生。その後，現れたスーツの老人の一言に全員が真っ青になる…,218897,existing,E:\Data\ObsidianVault\02_Channels\シニア朗読\競合リサーチ\サムネ企画検索ポータル_20260605\thumbnail_assets\W2Naiil0svY.jpg,143703,
ysjITFsvXH0,人生は100年,会社の上司に裏切られホームレスになった男性が公園で泣いている少年に勉強を教えてあげたら→3週間後、黒塗りの高級車が現れて…【感動する話】,218775,existing,E:\Data\ObsidianVault\02_Channels\シニア朗読\競合リサーチ\サムネ企画検索ポータル_20260605\thumbnail_assets\ysjITFsvXH0.jpg,201093,
l0J4ocSLyig,人生色々TV,「いいから食いな」500円しかない汚れた母娘…10年後、浮浪者となった大将の前に現れたのは・・・,218004,existing,E:\Data\ObsidianVault\02_Channels\シニア朗読\競合リサーチ\サムネ企画検索ポータル_20260605\thumbnail_assets\l0J4ocSLyig.jpg,179727,
TrrIqlTuf2c,人生の輝き,心肺停止の老人を助けて受験に間に合わなかった女子高生。「不合格です」直後、黒塗りの高級車が現れて…,217321,,,0,db_thumbnail_url: HTTPError
k_YLLWLrYlg,お茶の間TV 〈スカッと感動〉,料亭で仲居として働く私「50万円です」→ヤクザ「不味かったからタダにしろ！組長呼ぶぞ？」→私「呼びましたw」ヤクザ「え？」【スカッとする話】,217304,existing,E:\Data\ObsidianVault\02_Channels\シニア朗読\競合リサーチ\サムネ企画検索ポータル_20260605\thumbnail_assets\k_YLLWLrYlg.jpg,138325,
f64ZZvMS44E,人生劇場放送局,【スカッと】会長と知らず、雨の日に傘を貸した派遣社員。『今日でクビだ』と言い渡され   。【シニア】,216680,existing,E:\Data\ObsidianVault\02_Channels\シニア朗読\競合リサーチ\サムネ企画検索ポータル_20260605\thumbnail_assets\f64ZZvMS44E.jpg,218138,
zM7e3XxFXvM,人生劇場放送局,【スカッと】「たった3000円でちゅか！」おばあちゃんのための貯金を嘲笑された孫娘。祖父「頭取？1兆円解約だ！」銀行がパニック【シニア】,214941,existing,E:\Data\ObsidianVault\02_Channels\シニア朗読\競合リサーチ\サムネ企画検索ポータル_20260605\thumbnail_assets\zM7e3XxFXvM.jpg,69395,
rsBKO4U8ULE,人生のドラマTV,「旦那はヤクザよ」と調子に乗るママ友は知らなかった。相手が組長の妻だということを...,210218,existing,E:\Data\ObsidianVault\02_Channels\シニア朗読\競合リサーチ\サムネ企画検索ポータル_20260605\thumbnail_assets\rsBKO4U8ULE.jpg,253567,
Q3S5fD2OwHo,人生のシナリオ,ヤクザに弁当を届け続けた貧乏な少女。ある日、廃業寸前の父の店に悪徳業者が乗り込んで...【感動する話】,209509,existing,E:\Data\ObsidianVault\02_Channels\シニア朗読\競合リサーチ\サムネ企画検索ポータル_20260605\thumbnail_assets\Q3S5fD2OwHo.jpg,217750,
CWE-8e7734A,人生のドラマTV,ヤクザの命を救った貧乏なシングルマザー。5分後→彼女の家に全組員が集結して...,209371,existing,E:\Data\ObsidianVault\02_Channels\シニア朗読\競合リサーチ\サムネ企画検索ポータル_20260605\thumbnail_assets\CWE-8e7734A.jpg,245440,
kSJbbik_cTA,人生は100年,ファミレスで会計できないボロボロの母子連れに俺「どうしたんですか？」母親「お金がなくて…」→奢って家に連れ帰ってシャワーを貸して助けてみた結果【感動する話】,209025,existing,E:\Data\ObsidianVault\02_Channels\シニア朗読\競合リサーチ\サムネ企画検索ポータル_20260605\thumbnail_assets\kSJbbik_cTA.jpg,158855,
PJY-sN39Q1g,人生は贈り物,「ママ、さむいよ...」中卒が理由で突然解雇され、駐車場で凍える母娘 → 元請けの社長が月給50万円で雇った結果,208426,existing,E:\Data\ObsidianVault\02_Channels\シニア朗読\競合リサーチ\サムネ企画検索ポータル_20260605\thumbnail_assets\PJY-sN39Q1g.jpg,256207,
cuWfz7Yedvw,人生は100年,上司に裏切られホームレスになった俺。ある日公園いる双子に勉強を教えてあげたら→3週間後、黒塗りの高級車が現れて…【感動する話】【感動する話】,207286,existing,E:\Data\ObsidianVault\02_Channels\シニア朗読\競合リサーチ\サムネ企画検索ポータル_20260605\thumbnail_assets\cuWfz7Yedvw.jpg,311420,
mOKC4A1RV70,お茶の間TV 〈スカッと感動〉,ヤクザの組長の娘と知らず、頭にイカスミパスタをかぶせてきたママ友「旦那はヤクザよ。悔しければやり返してみなさいよ」私「では、遠慮なく」→「え？」【スカッとする話】 YAKUZA,206329,existing,E:\Data\ObsidianVault\02_Channels\シニア朗読\競合リサーチ\サムネ企画検索ポータル_20260605\thumbnail_assets\mOKC4A1RV70.jpg,257068,
7bfn9ZqeizQ,お茶の間TV 〈スカッと感動〉,ヤクザ組長の娘がぼったくりバーで支払い拒否→巨体ヤクザ2人が現れ、タコ殴り→「250万持って来い 親に伝えろ」「本当に呼びますよ」【スカッとする話】,204528,existing,E:\Data\ObsidianVault\02_Channels\シニア朗読\競合リサーチ\サムネ企画検索ポータル_20260605\thumbnail_assets\7bfn9ZqeizQ.jpg,143862,
RW0mKTIJAQ8,潮見組　人情列伝,元特殊部隊を隠し無能演じる平社員の俺。ヤクザに絡まれる美人上司を助けた結果「あなた一体何者！？」【感動する話】,203257,existing,E:\Data\ObsidianVault\02_Channels\シニア朗読\競合リサーチ\サムネ企画検索ポータル_20260605\thumbnail_assets\RW0mKTIJAQ8.jpg,302815,
ZeIZZjDLgxE,人生は100年,借金で農地を差し押さえられる直前の43歳の独身男性→夜の畑で水道の蛇口で体を洗う双子と母親に「うちの風呂使っていいですよ」放っておけずに助けた結果…【感動する話】,202091,existing,E:\Data\ObsidianVault\02_Channels\シニア朗読\競合リサーチ\サムネ企画検索ポータル_20260605\thumbnail_assets\ZeIZZjDLgxE.jpg,222559,
FRqPOZDAiX8,人生は100年,廃業寸前の家具工場に老人が訪れ「日給100円で雇って下さい…」私「住み込み食事あり日給1万円払います」1週間後、工場がとんでもないことに…【泣ける話】【感動する話】,202038,existing,E:\Data\ObsidianVault\02_Channels\シニア朗読\競合リサーチ\サムネ企画検索ポータル_20260605\thumbnail_assets\FRqPOZDAiX8.jpg,241827,
N1CqciZOPaw,人生の輝き,「私の父は頭取よ？」と銀行員に見下された清掃員の女性。「…承知しました」と即電話をかけた結果…,198468,existing,E:\Data\ObsidianVault\02_Channels\シニア朗読\競合リサーチ\サムネ企画検索ポータル_20260605\thumbnail_assets\N1CqciZOPaw.jpg,209717,
S-lrBe4O50g,人生は100年,亡き父の定食屋を継いだ俺の店に深夜来るキャバ嬢→彼女の太客に「汚い貧乏食堂」と嫌がらせされ倒産寸前になったが、常連客が動いてくれて奇跡が…【感動する話】,197320,existing,E:\Data\ObsidianVault\02_Channels\シニア朗読\競合リサーチ\サムネ企画検索ポータル_20260605\thumbnail_assets\S-lrBe4O50g.jpg,130930,
MSW-87lJxS4,人生の糸,廃業寸前のケーキ屋にボロボロの少女が来店「100円でケーキ買えますか？お母さんの誕生日だから」→52歳店主がホールケーキを渡した結果…【感動する話】,196620,existing,E:\Data\ObsidianVault\02_Channels\シニア朗読\競合リサーチ\サムネ企画検索ポータル_20260605\thumbnail_assets\MSW-87lJxS4.jpg,226923,
XtPx94VEpAo,人生は贈り物,「おじさん、強いんだよね」ヤクザに助けを求め、お年玉を差し出す6歳少女 → 組員全員出動した結果　【感動する話】,196580,existing,E:\Data\ObsidianVault\02_Channels\シニア朗読\競合リサーチ\サムネ企画検索ポータル_20260605\thumbnail_assets\XtPx94VEpAo.jpg,250168,
x-mLGMzYr-g,人生は七色,アメリカの銀行を襲った強盗たちは知らなかった。人質に取った小柄な日本人女性が、格闘技元世界チャンピオンだったことを。,194715,existing,E:\Data\ObsidianVault\02_Channels\シニア朗読\競合リサーチ\サムネ企画検索ポータル_20260605\thumbnail_assets\x-mLGMzYr-g.jpg,243824,
Us7lqUUe7IE,お茶の間TV 〈スカッと感動〉,だらしない父がヤクザに一言→全員が凍りついた理由とは..【スカッとする話】,194599,existing,E:\Data\ObsidianVault\02_Channels\シニア朗読\競合リサーチ\サムネ企画検索ポータル_20260605\thumbnail_assets\Us7lqUUe7IE.jpg,152601,
Z3Ms1X0ncc4,人生ドラマTV,老人を認知症扱いした銀行員たち―1時間後、彼らは土下座！しかし無職になった！銀行も無くなり、彼らは・・・,191470,existing,E:\Data\ObsidianVault\02_Channels\シニア朗読\競合リサーチ\サムネ企画検索ポータル_20260605\thumbnail_assets\Z3Ms1X0ncc4.jpg,165286,
rzvoTtwzGpw,人生の輝き,「ど素人が高級楽器を触るな」と楽器店で店員に馬鹿にされた老人。だがその直後、ヴァイオリンを手にした瞬間――全員が息を呑んだ…,190651,,,0,db_thumbnail_url: HTTPError
xSp7r4Brads,人生逆転ストーリー,銀行で6時間も放置された老婦人が翌日50億解約宣言。「うちが潰れる！」支店長が阿鼻叫喚に…！,189547,,,0,db_thumbnail_url: HTTPError
l83e9IzzsNA,静かなる英雄たち,「下がってろ！邪魔だ！」高級ホテルの厨房で嘲笑されたおばあさん。だが100人のシェフが再現できなかった幻の一品を、一口で完全再現すると――。,189202,existing,E:\Data\ObsidianVault\02_Channels\シニア朗読\競合リサーチ\サムネ企画検索ポータル_20260605\thumbnail_assets\l83e9IzzsNA.jpg,185352,
6HK3dYZ3LaM,人生劇場放送局,【スカッと】「やれるもんならw」高級料亭で見下された65歳。翌朝、1兆247億円を出金し銀行は大混乱に。【シニア】,188471,existing,E:\Data\ObsidianVault\02_Channels\シニア朗読\競合リサーチ\サムネ企画検索ポータル_20260605\thumbnail_assets\6HK3dYZ3LaM.jpg,142384,
6dMyehu9Dcc,人生逆転ドラマシアター,「お荷物扱い」で嘲笑された65歳社員。退職日に語った“たった一言”が、会社の運命を変えた——,187541,,,0,db_thumbnail_url: HTTPError
Zdv-O4QK2Jk,涙のひととき,【感動する話】廃業寸前のネジ工場面接に白紙の履歴書持ってきた女性。「中卒ですが働けますか…」「パパ採用しなきゃだめ！」IQ200の娘の直感信じ採用した結果,186797,,,0,db_thumbnail_url: HTTPError
NPUp9WpJ8vY,人生は贈り物,「私、捨てられちゃったのかな」極寒の夜、サービスエリアで置き去りにされた車椅子の少女 → 娘を亡くした男が保護した結果,186063,existing,E:\Data\ObsidianVault\02_Channels\シニア朗読\競合リサーチ\サムネ企画検索ポータル_20260605\thumbnail_assets\NPUp9WpJ8vY.jpg,266273,
fv6JqymEvLs,人生色々TV,「いいから一人一杯食べな」千円しかない母娘に三杯ご馳走した…数年後、浮浪者となってしまった大将の前に現れたのはまさかの•••,185677,existing,E:\Data\ObsidianVault\02_Channels\シニア朗読\競合リサーチ\サムネ企画検索ポータル_20260605\thumbnail_assets\fv6JqymEvLs.jpg,108776,
qdA2IQrz4co,人生は100年,「作業着で来るな！恥晒し！」同窓会で妻に公開処刑された夫→離婚後、妻は驚愕の真実を知ることになる【感動する話】,185251,existing,E:\Data\ObsidianVault\02_Channels\シニア朗読\競合リサーチ\サムネ企画検索ポータル_20260605\thumbnail_assets\qdA2IQrz4co.jpg,185715,
fpK1_EhEUKQ,心に響く人生ドラマ日誌,会長だと知らずに話し込んだ清掃員。翌日、突然クビを告られ   その理由を知り涙が止まらなかった。,183944,existing,E:\Data\ObsidianVault\02_Channels\シニア朗読\競合リサーチ\サムネ企画検索ポータル_20260605\thumbnail_assets\fpK1_EhEUKQ.jpg,135941,
_2IX2PT402Q,人生劇場放送局,【スカッと】「うちの口座は作れません」と拒否した支店長。78歳老人「残念です」翌日、8000億が消え銀行は大崩壊【シニア】,182376,existing,E:\Data\ObsidianVault\02_Channels\シニア朗読\競合リサーチ\サムネ企画検索ポータル_20260605\thumbnail_assets\_2IX2PT402Q.jpg,178529,
8QSIyqRiJhc,お茶の間TV 〈スカッと感動〉,高級料亭で祖母に熱燗をぶっかけたヤクザ組長「ババアは消えろ」→父激怒し、600人の黒服軍団に囲まれる【スカッとする話】,181190,existing,E:\Data\ObsidianVault\02_Channels\シニア朗読\競合リサーチ\サムネ企画検索ポータル_20260605\thumbnail_assets\8QSIyqRiJhc.jpg,155938,
YX4OBmoWdAg,人生は100年,深夜の食堂に無一文のボロボロの老婆が来店。料理をご馳走した代わりに皿洗いを手伝ってもらった結果…【感動する話】,180594,existing,E:\Data\ObsidianVault\02_Channels\シニア朗読\競合リサーチ\サムネ企画検索ポータル_20260605\thumbnail_assets\YX4OBmoWdAg.jpg,148092,
wVb7-x4FWyQ,人生は100年,義姉を亡くし6歳の姪を引き取った20歳のホスト。14年後→結婚式当日、料理人になった20歳の姪「これ、覚えてる？」俺の前にだけ運ばれた一皿の正体に号泣【感動する話】,179602,existing,E:\Data\ObsidianVault\02_Channels\シニア朗読\競合リサーチ\サムネ企画検索ポータル_20260605\thumbnail_assets\wVb7-x4FWyQ.jpg,196000,
fQ-cooiRzoQ,人生色々TV,「腹いっぱい食え」無一文の母娘にチャーシューメン三杯ご馳走した…三人が去ると店は廃業、さらに謎の黒塗り高級車が現れヤバイ人物が降りてきた…,178755,existing,E:\Data\ObsidianVault\02_Channels\シニア朗読\競合リサーチ\サムネ企画検索ポータル_20260605\thumbnail_assets\fQ-cooiRzoQ.jpg,195533,
G40TTMRGyG4,人生色々TV,悪質な嫌がらせを受け廃業を決めた…しかし、どん底のギャル店主を救ったのは予想できない人でした…,178744,existing,E:\Data\ObsidianVault\02_Channels\シニア朗読\競合リサーチ\サムネ企画検索ポータル_20260605\thumbnail_assets\G40TTMRGyG4.jpg,271669,
olOg4LfdI3E,静かなる英雄たち,「邪魔だよ」高級中華店で嘲笑されたおじいさん。だが料理長が失敗した一品をあっさり完成させると――。,178570,existing,E:\Data\ObsidianVault\02_Channels\シニア朗読\競合リサーチ\サムネ企画検索ポータル_20260605\thumbnail_assets\olOg4LfdI3E.jpg,159652,
tQ_CnXE8YoU,人生劇場放送局,【スカッと】「私の孫娘に何をした！」祖父の怒りが大爆発。１分毎に１００億が消え、銀行が地獄絵図に。【シニア】,173617,existing,E:\Data\ObsidianVault\02_Channels\シニア朗読\競合リサーチ\サムネ企画検索ポータル_20260605\thumbnail_assets\tQ_CnXE8YoU.jpg,223938,
YNt-J8t2n6A,人生は100年,「俺が育てる！」親戚に見捨てられた6歳の少女を引き取った男→14年後の結婚式で明かされた真実に会場が涙【感動する話】,171427,existing,E:\Data\ObsidianVault\02_Channels\シニア朗読\競合リサーチ\サムネ企画検索ポータル_20260605\thumbnail_assets\YNt-J8t2n6A.jpg,166292,
tQIn0Xbt7eo,人生逆転ストーリー,おばあちゃんのための孫娘の貯金をバカにした銀行員→祖父が一喝「500億解約だ」！銀行騒然、支店長が土下座する事態に…,170735,,,0,db_thumbnail_url: HTTPError
GR5uOtOtQ20,人生ドラマ館,クラスで浮いていた金髪ギャル女子高生。ボロ服でガリガリに痩せた男子に毎朝手作りおにぎりを渡していた。→10年後、クビ寸前の窮地のギャルに黒服の男性が現れて…,168303,existing,E:\Data\ObsidianVault\02_Channels\シニア朗読\競合リサーチ\サムネ企画検索ポータル_20260605\thumbnail_assets\GR5uOtOtQ20.jpg,141553,
uDqxGScdOZU,人生の光と影 朗読館,火事で全焼寸前の家からお爺いさんを救い出した貧乏な女子大生。翌日、大手企業の最終面接に遅刻したその時…,168026,,,0,db_thumbnail_url: HTTPError
Aj89ZQQy4vI,人生のドラマTV,同窓会で友達をいじめた女は知らなかった。清掃員の格好をした彼女がホテルの会長だったとは...,166502,existing,E:\Data\ObsidianVault\02_Channels\シニア朗読\競合リサーチ\サムネ企画検索ポータル_20260605\thumbnail_assets\Aj89ZQQy4vI.jpg,280158,
FqHAV2yWYOY,涙のひととき,【感動する話】川遊びで溺れた少女を助けて右目を失った眼帯の俺 →16年後、美人婦警に職質された結果,165560,existing,E:\Data\ObsidianVault\02_Channels\シニア朗読\競合リサーチ\サムネ企画検索ポータル_20260605\thumbnail_assets\FqHAV2yWYOY.jpg,260993,
M8Il9gEbIuw,人生を紡ぐ,発達障害だと親戚に捨てられた７歳の少女→引き取ったらIQ200の天才だった結果...,165009,existing,E:\Data\ObsidianVault\02_Channels\シニア朗読\競合リサーチ\サムネ企画検索ポータル_20260605\thumbnail_assets\M8Il9gEbIuw.jpg,245531,
jMmzeAwFMGY,お茶の間TV 〈スカッと感動〉,ヤクザに話しかけた少女「ママにも同じタトゥーがあるの」その一言で組長の顔色が変わった..【スカッとする話】,163599,existing,E:\Data\ObsidianVault\02_Channels\シニア朗読\競合リサーチ\サムネ企画検索ポータル_20260605\thumbnail_assets\jMmzeAwFMGY.jpg,129505,
U897XrLcIgs,人生は100年,廃業寸前の町工場に5つの工場に断られ続けた車椅子の女性「私の体に合う部品を作ってください」１円にもならない仕事を引き受けたら→数週間後、とんでもない結果に…【感動する話】,162484,existing,E:\Data\ObsidianVault\02_Channels\シニア朗読\競合リサーチ\サムネ企画検索ポータル_20260605\thumbnail_assets\U897XrLcIgs.jpg,169066,
izxxGHyKyf4,お茶の間TV 〈スカッと感動〉,「タバコを消せ」とヤクザに注意した女性→絶体絶命の窮地で明かされた”最強”の正体とは？【スカッと感動】,162434,existing,E:\Data\ObsidianVault\02_Channels\シニア朗読\競合リサーチ\サムネ企画検索ポータル_20260605\thumbnail_assets\izxxGHyKyf4.jpg,139077,
d46FlWV8Cqo,人生は贈り物,「ごはんとかえてくだしゃい」拾ったパチンコ玉で食べ物をねだるボロボロ少女に腹いっぱい食わせた結果　【感動する話】,162081,existing,E:\Data\ObsidianVault\02_Channels\シニア朗読\競合リサーチ\サムネ企画検索ポータル_20260605\thumbnail_assets\d46FlWV8Cqo.jpg,281698,
TmeJLDIcxF8,静かなる英雄たち,「こんなガラクタ時計」ブランド買取店で嘲笑されたおばあさん。「では他店で」その結果、店長が血相を変えて追いかけてきた――。,161238,existing,E:\Data\ObsidianVault\02_Channels\シニア朗読\競合リサーチ\サムネ企画検索ポータル_20260605\thumbnail_assets\TmeJLDIcxF8.jpg,179459,
YfoBa4NPhU4,お茶の間TV 〈スカッと感動〉,明日、借金2000万で差し押さえられる料理屋の店主。ヤクザ「財布忘れたわ」無一文の客に無料で料理を振る舞った結果...【スカッとする話】,161206,existing,E:\Data\ObsidianVault\02_Channels\シニア朗読\競合リサーチ\サムネ企画検索ポータル_20260605\thumbnail_assets\YfoBa4NPhU4.jpg,143610,
gKyTa9ZzpOI,人生劇場放送局,【スカッと】「やれるもんならｗ」高級鮨屋で嘲笑された老夫婦。「後悔しますよ？」9800億出金で銀行は大惨事。【シニア】,160264,existing,E:\Data\ObsidianVault\02_Channels\シニア朗読\競合リサーチ\サムネ企画検索ポータル_20260605\thumbnail_assets\gKyTa9ZzpOI.jpg,66908,
vjNQyB5HyR8,人生は100年,右腕の火傷を18年間隠して働く38歳の清掃員の俺。ある日「氷の女王」と呼ばれる美人部長が給湯室で俺の手袋の中を見た瞬間、泣き崩れた「あなただったんですね…」→全ての真実が明らかになった結果…,160257,existing,E:\Data\ObsidianVault\02_Channels\シニア朗読\競合リサーチ\サムネ企画検索ポータル_20260605\thumbnail_assets\vjNQyB5HyR8.jpg,190707,
SNCU8GuJBJQ,人生は100年,隣に住む生活保護のガリガリ母子…母親「何も買えなくてごめんね…」→適応障害で休職中の俺が鍋に誘った結果…【感動する話】,158504,existing,E:\Data\ObsidianVault\02_Channels\シニア朗読\競合リサーチ\サムネ企画検索ポータル_20260605\thumbnail_assets\SNCU8GuJBJQ.jpg,249860,
DRWmGvkWc1I,人生ドラマTV,創業者一族だと知らずに話し相手になったデパート清掃員。翌日、クビを言い渡されたその理由に涙が止まらない,158391,existing,E:\Data\ObsidianVault\02_Channels\シニア朗読\競合リサーチ\サムネ企画検索ポータル_20260605\thumbnail_assets\DRWmGvkWc1I.jpg,155517,
J_JAbDR52HI,感動スカっと人生録,6ヶ国語を話す不愛想な女性。貧乏な定食屋を救ったら、世界的CEOが現れ…,157440,,,0,db_thumbnail_url: HTTPError
15mUzIz_fpo,人生は100年,廃業寸前の59歳ドイツ人シュニッツェル職人。日本人シングルマザーを雇った結果→3ヶ月後、借金だらけだったお店がとんでもないことに…【感動する話】,157116,existing,E:\Data\ObsidianVault\02_Channels\シニア朗読\競合リサーチ\サムネ企画検索ポータル_20260605\thumbnail_assets\15mUzIz_fpo.jpg,256281,
9wVqo5oulKw,人生のドラマTV,日本人を馬鹿にするアメリカ人は知ることになる。ジャパニーズヤクザの恐ろしさを...,155589,existing,E:\Data\ObsidianVault\02_Channels\シニア朗読\競合リサーチ\サムネ企画検索ポータル_20260605\thumbnail_assets\9wVqo5oulKw.jpg,246707,
_KH2FnRKdWA,人生の輝き,銀行で通帳を踏み付けられた老人の味方をした若手銀行員にクビ宣告をした支店長。直後、老人の放った一言に支店長が顔面蒼白に…,154935,,,0,db_thumbnail_url: HTTPError
G4QyZIHtT9Q,人生ドラマTV,財閥の息子は学年ビリ。高卒の家政婦と出会った結果...東京大学に合格！孫だけでなく、会長家族の人生を激変させた【ビリギャル東大】,153920,existing,E:\Data\ObsidianVault\02_Channels\シニア朗読\競合リサーチ\サムネ企画検索ポータル_20260605\thumbnail_assets\G4QyZIHtT9Q.jpg,222068,
ZQHbvVFjlv8,人生は100年,給食費が払えず毎日空腹に耐える同級生。ボロボロの洋服でガリガリに痩せた女の子に母の手作り弁当を届け続けた。→15年後、クビ寸前の窮地に社長令嬢が現れて…【感動する話】,153380,existing,E:\Data\ObsidianVault\02_Channels\シニア朗読\競合リサーチ\サムネ企画検索ポータル_20260605\thumbnail_assets\ZQHbvVFjlv8.jpg,144001,
zWMxXtfPdR8,仁義と人生の部屋,自称ヤクザ「親呼んで金持ってこさせろ」→帰り道でヤクザに絡まれた女子高生「パパ、部下の人が呼んでるよ？」組長の父が現れ全員凍りつく【スカッとする話】,153373,existing,E:\Data\ObsidianVault\02_Channels\シニア朗読\競合リサーチ\サムネ企画検索ポータル_20260605\thumbnail_assets\zWMxXtfPdR8.jpg,288418,
Tavme2F9a_E,静かなる英雄たち,「こんな古い通帳で」銀行で嘲笑された老夫婦。「全額引き出します」その金額を見た行員全員が凍りついたーー。,152804,existing,E:\Data\ObsidianVault\02_Channels\シニア朗読\競合リサーチ\サムネ企画検索ポータル_20260605\thumbnail_assets\Tavme2F9a_E.jpg,196702,
aJyq_MzEtGI,人生の温もり,「汚い人とは食事できない」と言った女性が凍りついた理由 #感動 #家族愛 #母と息子 #人間関係 #人生の教訓#女将 #涙腺崩壊 #思いやり #見た目で判断 #後悔,152083,existing,E:\Data\ObsidianVault\02_Channels\シニア朗読\競合リサーチ\サムネ企画検索ポータル_20260605\thumbnail_assets\aJyq_MzEtGI.jpg,120554,
HI59RwlX29s,静かなる英雄たち,「そんなボロ証券で」証券会社で嘲笑されたおばあさん。だが30分後、「この支店、今日で終わりね」と告げた瞬間、全員が凍りついた――。,151297,existing,E:\Data\ObsidianVault\02_Channels\シニア朗読\競合リサーチ\サムネ企画検索ポータル_20260605\thumbnail_assets\HI59RwlX29s.jpg,214724,
S1k8UFeyMWo,人生逆転ドラマch,毒親のせいでブサメンと結婚させられた私。2人きりになった途端，ブサメン「実は俺…」,151212,existing,E:\Data\ObsidianVault\02_Channels\シニア朗読\競合リサーチ\サムネ企画検索ポータル_20260605\thumbnail_assets\S1k8UFeyMWo.jpg,88466,
5syd2pjsIp8,人生は100年,社運の命運をかけた大型商談に父の形見の時計をつけていくと→大企業の社長が突然立ち上がり「その時計、どこで手に入れた？」実はこの時計…【感動する話】,151112,existing,E:\Data\ObsidianVault\02_Channels\シニア朗読\競合リサーチ\サムネ企画検索ポータル_20260605\thumbnail_assets\5syd2pjsIp8.jpg,124844,
55c58ZrH484,人生逆転ドラマシアター,「帰れ」と怒鳴られた78歳の女性客。翌朝、口座残高を知った銀行員たちの顔が真っ青に…,149820,,,0,db_thumbnail_url: HTTPError
Ev5zR1s3UD0,人生は贈り物,「おにいちゃん、おなかしゅいたね」大雨の夜、ゴミ捨て場で震える兄妹→廃業寸前の定食屋が特盛かつ丼をふるまった結果,148173,existing,E:\Data\ObsidianVault\02_Channels\シニア朗読\競合リサーチ\サムネ企画検索ポータル_20260605\thumbnail_assets\Ev5zR1s3UD0.jpg,295300,
HyBOt4cDi90,人生劇場放送局,【スカッと】「パパの年収１８０万です」参観日に笑われた娘。父親「ドルだよ」→保護者達「え？」【シニア】,147101,existing,E:\Data\ObsidianVault\02_Channels\シニア朗読\競合リサーチ\サムネ企画検索ポータル_20260605\thumbnail_assets\HyBOt4cDi90.jpg,212022,
m8deOop79KM,人生は100年,6歳児の母親が医療ミスで他界→親戚たちは施設行きにしようとしたが、叔母「私がこの子を育てる」美人キャバ嬢に引き取られ…【感動する話】,146748,existing,E:\Data\ObsidianVault\02_Channels\シニア朗読\競合リサーチ\サムネ企画検索ポータル_20260605\thumbnail_assets\m8deOop79KM.jpg,141706,
-lTgqLrmZoM,人生色々TV,数日後、店は消えました…そして15年後、施設でテレビを見ていた廃業店主がボロボロと泣き崩れました…,146336,existing,E:\Data\ObsidianVault\02_Channels\シニア朗読\競合リサーチ\サムネ企画検索ポータル_20260605\thumbnail_assets\-lTgqLrmZoM.jpg,219789,
-INdzq_g9_0,お茶の間TV 〈スカッと感動〉,半グレが同期会で「薄給のゴミ」と酒をかけた地味な男。数分後、街の伝説・睦仁会が総出動…豹変した男の凄みに会場が凍りつく！【スカッとする話】 YAKUZA,145448,existing,E:\Data\ObsidianVault\02_Channels\シニア朗読\競合リサーチ\サムネ企画検索ポータル_20260605\thumbnail_assets\-INdzq_g9_0.jpg,176336,
BYL0ppAv6JU,人生色々TV,だが、それがキッカケで婚約者がクビになった…すると財閥会長が驚愕行動に出ました…,143974,existing,E:\Data\ObsidianVault\02_Channels\シニア朗読\競合リサーチ\サムネ企画検索ポータル_20260605\thumbnail_assets\BYL0ppAv6JU.jpg,225682,
aeT8NF0Ac_0,静かなる英雄たち,「邪魔だよ」高級ホテルの厨房で嘲笑されたおじいさん。だが海外要人を招いたホテルの特別ショーで、彼が姿を現すと――。,143864,existing,E:\Data\ObsidianVault\02_Channels\シニア朗読\競合リサーチ\サムネ企画検索ポータル_20260605\thumbnail_assets\aeT8NF0Ac_0.jpg,200832,
3mqlYEn-ZXQ,人生逆転ドラマch,｢汚いし帰ってくれる？w｣同窓会でゲラゲラ笑う同級生。翌日，夫の会社の社内会議で全員が凍り付いた…,143227,existing,E:\Data\ObsidianVault\02_Channels\シニア朗読\競合リサーチ\サムネ企画検索ポータル_20260605\thumbnail_assets\3mqlYEn-ZXQ.jpg,60674,
5A7a3-SDGh8,人生は七色,「黙って掃除だけしてろ！」清掃員のおじいさんを嘲笑した若手社員たちは、ドイツ人CTOの深い敬意に言葉を失った,142936,existing,E:\Data\ObsidianVault\02_Channels\シニア朗読\競合リサーチ\サムネ企画検索ポータル_20260605\thumbnail_assets\5A7a3-SDGh8.jpg,175083,
cgLGYGcm0F8,心に響く人生ドラマ日誌,「俺の親父は社長だぞ」嘲笑されたパート社員。だが、社長を呼び出した結果,142021,existing,E:\Data\ObsidianVault\02_Channels\シニア朗読\競合リサーチ\サムネ企画検索ポータル_20260605\thumbnail_assets\cgLGYGcm0F8.jpg,136359,
HSn-CYo9unU,人生は七色,赤字続きだった院長がホームレスの老人を救った翌日。病院の運命が変わるのでした,141263,existing,E:\Data\ObsidianVault\02_Channels\シニア朗読\競合リサーチ\サムネ企画検索ポータル_20260605\thumbnail_assets\HSn-CYo9unU.jpg,194294,
9x-Td16AZoA,人生は贈り物,「5円でスープだけくだしゃい」廃業寸前のラーメン店主が ボロボロ少女に大盛りラーメンを提供した結果,140994,existing,E:\Data\ObsidianVault\02_Channels\シニア朗読\競合リサーチ\サムネ企画検索ポータル_20260605\thumbnail_assets\9x-Td16AZoA.jpg,256245,
KjUQBB7XLZQ,人生のシナリオ,「老いぼれが邪魔をするな！」日本人の老爺を侮辱したロンドンの高級寿司店。しかし、彼の真の正体に全員が震撼することになる。,140970,existing,E:\Data\ObsidianVault\02_Channels\シニア朗読\競合リサーチ\サムネ企画検索ポータル_20260605\thumbnail_assets\KjUQBB7XLZQ.jpg,191850,
-RrO2TDY7l0,人生は七色,ホームレスに親切にしたタクシー運転手の女性は解雇された。しかし翌日、彼女の前に財閥グループCEOが現れて…【感動ストーリー】,140711,existing,E:\Data\ObsidianVault\02_Channels\シニア朗読\競合リサーチ\サムネ企画検索ポータル_20260605\thumbnail_assets\-RrO2TDY7l0.jpg,304268,
ThH59AuYmAk,人生のシナリオ,「中卒が法律？笑わせないで」東大卒弁護士に嘲笑された22歳事務員…法廷で判例を暗唱し始めた瞬間、法廷が凍りついた【感動する話】,140054,existing,E:\Data\ObsidianVault\02_Channels\シニア朗読\競合リサーチ\サムネ企画検索ポータル_20260605\thumbnail_assets\ThH59AuYmAk.jpg,160481,
JJ6qPIziZXA,人生逆転ドラマシアター,一流ホテルで清掃員のおじいさんがドイツ語で話しかけられ、困る姿に周囲は嘲笑。しかし一言発した瞬間、全員が凍りついた,139663,,,0,db_thumbnail_url: HTTPError
apyamKYSKVM,人生は贈り物,「かくまってください...」深夜のラーメン屋に駆け込んできたボロボロ母娘に  大将がとった行動とは・・　【感動する話】,138737,existing,E:\Data\ObsidianVault\02_Channels\シニア朗読\競合リサーチ\サムネ企画検索ポータル_20260605\thumbnail_assets\apyamKYSKVM.jpg,221832,
c5g7siCn1pA,仁義と人生の部屋,ヤクザの組長の娘と知らず結婚式でドレスを汚した義母→花嫁の父の正体が判明した瞬間、全員が凍りついた【スカッとする話】,138382,existing,E:\Data\ObsidianVault\02_Channels\シニア朗読\競合リサーチ\サムネ企画検索ポータル_20260605\thumbnail_assets\c5g7siCn1pA.jpg,262275,
Ek9AsUA6PLU,人生のシナリオ,町工場で緊急事態を救った貧乏な女子学生。翌日、ボロアパートに黒塗りの高級車が現れ…,138322,,,0,db_thumbnail_url: HTTPError
pbAiNzFmyVI,愛しき人の人生日記,車椅子の老人を助けスーツが破れ面接官に嘲笑された貧乏就活生。席を立った瞬間、老人が目の前に現れ…,136197,,,0,db_thumbnail_url: HTTPError
W654zJ8ceQk,面白きかな人生,「親がVIPなら専用車呼んでみろｗ」修学旅行で置き去りにされた少女。翌朝、神社に900台の黒塗り高級車が現れ…【面白きかな人生】,135432,existing,E:\Data\ObsidianVault\02_Channels\シニア朗読\競合リサーチ\サムネ企画検索ポータル_20260605\thumbnail_assets\W654zJ8ceQk.jpg,272576,
k-ItnjEf2Dk,人生逆転ドラマシアター,「中卒のおっさん、英語で何かしゃべってみろよ」エリート部長に見下された窓際社員が海外VIPの前で放った一言で会議室が凍りつく,135192,,,0,db_thumbnail_url: HTTPError
-KgwMQMLgrM,面白きかな人生,娘「パパの年収180万です」授業参観でゲラゲラ笑う保護者達、すると老人が「お嬢様180万はドルです」保護者「え？」【面白きかな人生】,135155,existing,E:\Data\ObsidianVault\02_Channels\シニア朗読\競合リサーチ\サムネ企画検索ポータル_20260605\thumbnail_assets\-KgwMQMLgrM.jpg,224424,
l6iu9AyjyhM,仁義と人生の部屋,ぼったくりバー｢90万だ。払わないとヤクザ呼ぶよ？｣→3分後､ヤクザ集団が現れ、俺の顔見て全員土下座した…【スカッとする話】,135062,existing,E:\Data\ObsidianVault\02_Channels\シニア朗読\競合リサーチ\サムネ企画検索ポータル_20260605\thumbnail_assets\l6iu9AyjyhM.jpg,245150,
35ocCOI7cD4,涙のひととき,【感動する話】施設から逃げた双子に無料でラーメンを振る舞う老人。５分後...脱げ！と言い放つ。店主がそのように言った衝撃の理由とは,133767,existing,E:\Data\ObsidianVault\02_Channels\シニア朗読\競合リサーチ\サムネ企画検索ポータル_20260605\thumbnail_assets\35ocCOI7cD4.jpg,268443,
_YtI8UZp-vs,人生を紡ぐ,「５円でパンの耳を売ってもらえませんか…？」→極貧の少女に廃業寸前の店主が嘘をついて袋いっぱいのパンを渡した結果…【感動する話】,133573,existing,E:\Data\ObsidianVault\02_Channels\シニア朗読\競合リサーチ\サムネ企画検索ポータル_20260605\thumbnail_assets\_YtI8UZp-vs.jpg,248591,
q3ASOXvS-oQ,人生の裏側,倒れたヤクザに手を差し伸べた貧乏な10歳の少年。次の日、少年の母が入院する病院に黒塗りの高級車が５０台現れる...【感動する話】,132924,existing,E:\Data\ObsidianVault\02_Channels\シニア朗読\競合リサーチ\サムネ企画検索ポータル_20260605\thumbnail_assets\q3ASOXvS-oQ.jpg,215577,
AmEa45qdLn8,人生は100年,「あの雪食べてもいい？」大雪の降る夜に橋の下で野宿する4歳の娘と母親→たまらず声をかけて温かいお風呂に入れた結果…【感動する話】,131779,existing,E:\Data\ObsidianVault\02_Channels\シニア朗読\競合リサーチ\サムネ企画検索ポータル_20260605\thumbnail_assets\AmEa45qdLn8.jpg,162201,
ISE7BOCMUdQ,人生は贈り物,廃業寸前のそば屋にボロボロの双子姉妹 → 「１００円で汁だけください」天ぷらそばをご馳走したらその10年後に奇跡が・・　【感動する話】,130752,existing,E:\Data\ObsidianVault\02_Channels\シニア朗読\競合リサーチ\サムネ企画検索ポータル_20260605\thumbnail_assets\ISE7BOCMUdQ.jpg,203124,
QJj3k6tJDK0,人生ドラマTV,「こんな人間、初めてじゃ」35億円の相続はこの娘に決めた！純粋な心にメロメロの会長だった！,129665,existing,E:\Data\ObsidianVault\02_Channels\シニア朗読\競合リサーチ\サムネ企画検索ポータル_20260605\thumbnail_assets\QJj3k6tJDK0.jpg,251627,
RoTdDmCIiRo,人生は100年,母の介護を妻に断られた挙句、離婚された俺。田舎へ帰り仕事も妻も失い絶望している中、山道で車が故障して立ち往生する母娘を助けた結果…【感動する話】,129247,existing,E:\Data\ObsidianVault\02_Channels\シニア朗読\競合リサーチ\サムネ企画検索ポータル_20260605\thumbnail_assets\RoTdDmCIiRo.jpg,247029,
k-sfsIULLfg,感動スカっと人生録,形見の時計で大事な商談のプレゼンをした27歳OL－その瞬間、「それどこで？」と問われ…,128286,,,0,db_thumbnail_url: HTTPError
0AbZyG8x33w,お茶の間TV 〈スカッと感動〉,ぼったくり居酒屋でボスママにハメられ｢60万払え！ヤクザに消されてぇの？｣ 5分後､店に来たヤクザ7人に私｢お前ら久しぶり｣ 【スカッとする話】,128081,existing,E:\Data\ObsidianVault\02_Channels\シニア朗読\競合リサーチ\サムネ企画検索ポータル_20260605\thumbnail_assets\0AbZyG8x33w.jpg,160942,
GbJ4uu1Nr0w,人生は100年,廃業寸前の老舗旅館にボロボロの老人「時給100円でいいので雇ってください」俺「月30万円でお願いします」団体客が来る当日、料理長が倒れると老人「包丁お借りしますね」→結果…【感動する話】,126931,existing,E:\Data\ObsidianVault\02_Channels\シニア朗読\競合リサーチ\サムネ企画検索ポータル_20260605\thumbnail_assets\GbJ4uu1Nr0w.jpg,195062,
pcUZt2zLfXs,人生は贈り物,「一貫だけ握ってくれないかい？」所持金100円のボロボロ老婆 → 廃業寸前の店主が特上寿司を振舞った結果　【感動する話】,126575,existing,E:\Data\ObsidianVault\02_Channels\シニア朗読\競合リサーチ\サムネ企画検索ポータル_20260605\thumbnail_assets\pcUZt2zLfXs.jpg,181552,
Z0iSzubBKCM,お茶の間TV 〈スカッと感動〉,ヤクザ「慰謝料100万な」祖母「同業ならうちの顔知ってるやろ？」ヤクザ「あ、あ、あなた様は...」【スカッとする話】,125756,existing,E:\Data\ObsidianVault\02_Channels\シニア朗読\競合リサーチ\サムネ企画検索ポータル_20260605\thumbnail_assets\Z0iSzubBKCM.jpg,146517,
0SFODV3Qsgc,人生色々TV,Xmas後店が廃業してしまった…しかし、どん底の大将を救ったのはまさかの人でした…,125429,existing,E:\Data\ObsidianVault\02_Channels\シニア朗読\競合リサーチ\サムネ企画検索ポータル_20260605\thumbnail_assets\0SFODV3Qsgc.jpg,218832,
Jq1mwsGtaYY,人生の糸,廃業寸前の定食屋に所持金10円のボロボロの少年が来店「唐揚げ1個だけでも…」店主「座ってな」→大盛り唐揚げ定食をご馳走した結果…【感動する話】,124886,existing,E:\Data\ObsidianVault\02_Channels\シニア朗読\競合リサーチ\サムネ企画検索ポータル_20260605\thumbnail_assets\Jq1mwsGtaYY.jpg,289423,
vxDeAOgcHnc,お茶の間TV 〈スカッと感動〉,ヤクザ「みかじめ料払え！組長命令だ！」→オッサン「ほう…あの小僧ががそんな命令を？」チンピラ「こ、小僧…？」→結果.. 【スカッとする話】,124392,existing,E:\Data\ObsidianVault\02_Channels\シニア朗読\競合リサーチ\サムネ企画検索ポータル_20260605\thumbnail_assets\vxDeAOgcHnc.jpg,212781,
BEAW1T1XsGc,心に響く人生ドラマ日誌,「大物とは知らず」誠実に対応した新人OLへの解雇通知が、会社を激震させた裏事情…,123747,existing,E:\Data\ObsidianVault\02_Channels\シニア朗読\競合リサーチ\サムネ企画検索ポータル_20260605\thumbnail_assets\BEAW1T1XsGc.jpg,134650,
Yy3Z9K54Ig0,人生は100年,「いらない子」と捨てられた8歳を引き取った食堂経営をする夫婦→10年後、少女が並べた料理を見た瞬間、二人は泣き崩れた【感動する話】,122883,existing,E:\Data\ObsidianVault\02_Channels\シニア朗読\競合リサーチ\サムネ企画検索ポータル_20260605\thumbnail_assets\Yy3Z9K54Ig0.jpg,148716,
mlp1fyDsawY,静かなる英雄たち,"「数字も読めないくせに」投資会社で見下された掃除のおじいさん。だがわずか3日後、彼らが1,000億円を動かすとーー。",122149,existing,E:\Data\ObsidianVault\02_Channels\シニア朗読\競合リサーチ\サムネ企画検索ポータル_20260605\thumbnail_assets\mlp1fyDsawY.jpg,169683,
_ZZJ5_GMPMk,人生は100年,花見の日、桜の下で二人きりポツンと座るボロボロの双子を大家族の俺のBBQに誘った結果→1年後まさかの展開に…【感動する話】,121867,existing,E:\Data\ObsidianVault\02_Channels\シニア朗読\競合リサーチ\サムネ企画検索ポータル_20260605\thumbnail_assets\_ZZJ5_GMPMk.jpg,273211,
SfwwCvACB8U,人生は贈り物,「はんぶんこしよ」半額パンを分け合うボロボロ双子に 廃業寸前のうどん屋店主がご馳走した結果,121447,existing,E:\Data\ObsidianVault\02_Channels\シニア朗読\競合リサーチ\サムネ企画検索ポータル_20260605\thumbnail_assets\SfwwCvACB8U.jpg,285468,
z6LpeHYtt_c,静かなる英雄たち,「お引き取りください」銀行で追い返された老夫婦。だが支店長が名刺を見た瞬間、態度が一変した――。,120651,existing,E:\Data\ObsidianVault\02_Channels\シニア朗読\競合リサーチ\サムネ企画検索ポータル_20260605\thumbnail_assets\z6LpeHYtt_c.jpg,239077,
4HKcz9YQQXg,人生劇場放送局,【スカッと】「一生底辺ねｗ」同窓会で嘲笑された俺。直後、美人秘書「会長！探しましたよ！」→同級生「え？」。【シニア】,120168,existing,E:\Data\ObsidianVault\02_Channels\シニア朗読\競合リサーチ\サムネ企画検索ポータル_20260605\thumbnail_assets\4HKcz9YQQXg.jpg,217840,
5ZjkmWxOLI0,仁義と人生の部屋,高級料亭でヤクザに絡まれた娘→だらしない父が放った一言で、全員が凍りついた【スカッとする話】,119952,existing,E:\Data\ObsidianVault\02_Channels\シニア朗読\競合リサーチ\サムネ企画検索ポータル_20260605\thumbnail_assets\5ZjkmWxOLI0.jpg,227512,
jnWHIZXxHCM,人生ドラマ館,ファミレスで会計できないボロボロの姉妹に女子高生ギャルが「大丈夫ですか？」「お金がなくて…」→全額奢って家に連れ帰ってシャワーを貸し助けてみた結果…,119123,existing,E:\Data\ObsidianVault\02_Channels\シニア朗読\競合リサーチ\サムネ企画検索ポータル_20260605\thumbnail_assets\jnWHIZXxHCM.jpg,146709,
U9ZwaA7xxXY,静かなる英雄たち,「出しゃばるな」ロビー清掃中に外国人に近づこうとしたおばあさんは職員に叱咤された。だが彼女の口から流れた英語に、全員が言葉を失った――。,118422,existing,E:\Data\ObsidianVault\02_Channels\シニア朗読\競合リサーチ\サムネ企画検索ポータル_20260605\thumbnail_assets\U9ZwaA7xxXY.jpg,127494,
jCol3ygKBpw,人生のヒカリ,生活難で夫の形見の117クーペを売却するお婆さん。ボロ車を嘲笑した買取スタッフがもう一度車を見た途端凍り付く...,117923,existing,E:\Data\ObsidianVault\02_Channels\シニア朗読\競合リサーチ\サムネ企画検索ポータル_20260605\thumbnail_assets\jCol3ygKBpw.jpg,162360,
yHqvx6Pj-TA,人生は七色,家賃も滞納した極貧ヤクザがホームレスに優しくした結果、人生最大の報いを受ける事に…,117207,existing,E:\Data\ObsidianVault\02_Channels\シニア朗読\競合リサーチ\サムネ企画検索ポータル_20260605\thumbnail_assets\yHqvx6Pj-TA.jpg,190990,
8ynbosIex7Q,人生は七色,「パートの分際で出しゃばるな！」と侮辱された孤独な主婦。老人に人工呼吸をした翌日、スーパーの前に黒塗りの高級車が現れて…,116730,existing,E:\Data\ObsidianVault\02_Channels\シニア朗読\競合リサーチ\サムネ企画検索ポータル_20260605\thumbnail_assets\8ynbosIex7Q.jpg,244351,
Kz_iS0yr0PI,人生は100年,明日、借金2900万で差し押さえられる寿司屋の店主→閉店間際「財布忘れました」1万5000円の会計が払えない女性客に大将「お代はいいですよ」→1年後、店の前に現れたのは…【感動する話】,115969,existing,E:\Data\ObsidianVault\02_Channels\シニア朗読\競合リサーチ\サムネ企画検索ポータル_20260605\thumbnail_assets\Kz_iS0yr0PI.jpg,141691,
02B_ETFxUm8,静かなる英雄たち,「パートのくせに」若い社員に見下された食堂のおばあさん。その3時間後、役員プレゼンにおばあさんが現れるとーー。,115276,existing,E:\Data\ObsidianVault\02_Channels\シニア朗読\競合リサーチ\サムネ企画検索ポータル_20260605\thumbnail_assets\02B_ETFxUm8.jpg,197471,
0Ek-SNjh-Zo,お茶の間TV 〈スカッと感動〉,組長の妻と知らずビンタしたボスママ「ヤクザ一家の私は無敵よ！文句あるならいつでも家に来なさいよ」 私「今夜、全組員で訪ねますね」→ボスママ「え？」【スカッとする話】 YAKUZA,114061,existing,E:\Data\ObsidianVault\02_Channels\シニア朗読\競合リサーチ\サムネ企画検索ポータル_20260605\thumbnail_assets\0Ek-SNjh-Zo.jpg,172398,
nw0N0OuNGJQ,人生は七色,廃業寸前の大衆食堂に、雨でずぶ濡れになった所持金100円の母娘が雨の夜に駆け込んできた。その後、食事と寝床を提供した結果、店主が全く予想しなかった展開に…,113925,existing,E:\Data\ObsidianVault\02_Channels\シニア朗読\競合リサーチ\サムネ企画検索ポータル_20260605\thumbnail_assets\nw0N0OuNGJQ.jpg,243188,
OfoI1lt8j0U,人生の輝き,「ほら、今すぐ100億返済してみろよ」町工場の女社長を見下した銀行員。「いいんですか？」→1分後返済したら閉店に追い込まれ…,113224,,,0,db_thumbnail_url: HTTPError
Dr2fVVreNHw,静かなる英雄たち,「そんなボロ車で」大企業で追い返された老人。だがその直後、社長が血相を変えて現れた瞬間――全員が凍りついた。,112846,existing,E:\Data\ObsidianVault\02_Channels\シニア朗読\競合リサーチ\サムネ企画検索ポータル_20260605\thumbnail_assets\Dr2fVVreNHw.jpg,218187,
nCZ7jPC3-w4,人生は100年,姉が他界して7歳の姪を引き取った26歳独身男性→「私はおじちゃんと居ても嬉しくない」姪の一言の真相とは⋯【感動する話】,111975,existing,E:\Data\ObsidianVault\02_Channels\シニア朗読\競合リサーチ\サムネ企画検索ポータル_20260605\thumbnail_assets\nCZ7jPC3-w4.jpg,169204,
TAUNdXXJ4M0,静かなる英雄たち,「使えないからクビ」高級中華を追い出されたおじいさん。だが雇われたボロボロの町中華で予約が回らないとき「私がやります」鍋を振った瞬間、全員が凍りついたーー。,111728,existing,E:\Data\ObsidianVault\02_Channels\シニア朗読\競合リサーチ\サムネ企画検索ポータル_20260605\thumbnail_assets\TAUNdXXJ4M0.jpg,164629,
6ddD49EM1NE,仁義と人生の部屋,ヤクザの息子と知らず少年を殴り続けた男。10日後→黒塗りの高級車が10台現れ土下座謝罪【スカッとする話】,111614,existing,E:\Data\ObsidianVault\02_Channels\シニア朗読\競合リサーチ\サムネ企画検索ポータル_20260605\thumbnail_assets\6ddD49EM1NE.jpg,248886,
20hXKGW-H_4,お茶の間TV 〈スカッと感動〉,極道の妻「旦那はヤクザの組長よ こんな店潰すわw」数分後、本家の総長が現れ..【スカッとする話】 YAKUZA,111442,existing,E:\Data\ObsidianVault\02_Channels\シニア朗読\競合リサーチ\サムネ企画検索ポータル_20260605\thumbnail_assets\20hXKGW-H_4.jpg,263056,
FS0Jv1xlhHg,涙のひととき,【感動する話】亡き姉の双子を引き取った俺…子供服を買いに来た日、いつも無表情な同僚と偶然出会った結果…【馴れ初め】,111414,existing,E:\Data\ObsidianVault\02_Channels\シニア朗読\競合リサーチ\サムネ企画検索ポータル_20260605\thumbnail_assets\FS0Jv1xlhHg.jpg,272570,
PGFCoZok9qE,人生は100年,ボロボロのラーメン屋の前にやせ細った双子の姉妹。店主「どうした？」「雨宿りさせて」→数カ月後、里親になって双子を育てると…【感動する話】,111236,existing,E:\Data\ObsidianVault\02_Channels\シニア朗読\競合リサーチ\サムネ企画検索ポータル_20260605\thumbnail_assets\PGFCoZok9qE.jpg,176135,
Lu8AzTUATLg,静かなる英雄たち,「お引き取りを」高級旅館で冷たく断られたおじいさん。その2時間後、女将は言葉なく凍りついたーー。,111188,existing,E:\Data\ObsidianVault\02_Channels\シニア朗読\競合リサーチ\サムネ企画検索ポータル_20260605\thumbnail_assets\Lu8AzTUATLg.jpg,161511,
6fcLO0dTp9o,人生は贈り物,「この子は俺が育てる」 両親が他界し、親戚に見捨てられた少女 → ヤクザ叔父に引き取られた結果,111114,existing,E:\Data\ObsidianVault\02_Channels\シニア朗読\競合リサーチ\サムネ企画検索ポータル_20260605\thumbnail_assets\6fcLO0dTp9o.jpg,211321,
wA93ukIftJ0,感動スカっと人生録,「使えないやつは帰れ！」怒鳴られた派遣社員が振り返った瞬間、呟いたたった一言で、会議室が凍りついた,110854,,,0,db_thumbnail_url: HTTPError
18Eoe5yrtXU,人生は100年,「なんで実力を隠すんですか！？」仕事がデキるのがバレるのが嫌な俺。社内で不器用だけど真面目な女性を助けたら…【感動する話】,109558,existing,E:\Data\ObsidianVault\02_Channels\シニア朗読\競合リサーチ\サムネ企画検索ポータル_20260605\thumbnail_assets\18Eoe5yrtXU.jpg,131018,
I4ibQ2aP9RE,人生は100年,財布とスマホを落とした強面おじさんに給料日前の全財産5000円渡したら→1年後、不良に囲まれて大ピンチの時に黒塗りの車からあの時のおじさんが現れて…【感動する話】,109291,existing,E:\Data\ObsidianVault\02_Channels\シニア朗読\競合リサーチ\サムネ企画検索ポータル_20260605\thumbnail_assets\I4ibQ2aP9RE.jpg,307340,
mSvPLot5XRs,人生は贈り物,廃業寸前の老舗寿司屋にボロボロ少女「腹いっぱい食べな」→ 自慢の寿司をご馳走したら「パパ、この店潰して」電話をかけ始めた結果　【感動する話】,109028,existing,E:\Data\ObsidianVault\02_Channels\シニア朗読\競合リサーチ\サムネ企画検索ポータル_20260605\thumbnail_assets\mSvPLot5XRs.jpg,240039,
w2JUamK0S6U,人生逆転ドラマch,「中卒がピアノ？w」同級生の結婚式で無茶ぶりされる彼女。最初の1音で会場が凍りついた…,108903,existing,E:\Data\ObsidianVault\02_Channels\シニア朗読\競合リサーチ\サムネ企画検索ポータル_20260605\thumbnail_assets\w2JUamK0S6U.jpg,146094,
5q22L0fLrbs,人生のシナリオ,峠道でお爺さんのボロ車を無償で直した20歳の整備士。後日、工場に現れた男性からまさかの…,108569,existing,E:\Data\ObsidianVault\02_Channels\シニア朗読\競合リサーチ\サムネ企画検索ポータル_20260605\thumbnail_assets\5q22L0fLrbs.jpg,178372,
LGVU9cAZFXg,静かなる英雄たち,"「田舎旅行でしょ？」高級な旅行代理店で冷遇された老夫婦。「1,000人の社員旅行だったけど...」その5分後、担当者が凍りついたーー。",107447,existing,E:\Data\ObsidianVault\02_Channels\シニア朗読\競合リサーチ\サムネ企画検索ポータル_20260605\thumbnail_assets\LGVU9cAZFXg.jpg,209248,
ivGRaNXKt3g,静かなる英雄たち,「お帰りください」高級鉄板焼きで冷遇された老夫婦。「この店とは取引停止で」そう告げた瞬間、店長が凍りついたーー。,106943,existing,E:\Data\ObsidianVault\02_Channels\シニア朗読\競合リサーチ\サムネ企画検索ポータル_20260605\thumbnail_assets\ivGRaNXKt3g.jpg,190022,
Uv1wYlnj50k,静かなる英雄たち,「そんなボロ株券で」投資銀行で嘲笑されたおばあさん。「では他行で」その3時間後、担当者が血相を変えて追いかけてきた――。,106943,existing,E:\Data\ObsidianVault\02_Channels\シニア朗読\競合リサーチ\サムネ企画検索ポータル_20260605\thumbnail_assets\Uv1wYlnj50k.jpg,171719,
h5pn15geLOE,人生ドラマ館,｢お母さん水商売!?w｣授業参観でゲラゲラ笑う保護者達。ギャル母｢あなたの会社潰しますね｣保護者｢え？｣,106521,,,0,db_thumbnail_url: HTTPError
5Tdjas2Y944,人生は100年,銀行辞めて亡き妻の夢だった小料理屋を開いた28歳の娘→開業初日に店へ行くと娘が泣きながら「全員ドタキャンされた…」→12年正体を隠してきた俺は静かに一本の電話をかけた【感動する話】,106507,existing,E:\Data\ObsidianVault\02_Channels\シニア朗読\競合リサーチ\サムネ企画検索ポータル_20260605\thumbnail_assets\5Tdjas2Y944.jpg,209045,
W2lbLO8-4xE,潮見組　人情列伝,生徒のピンチに普段絶対に怒らない温厚な教師がヤクザに一言「今すぐ組長呼べや」教師の正体に全員が戦慄【感動する話】,106145,existing,E:\Data\ObsidianVault\02_Channels\シニア朗読\競合リサーチ\サムネ企画検索ポータル_20260605\thumbnail_assets\W2lbLO8-4xE.jpg,233523,
c7FnUblcr8Y,人生は七色,物乞いをする幼女を助けた元ヤクザは本当の温かさを手に入れたのでした,106102,existing,E:\Data\ObsidianVault\02_Channels\シニア朗読\競合リサーチ\サムネ企画検索ポータル_20260605\thumbnail_assets\c7FnUblcr8Y.jpg,167787,
KUy3pv7KmXg,人生色々TV,農夫の妻が倒れ酪農兼ラーメン屋が廃業寸前…泣き崩れる彼を救ったのはまさかの人でした・・・,105878,existing,E:\Data\ObsidianVault\02_Channels\シニア朗読\競合リサーチ\サムネ企画検索ポータル_20260605\thumbnail_assets\KUy3pv7KmXg.jpg,302692,
EDNb-IKWpu4,人生逆転ドラマシアター,「こんなボロ店で忘年会？無理無理。全部キャンセルで」おばあさんが切り盛りする小料理屋を侮辱した女社長の末路──翌日“100億円契約破棄”で業界が 書き出し,105853,,,0,db_thumbnail_url: HTTPError
HWT6AYZkf0M,人生色々TV,タダで特製ラーメンをご馳走した結果…大将と母娘の運命が衝撃すぎる展開に…,105651,existing,E:\Data\ObsidianVault\02_Channels\シニア朗読\競合リサーチ\サムネ企画検索ポータル_20260605\thumbnail_assets\HWT6AYZkf0M.jpg,255689,
Mh4CtrP-ews,人生のシナリオ,財布を忘れたお婆さんに全財産を差し出した貧乏な女子高生。翌日、校門に黒塗りのセダンが止まり…,105421,existing,E:\Data\ObsidianVault\02_Channels\シニア朗読\競合リサーチ\サムネ企画検索ポータル_20260605\thumbnail_assets\Mh4CtrP-ews.jpg,187788,
DjNlDsnBF0Q,人生のシナリオ,深夜のドライブインにヤクザ風の男が来店。怯える極貧少女が生姜焼き定食を出した結果→無線一本で30台のトラックが大集結し…【感動する話】,105113,existing,E:\Data\ObsidianVault\02_Channels\シニア朗読\競合リサーチ\サムネ企画検索ポータル_20260605\thumbnail_assets\DjNlDsnBF0Q.jpg,140167,
8Q7kztR-rvQ,お茶の間TV 〈スカッと感動〉,ヤクザ「51万なw」新婚ツアーがぼったくりだった..→おとなしかった嫁が一言「貴様ら、幹部全員呼んで来いや」→数分後、島の空気が凍りついた..嫁の正体とは..？【スカッとする話】 YAKUZA,104546,existing,E:\Data\ObsidianVault\02_Channels\シニア朗読\競合リサーチ\サムネ企画検索ポータル_20260605\thumbnail_assets\8Q7kztR-rvQ.jpg,259704,
N9sUTdN1pbc,人生逆転ストーリー,「中卒が結婚？相手はどうせバカでブスだろw」中卒社員の俺を嘲笑う部長→次の瞬間、背後の女社長が一言「ブスで悪かったわね」,104500,,,0,db_thumbnail_url: HTTPError
-ek_HaY8KZU,お茶の間TV 〈スカッと感動〉,ぼったくり整備工場「修理費200万な！ヤクザ呼ぶぞ？」女性「どうぞ」→3分後、来たヤクザが即土下座…【スカッとする話】 YAKUZA,104394,existing,E:\Data\ObsidianVault\02_Channels\シニア朗読\競合リサーチ\サムネ企画検索ポータル_20260605\thumbnail_assets\-ek_HaY8KZU.jpg,238021,
X-JuXV5FJlI,人生スカッと物語,1億円を下ろしに来て銀行員に笑われたお婆さん。突如1兆円を引き出した瞬間、銀行は阿鼻叫喚のパニックに…,104251,,,0,db_thumbnail_url: HTTPError
lyzRvY_6oYY,人生逆転ストーリー,財閥会長がホームレスに変装し、息子の婚約者を試した結果…,103921,,,0,db_thumbnail_url: HTTPError
g6V-TdjpvBc,人生逆転ドラマシアター,『臭くて迷惑』と追い出されたおばあさんが、翌日ボディーガードを連れて現れ、全取引を中止し…銀行が破綻！,103603,,,0,db_thumbnail_url: HTTPError
K5ajT2A_XyE,人生劇場放送局,【スカッと】「貧乏人は預金しないでw」と同窓会で頭取の娘。俺「もういいか」５０００億の口座を解約した結果。【シニア】,103326,existing,E:\Data\ObsidianVault\02_Channels\シニア朗読\競合リサーチ\サムネ企画検索ポータル_20260605\thumbnail_assets\K5ajT2A_XyE.jpg,222722,
zoBNowE4EKM,人生は七色,500万円払った家族旅行で置き去りにされた姑。息子夫婦への支払いを停止し、全財産をもって家を出た結果…【スカッと】,102673,existing,E:\Data\ObsidianVault\02_Channels\シニア朗読\競合リサーチ\サムネ企画検索ポータル_20260605\thumbnail_assets\zoBNowE4EKM.jpg,245491,
70tEuhXLonM,人生色々TV,母親が「お礼は何でもします」…すると、廃業した蕎麦屋店主が驚愕する事態となりました…,102460,existing,E:\Data\ObsidianVault\02_Channels\シニア朗読\競合リサーチ\サムネ企画検索ポータル_20260605\thumbnail_assets\70tEuhXLonM.jpg,273323,
5QqmODFxykk,愛しき人の人生日記,道端で困っていたヤクザの車を無償で修理した17歳貧乏整備士。翌日、黒塗りの高級車が工場に現れて…,101129,,,0,db_thumbnail_url: HTTPError
HsKwTCdrCqw,人生の輝き,「私の父は現社長よ？悔しいなら創業者でも呼んでみなさいよ」とお局社員に嘲笑された新人OL。「…わかりました」と即電話をかけた結果…,100808,,,0,db_thumbnail_url: HTTPError
44AxY1RHxnE,人生ドラマ座,「英語で何か言ってみろよ」社内プレゼンで強要された公開侮辱の68歳庶務係…たった一言で海外役員と会場を黙らせた,100471,existing,E:\Data\ObsidianVault\02_Channels\シニア朗読\競合リサーチ\サムネ企画検索ポータル_20260605\thumbnail_assets\44AxY1RHxnE.jpg,189775,
eaZG4Qq_Jb4,人生はバラ色,「10兆円？クソガキが何言ってのｗ」女子高生を嘘つき扱いし追い出したエリート銀行員→「…残念です」翌日全額出金した結果…,99601,existing,E:\Data\ObsidianVault\02_Channels\シニア朗読\競合リサーチ\サムネ企画検索ポータル_20260605\thumbnail_assets\eaZG4Qq_Jb4.jpg,206166,
u5fNU82TM8Q,人生劇場放送局,【スカッと】「いつでも潰せるのよ」と同窓会で女部長。町工場を切った翌日、会社が倒産危機に...【シニア】,99337,existing,E:\Data\ObsidianVault\02_Channels\シニア朗読\競合リサーチ\サムネ企画検索ポータル_20260605\thumbnail_assets\u5fNU82TM8Q.jpg,207959,
EgqjYlBCGeM,人生色々TV,仕事を教え仲良く話してただけなのに部長からクビを言い渡された…後日、青ざめたのは幹部連中だった…,99303,existing,E:\Data\ObsidianVault\02_Channels\シニア朗読\競合リサーチ\サムネ企画検索ポータル_20260605\thumbnail_assets\EgqjYlBCGeM.jpg,188538,
RbZMfEf-j9g,人生劇場放送局,【スカッと】同窓会で取引先社長と知らず見下す男。直後、美人秘書が現れ同級生が震えあがる。【シニア】,98430,existing,E:\Data\ObsidianVault\02_Channels\シニア朗読\競合リサーチ\サムネ企画検索ポータル_20260605\thumbnail_assets\RbZMfEf-j9g.jpg,152017,
7Yebn3xmAL0,心に響く人生ドラマ日誌,社長令嬢にクビを言い渡されたおばあさん──だが、彼女が辞めた翌日、会社は一気に倒産危機に,97691,existing,E:\Data\ObsidianVault\02_Channels\シニア朗読\競合リサーチ\サムネ企画検索ポータル_20260605\thumbnail_assets\7Yebn3xmAL0.jpg,148304,
4wkf-9tMVl0,人生の温もり,「コンビニで食べろ」老夫婦を追い出そうとした店員…次の瞬間、オーナーが土下座した理由 #感動 #映画 #奇跡 #感動の館,97307,existing,E:\Data\ObsidianVault\02_Channels\シニア朗読\競合リサーチ\サムネ企画検索ポータル_20260605\thumbnail_assets\4wkf-9tMVl0.jpg,93951,
-UCsFGFW5YA,人生は七色,観光地で取り残された古いうどん屋は、ハーバード大卒の才女によって復活を遂げるのでした,97284,existing,E:\Data\ObsidianVault\02_Channels\シニア朗読\競合リサーチ\サムネ企画検索ポータル_20260605\thumbnail_assets\-UCsFGFW5YA.jpg,241504,
YWcnGUC3lxk,仁義と人生の部屋,「みかじめ料100万払わんなら、この店燃やすで」女将を脅し金を巻き上げようと企む新興ヤクザ。→その直後、黒塗りの高級車が店の前に30台現れ…【スカッとする話】,96244,existing,E:\Data\ObsidianVault\02_Channels\シニア朗読\競合リサーチ\サムネ企画検索ポータル_20260605\thumbnail_assets\YWcnGUC3lxk.jpg,200110,
ioZml5pZXLU,静かなる英雄たち,「予約先をお間違えでは？」5つ星ホテルで嘲笑された老夫婦。だが翌朝、ホテルの星評価が取り消されると――。,95599,existing,E:\Data\ObsidianVault\02_Channels\シニア朗読\競合リサーチ\サムネ企画検索ポータル_20260605\thumbnail_assets\ioZml5pZXLU.jpg,211046,
91Qe96sxuFw,人生のシナリオ,「英語できないくせに」アメリカ顧客の前で嘲笑された27歳派遣社員…しかし彼女が口を開くと会議室が凍りついた【感動する話】,95548,existing,E:\Data\ObsidianVault\02_Channels\シニア朗読\競合リサーチ\サムネ企画検索ポータル_20260605\thumbnail_assets\91Qe96sxuFw.jpg,189035,
ujB0X343Hw0,人生は七色,財布を盗まれたホームレスに5万円を渡した貧乏就活生。翌日、最終面接に現れたのはまさかの人物で…【スカッと】,95320,existing,E:\Data\ObsidianVault\02_Channels\シニア朗読\競合リサーチ\サムネ企画検索ポータル_20260605\thumbnail_assets\ujB0X343Hw0.jpg,187689,
831d7URW4ZU,人生は七色,「大丈夫？」怪しいホームレス姿のボロボロ男が公園で4人姉妹に声をかけた…この男の本当の正体を知った時、誰もが言葉を失った,95153,existing,E:\Data\ObsidianVault\02_Channels\シニア朗読\競合リサーチ\サムネ企画検索ポータル_20260605\thumbnail_assets\831d7URW4ZU.jpg,287922,
UHflseUkFGQ,人生は七色,廃業寸前の工場で働く叔父は、引きこもりの甥っ子との出会いですべてがひっくり返ったのです,95035,existing,E:\Data\ObsidianVault\02_Channels\シニア朗読\競合リサーチ\サムネ企画検索ポータル_20260605\thumbnail_assets\UHflseUkFGQ.jpg,254536,
UAeY_rGU_3E,人生は贈り物,「何でもします！この子にミルクをください」母を亡くし０歳の妹を育てる17歳の女子高生 → 廃業寸前のパン屋が住み込みで雇った結果,94646,existing,E:\Data\ObsidianVault\02_Channels\シニア朗読\競合リサーチ\サムネ企画検索ポータル_20260605\thumbnail_assets\UAeY_rGU_3E.jpg,296138,
tiuvpyb6D4U,感動スカっと人生録,「明日から無職…」倒れた老婆を助けた全財産2000円のOL→翌朝、黒塗りの車が…,94242,,,0,db_thumbnail_url: HTTPError
XEO7xeCacRk,人生のドラマTV,「お代は結構です」財布を忘れたお爺さんに寿司をご馳走した大将。後日、廃業した寿司屋の前に黒塗りの高級車が現れて...,93968,existing,E:\Data\ObsidianVault\02_Channels\シニア朗読\競合リサーチ\サムネ企画検索ポータル_20260605\thumbnail_assets\XEO7xeCacRk.jpg,233459,
zv65Etf8B7U,静かなる英雄たち,「お帰りください」高級レストランであしらわれた老夫婦。その30分後、支配人が凍りついた...。,93858,existing,E:\Data\ObsidianVault\02_Channels\シニア朗読\競合リサーチ\サムネ企画検索ポータル_20260605\thumbnail_assets\zv65Etf8B7U.jpg,181579,
MoRUsmuC6II,人生のヒカリ,「また勘違い老人か」破産寸前で夫の形見のスカイラインケンメリGT-Rを売る老婆。嘲笑した店員が奇跡の一台と知り...老婆は最後の旅にでる...,93464,existing,E:\Data\ObsidianVault\02_Channels\シニア朗読\競合リサーチ\サムネ企画検索ポータル_20260605\thumbnail_assets\MoRUsmuC6II.jpg,165871,
_eoV1xwA2Fs,人生は七色,バス停で倒れた老人を助けた貧乏な女子高生。数日後、学校に老人が現れて、全校生徒が静まり返った…【感動】,90799,existing,E:\Data\ObsidianVault\02_Channels\シニア朗読\競合リサーチ\サムネ企画検索ポータル_20260605\thumbnail_assets\_eoV1xwA2Fs.jpg,272664,
t1c_YOJZdKY,人生は100年,借金380万で廃業寸前のラーメン屋が、ゴミ捨て場でうずくまる少女にラーメンを出した結果→黒塗りの高級車が現れて【感動する話】,90289,existing,E:\Data\ObsidianVault\02_Channels\シニア朗読\競合リサーチ\サムネ企画検索ポータル_20260605\thumbnail_assets\t1c_YOJZdKY.jpg,160605,
ldF7cthWxJQ,人生逆転ドラマch,下積み時代を支えた女優彼女に浮気された俺。数ヶ月後，ハリウッド女優の幼馴染と再開し…,89659,existing,E:\Data\ObsidianVault\02_Channels\シニア朗読\競合リサーチ\サムネ企画検索ポータル_20260605\thumbnail_assets\ldF7cthWxJQ.jpg,86271,
H_J_Q5zoq38,人生は七色,「貧乏人はボロアパートにでも住んでろ！」高級マンションのモデルルームに現れたボロ靴の老人を追い返したトップ営業マン。5分後、彼は顔面蒼白で土下座した…,89573,existing,E:\Data\ObsidianVault\02_Channels\シニア朗読\競合リサーチ\サムネ企画検索ポータル_20260605\thumbnail_assets\H_J_Q5zoq38.jpg,250328,
PvJ5BqOJwZ8,人生は七色,「清掃員のくせに出しゃばるな！」大学の廊下で胸ぐらを掴まれ罵倒される70歳の清掃員のお婆さん。しかしその正体が明かされた瞬間、教授会は凍りついた…,89551,existing,E:\Data\ObsidianVault\02_Channels\シニア朗読\競合リサーチ\サムネ企画検索ポータル_20260605\thumbnail_assets\PvJ5BqOJwZ8.jpg,178503,
dpwj25XjLH0,お茶の間TV 〈スカッと感動〉,ヤクザ「俺は○○組だぞ」無断駐車し続ける迷惑男→「こちらも同業だけど大丈夫？」→「え？」【スカッとする話】 YAKUZA,89269,existing,E:\Data\ObsidianVault\02_Channels\シニア朗読\競合リサーチ\サムネ企画検索ポータル_20260605\thumbnail_assets\dpwj25XjLH0.jpg,212913,
5Z2BC-FTZ7g,人生色々TV,それを見た頑固な大将が、大粒の涙を流して崩れました…,89063,existing,E:\Data\ObsidianVault\02_Channels\シニア朗読\競合リサーチ\サムネ企画検索ポータル_20260605\thumbnail_assets\5Z2BC-FTZ7g.jpg,211265,
KOtT4IVXTXE,人生色々TV,完璧な英語体制で臨んだエリート部長がドイツ語通じず契約破談寸前！形勢逆転させたのは誰もが眼を疑う人物でした…,88650,existing,E:\Data\ObsidianVault\02_Channels\シニア朗読\競合リサーチ\サムネ企画検索ポータル_20260605\thumbnail_assets\KOtT4IVXTXE.jpg,184878,
aDW7_0C9NpA,人生は100年,1200万の福祉車両を試乗に来た車椅子の女性。同僚「冷やかし客でしょｗ」見下す若手に左遷54歳の俺「お前は下がれ」→3ヶ月後、彼女の自宅に訪問すると父親の正体がまさかの…【感動する話】,88586,existing,E:\Data\ObsidianVault\02_Channels\シニア朗読\競合リサーチ\サムネ企画検索ポータル_20260605\thumbnail_assets\aDW7_0C9NpA.jpg,210729,
kdeuB64YZrU,お茶の間TV 〈スカッと感動〉,ヤクザにドタキャンされ大赤字…割烹の私は涙目に→常連親子｢どこの組？潰すぞ｣その後w【スカッとする話】,88516,existing,E:\Data\ObsidianVault\02_Channels\シニア朗読\競合リサーチ\サムネ企画検索ポータル_20260605\thumbnail_assets\kdeuB64YZrU.jpg,148858,
HE0Onr2HfBY,お茶の間TV 〈スカッと感動〉,飲み会でチンピラが挑発「親がヤクザなんて嘘だろ？今すぐ呼んでみろw」→10分後、30台の黒塗り高級車と組長が現れ...【スカッとする話】,87261,existing,E:\Data\ObsidianVault\02_Channels\シニア朗読\競合リサーチ\サムネ企画検索ポータル_20260605\thumbnail_assets\HE0Onr2HfBY.jpg,139712,
mxQE3wfz07U,人生は100年,7年働いた会社を突然クビになったシングルマザーの私。「子どもがいると困る」と何度も断られ...ようやく決まったパート先に社長が来たら衝撃の展開に…【感動する話】,87127,existing,E:\Data\ObsidianVault\02_Channels\シニア朗読\競合リサーチ\サムネ企画検索ポータル_20260605\thumbnail_assets\mxQE3wfz07U.jpg,289457,
llkryYeTVQw,人生は100年,取引先の社長に見合いを勧められた38歳独身の俺「母の介護があるんで無理です」→その夜ヤンキーに絡まれてる女性を助けたら見合い写真と同じ顔で「私たち初めてじゃないですよ？」「え？」【感動する話】,86998,existing,E:\Data\ObsidianVault\02_Channels\シニア朗読\競合リサーチ\サムネ企画検索ポータル_20260605\thumbnail_assets\llkryYeTVQw.jpg,152061,
9NQjvL9riGI,人生は100年,訳あって5年間「無能のフリ」をし続けた35歳の窓際社員。ある日、将来有望な女性新入社員が上司に嵌められクビの危機に！本気を出して助けた結果…【感動する話】,86696,existing,E:\Data\ObsidianVault\02_Channels\シニア朗読\競合リサーチ\サムネ企画検索ポータル_20260605\thumbnail_assets\9NQjvL9riGI.jpg,165446,
WIepHitu-6o,人生のドラマTV,スイートルームから追い出された日本人老人の正体に、差別したスタッフが震え上がる,86616,existing,E:\Data\ObsidianVault\02_Channels\シニア朗読\競合リサーチ\サムネ企画検索ポータル_20260605\thumbnail_assets\WIepHitu-6o.jpg,178687,
4hybAU7Vn4w,人生は100年,廃業寸前のラーメン屋に毎晩現れるボロボロ少年。看板娘「麺伸びたから食べて」嘘をついて食べさせた→20年後、大人になった彼がスーパーで怒鳴られていた女性の正体に衝撃…【感動する話】,85640,existing,E:\Data\ObsidianVault\02_Channels\シニア朗読\競合リサーチ\サムネ企画検索ポータル_20260605\thumbnail_assets\4hybAU7Vn4w.jpg,146835,
6RMpmJiQThQ,人生は100年,土砂降りの夜に路地裏にうずくまる女性に「ちゃんとした場所に泊まりな」と亡き母の傘と1万円を渡した→8年後、商談先のビルで覚えのある傘を持った女社長が現れて…【感動する話】,85414,existing,E:\Data\ObsidianVault\02_Channels\シニア朗読\競合リサーチ\サムネ企画検索ポータル_20260605\thumbnail_assets\6RMpmJiQThQ.jpg,255583,
ofOFH6F6ZwI,人生のドラマTV,ヤクザの命を救った貧乏な少女。翌日、解体業者が少女の家を破壊して...,85207,existing,E:\Data\ObsidianVault\02_Channels\シニア朗読\競合リサーチ\サムネ企画検索ポータル_20260605\thumbnail_assets\ofOFH6F6ZwI.jpg,279407,
Hb4lmalPWz8,面白きかな人生,「農業なんて底辺だろ」陰で嘲笑され解約を勧められた農家の男性。5秒後、頭取から着信が…【面白きかな人生】,85072,existing,E:\Data\ObsidianVault\02_Channels\シニア朗読\競合リサーチ\サムネ企画検索ポータル_20260605\thumbnail_assets\Hb4lmalPWz8.jpg,217385,
rq6P2czG2i0,人生は贈り物,突然ヤクザが現れ、みかじめ料を搾取される小料理屋の女将 → 常連客の爺さんが正体を現した結果・・【感動する話】,84915,existing,E:\Data\ObsidianVault\02_Channels\シニア朗読\競合リサーチ\サムネ企画検索ポータル_20260605\thumbnail_assets\rq6P2czG2i0.jpg,263280,
dGvf5KORCLA,感動スカっと人生録,お爺さんを助け3分遅刻。面接官に嘲笑された貧乏就活生－立ち去ろうとしたその瞬間…,84690,,,0,db_thumbnail_url: HTTPError
EUANcvHn-6o,人生は100年,廃業寸前のとんかつ屋にびしょ濡れの女性が来店「これが最後の晩餐つもりで…」大将「おい！変なこと考えるなよ！」→涙の真相を聞いて女性を助けた結果…【感動する話】,84431,existing,E:\Data\ObsidianVault\02_Channels\シニア朗読\競合リサーチ\サムネ企画検索ポータル_20260605\thumbnail_assets\EUANcvHn-6o.jpg,161992,
jwX9CPyx6GA,人生は七色,真夜中の工場の屋外の冷たい水で震える双子を洗う母親。倒産寸前の社長が風呂を貸した結果…,84011,existing,E:\Data\ObsidianVault\02_Channels\シニア朗読\競合リサーチ\サムネ企画検索ポータル_20260605\thumbnail_assets\jwX9CPyx6GA.jpg,257884,
guNwW5QWE0w,人生は100年,廃業寸前の自動車修理工場を営む40歳独身男。婚活全敗の夜、公園で出会ったホームレス女性と同居することに→旧友に侮辱されたのでパーティーに彼女を連れて行った結果【感動する話】,83875,existing,E:\Data\ObsidianVault\02_Channels\シニア朗読\競合リサーチ\サムネ企画検索ポータル_20260605\thumbnail_assets\guNwW5QWE0w.jpg,160766,
y2JJkIokr3Y,静かなる英雄たち,「邪魔くさい」若い研修医に嘲笑された掃除のおばあさん。だが3日後、医療学会の議長として彼女が現れるとーー。,83857,existing,E:\Data\ObsidianVault\02_Channels\シニア朗読\競合リサーチ\サムネ企画検索ポータル_20260605\thumbnail_assets\y2JJkIokr3Y.jpg,259922,
hAWk4-btzmQ,人生逆転ドラマch,同僚にスノボに誘われ置き去りにされた私。1人で行ったら取引先のイケメンが現れ…,83295,existing,E:\Data\ObsidianVault\02_Channels\シニア朗読\競合リサーチ\サムネ企画検索ポータル_20260605\thumbnail_assets\hAWk4-btzmQ.jpg,244873,
KfWi40Vej2Q,静かなる英雄たち,「場違いです」高級屋形船で冷遇された老夫婦。だがその1時間後、支配人が凍りついた――。,83086,existing,E:\Data\ObsidianVault\02_Channels\シニア朗読\競合リサーチ\サムネ企画検索ポータル_20260605\thumbnail_assets\KfWi40Vej2Q.jpg,221188,
47l7ectSo48,人生は七色,借金を抱えて廃業寸前の町工場でうなだれる二代目社長。IQ200の5歳の娘が発した一言をキッカケに想像を超える奇跡が起きる…,82986,existing,E:\Data\ObsidianVault\02_Channels\シニア朗読\競合リサーチ\サムネ企画検索ポータル_20260605\thumbnail_assets\47l7ectSo48.jpg,232680,
c13mPM6c7_s,愛しき人の人生日記,「私、通訳できます」貧しい清掃員の一言が大手グループの崩壊危機を救い始める…,82568,,,0,db_thumbnail_url: HTTPError
JPrPkRuvOOI,人生逆転ドラマシアター,「え、バイト？ この歳で？」と同窓会で社長婦人に笑われた女性。 数時間後、その場にいた全員が青ざめた,82540,,,0,db_thumbnail_url: HTTPError
FX8nS6tqrCg,人生逆転ストーリー,「予約なんて入ってませんよ？お帰りください」高級旅館で勝手にキャンセルされ、追い返された老夫婦――翌日、旅館が震えた“正体”とは,82310,,,0,db_thumbnail_url: HTTPError
ji5cZ3mzQDM,人生劇場放送局,【スカッと】「ギャルが筆頭株主？倒産させてみろw」「後悔しますよ？」役員達「しねえよｗ」→結果。【シニア】,82188,existing,E:\Data\ObsidianVault\02_Channels\シニア朗読\競合リサーチ\サムネ企画検索ポータル_20260605\thumbnail_assets\ji5cZ3mzQDM.jpg,254661,
4tQSzURSCjk,人生の輝き,方言丸出しの就活生を嘲笑し門前払いした面接官は知らなかった。彼女が、年商1000億の大企業の後継者だということに…,81899,,,0,db_thumbnail_url: HTTPError
sqg4w669vwE,人生逆転ドラマch,「タワマン50階に住んでるの♪」俺を見下す元カノカップルにタワマンを自慢される。娘「うちは10階建の小さなお家なのに…」元カノ「え？」,80955,existing,E:\Data\ObsidianVault\02_Channels\シニア朗読\競合リサーチ\サムネ企画検索ポータル_20260605\thumbnail_assets\sqg4w669vwE.jpg,68676,
-fV_rkFYQPw,人生色々TV,兄夫婦に捨てられたヤンチャ姪を親族全員が見捨てた…「うち来いよ」清掃員の俺が引き取ると・・・,80926,existing,E:\Data\ObsidianVault\02_Channels\シニア朗読\競合リサーチ\サムネ企画検索ポータル_20260605\thumbnail_assets\-fV_rkFYQPw.jpg,217212,
ucaNKc-eSC0,人生は七色,「アジア人は客じゃない」と笑った高級腕時計店の販売スタッフ、次の瞬間…世界的VIPの息子が現れて地獄に落ちた,80922,existing,E:\Data\ObsidianVault\02_Channels\シニア朗読\競合リサーチ\サムネ企画検索ポータル_20260605\thumbnail_assets\ucaNKc-eSC0.jpg,179372,
VWYp9a14C4c,人生は100年,大学中退して妹を養う22歳の俺。隣の美人なお姉さん「作りすぎちゃって」→毎晩ご飯をくれる彼女の過去を聞いた夜、俺はある決意をした【感動する話】,80777,existing,E:\Data\ObsidianVault\02_Channels\シニア朗読\競合リサーチ\サムネ企画検索ポータル_20260605\thumbnail_assets\VWYp9a14C4c.jpg,133204,
kzcyykpUHpc,人生色々TV,所持金100円の老婆に蕎麦をご馳走した…後日、廃業寸前の店がまさかの事態に…,80726,existing,E:\Data\ObsidianVault\02_Channels\シニア朗読\競合リサーチ\サムネ企画検索ポータル_20260605\thumbnail_assets\kzcyykpUHpc.jpg,136645,
_ME77FZEBkU,人生劇場放送局,【スカッと】「今すぐ1000億返済してみろよ！」　と工場社長を見下した銀行員。「本当にいいんですね？」5秒で返した結果...【シニア】,80395,existing,E:\Data\ObsidianVault\02_Channels\シニア朗読\競合リサーチ\サムネ企画検索ポータル_20260605\thumbnail_assets\_ME77FZEBkU.jpg,175849,
-RIn0EWV7wQ,人生は七色,キャバクラでいじめられる雑用係のおばあさん。しかし、彼女が完璧な英語でアメリカ大企業CEOを接客した結果…【スカッと】,80122,existing,E:\Data\ObsidianVault\02_Channels\シニア朗読\競合リサーチ\サムネ企画検索ポータル_20260605\thumbnail_assets\-RIn0EWV7wQ.jpg,287500,
s49JBZ-ckAE,人生のドラマTV,大雨の夜、びしょ濡れの老人を落ちこぼれのキャバ嬢だけが助けた結果...,80035,existing,E:\Data\ObsidianVault\02_Channels\シニア朗読\競合リサーチ\サムネ企画検索ポータル_20260605\thumbnail_assets\s49JBZ-ckAE.jpg,244671,
kQe9bvz_PEc,静かなる英雄たち,「そんなボロ車で」高級ディーラーで嘲笑されたおじいさん。だが2週間後、営業マンが凍りついた理由とはーー。,80018,existing,E:\Data\ObsidianVault\02_Channels\シニア朗読\競合リサーチ\サムネ企画検索ポータル_20260605\thumbnail_assets\kQe9bvz_PEc.jpg,218145,
0iXCO3furA0,人生逆転ストーリー,銀行で五時間待たされたおじいさん「解約？どうぞお好きに。どうせ数万でしょ？」その一言の“代償”を、銀行員はまだ知らなかった,78986,,,0,db_thumbnail_url: HTTPError
4k8IcZcUUAA,心に響く人生ドラマ日誌,社長「明日から来なくていい」地味な派遣OL「わかりました」帰り支度をすると、社長「あなたではありません」,78986,existing,E:\Data\ObsidianVault\02_Channels\シニア朗読\競合リサーチ\サムネ企画検索ポータル_20260605\thumbnail_assets\4k8IcZcUUAA.jpg,132595,
TzBk_S7_yh0,面白きかな人生,「お前が辞めても困らないぜ～ｗ」、「俺は次期社長だから」と上司から罵倒された派遣OL→「今日で会社辞めます」次の瞬間、すべてが凍りついた【面白きかな人生】,78452,existing,E:\Data\ObsidianVault\02_Channels\シニア朗読\競合リサーチ\サムネ企画検索ポータル_20260605\thumbnail_assets\TzBk_S7_yh0.jpg,236134,
7bl2PZA8a54,人生色々TV,それがキッカケで彼女がクビになりました…すると、それを知った会長がまさかの行動を•••,78374,existing,E:\Data\ObsidianVault\02_Channels\シニア朗読\競合リサーチ\サムネ企画検索ポータル_20260605\thumbnail_assets\7bl2PZA8a54.jpg,270274,
2C1PMBSW3eU,人生色々TV,車椅子の息子が暴言を吐かれた直後…運転手「降りてください」ヤンキー「はっ(怒)」母「はい••」「いえ、あなた方ではないです」一体何が・・・,78032,existing,E:\Data\ObsidianVault\02_Channels\シニア朗読\競合リサーチ\サムネ企画検索ポータル_20260605\thumbnail_assets\2C1PMBSW3eU.jpg,233828,
m3p3zrd9FNM,面白きかな人生,【肉声朗読】「ジジイが口座100個とか笑えるｗ」料亭で銀行員に笑われた高齢夫婦→翌朝、750億円を一括解約したら…【面白きかな人生】,77375,existing,E:\Data\ObsidianVault\02_Channels\シニア朗読\競合リサーチ\サムネ企画検索ポータル_20260605\thumbnail_assets\m3p3zrd9FNM.jpg,194824,
fN4rendPcJk,愛しき人の人生日記,知らずにヤクザを助けた中卒社員。翌日､会社の前に黒塗りの高級車が現れ…,77303,,,0,db_thumbnail_url: HTTPError
72UpLke0mIc,仁義と人生の部屋,「文句あるなら回収しに来いｗ」祖母の店で50人分ドタキャンしたヤクザ→私「今すぐ逃げて！」元組長の祖母が100人の組員を集め…【スカッとする話】,77260,existing,E:\Data\ObsidianVault\02_Channels\シニア朗読\競合リサーチ\サムネ企画検索ポータル_20260605\thumbnail_assets\72UpLke0mIc.jpg,241889,
TjblsOoKihA,人生は100年,社長が夜逃げして給料3ヶ月未払いで38歳職人と3人の女性が行き場を失った→23歳の女性「どこか泊めてください」男「うちに来い、全員だ」→4人が共同生活を始めてとんでもない結果に【感動する話】,77193,existing,E:\Data\ObsidianVault\02_Channels\シニア朗読\競合リサーチ\サムネ企画検索ポータル_20260605\thumbnail_assets\TjblsOoKihA.jpg,229358,
XwpRN7nOr8c,人生色々TV,次の瞬間、私は息子の家を土足で上がりブランドバッグに蹴りを入れました…,77008,existing,E:\Data\ObsidianVault\02_Channels\シニア朗読\競合リサーチ\サムネ企画検索ポータル_20260605\thumbnail_assets\XwpRN7nOr8c.jpg,243642,
lgUKGLVfJMI,人生ドラマTV,ベテランをリストラした会社の末路。顧客が次々と離反した理由。競合他社へ転職した結果...元の会社は10億円損失、崩壊寸前！,76976,existing,E:\Data\ObsidianVault\02_Channels\シニア朗読\競合リサーチ\サムネ企画検索ポータル_20260605\thumbnail_assets\lgUKGLVfJMI.jpg,207360,
Cbf0jME0yAU,心に響く人生ドラマ日誌,「お前なんかいなくても困らないｗ」と部長から罵倒された派遣OL→「今日で会社辞めます」次の瞬間、全員が凍りついた,76845,existing,E:\Data\ObsidianVault\02_Channels\シニア朗読\競合リサーチ\サムネ企画検索ポータル_20260605\thumbnail_assets\Cbf0jME0yAU.jpg,203190,
MvVVSXrVkcg,心に響く人生ドラマ日誌,ボロ服の老夫婦を嘲笑した高級料亭──翌日、1本の電話が鳴り店が崩壊寸前に,76771,existing,E:\Data\ObsidianVault\02_Channels\シニア朗読\競合リサーチ\サムネ企画検索ポータル_20260605\thumbnail_assets\MvVVSXrVkcg.jpg,133242,
ey8NzHLcx5g,涙のひととき,【感動する話】廃業寸前でお客がゼロの旅館に来た俺。元料理人の俺が女将に手を貸した結果…,76239,existing,E:\Data\ObsidianVault\02_Channels\シニア朗読\競合リサーチ\サムネ企画検索ポータル_20260605\thumbnail_assets\ey8NzHLcx5g.jpg,233806,
5oinBFu4Ai8,人生は七色,「いいから座って食っていけ」育児放棄された兄妹に揚げたての天ぷらを出した店主…15年後、現れた人物に驚愕,75978,existing,E:\Data\ObsidianVault\02_Channels\シニア朗読\競合リサーチ\サムネ企画検索ポータル_20260605\thumbnail_assets\5oinBFu4Ai8.jpg,205449,
_rW9SLsWpK4,人生は贈り物,「おばあちゃん、これ食べてください」全財産500円で買った弁当をホームレスに譲った貧乏姉妹 → 実はそのホームレスの正体は・・・　【感動する話】,75834,existing,E:\Data\ObsidianVault\02_Channels\シニア朗読\競合リサーチ\サムネ企画検索ポータル_20260605\thumbnail_assets\_rW9SLsWpK4.jpg,230940,
MNz5JpkjNO4,心に響く人生ドラマ日誌,「雑用係」と嘲笑され続けた女。商談の日、全員が息を呑んだ理由とは？,75768,existing,E:\Data\ObsidianVault\02_Channels\シニア朗読\競合リサーチ\サムネ企画検索ポータル_20260605\thumbnail_assets\MNz5JpkjNO4.jpg,138225,
aa-FAuS3TuA,人生は100年,ヤクザの娘と知らずにバイト先で「辞めろ！」と怒鳴った結果→翌週、黒塗りの高級車で連れ去られた…組長「責任とってもらう」俺「え？」【感動する話】,75762,existing,E:\Data\ObsidianVault\02_Channels\シニア朗読\競合リサーチ\サムネ企画検索ポータル_20260605\thumbnail_assets\aa-FAuS3TuA.jpg,205868,
0KjsETeYgN8,人生のシナリオ,余命3ヶ月のお爺さんに、焼き芋を半分あげた5歳の少女。後日、廃業寸前の焼き芋屋に黒いスーツの男が現れ…【感動する話】,75661,existing,E:\Data\ObsidianVault\02_Channels\シニア朗読\競合リサーチ\サムネ企画検索ポータル_20260605\thumbnail_assets\0KjsETeYgN8.jpg,216074,
QXloo6MHF8I,静かなる英雄たち,「急ぎじゃないでしょ」銀行で5時間待たされたおばあさん。「ここの銀行の株、全て売却します」その一言に、支店全体が凍りついた――。,75477,existing,E:\Data\ObsidianVault\02_Channels\シニア朗読\競合リサーチ\サムネ企画検索ポータル_20260605\thumbnail_assets\QXloo6MHF8I.jpg,179920,
AUY3pPgsRGA,人生逆転ストーリー,「こんなボロ店で忘年会？無理無理。全部キャンセルで」小料理屋を侮辱した男の末路──翌日“50億円契約破棄”で業界が凍りつく,75202,,,0,db_thumbnail_url: HTTPError
Ppv-d6Tck_g,人生ドラマ座,「お前のチケットいらないよなw」大事な商談で上司に置き去りにされた新人社員。2時間後、商談の席で相手の社長「彼女が来ないなら破談で」上司「え？」,75172,existing,E:\Data\ObsidianVault\02_Channels\シニア朗読\競合リサーチ\サムネ企画検索ポータル_20260605\thumbnail_assets\Ppv-d6Tck_g.jpg,184502,
i_OF9EWN_kQ,人生劇場放送局,【スカッと】巨大財閥の後継者と知らず婚約破棄した女。翌日、俺の正体を知って顔面蒼白になり...。【シニア】,75102,existing,E:\Data\ObsidianVault\02_Channels\シニア朗読\競合リサーチ\サムネ企画検索ポータル_20260605\thumbnail_assets\i_OF9EWN_kQ.jpg,241242,
jeeCIE_gEPg,人生スカッと物語,「かわりに捨てときますねw」とボロ通帳がビリビリに。「倒産させます」お婆さんの行動に行員たちは息を呑んだ…,75014,,,0,db_thumbnail_url: HTTPError
Mw2O5OeqR1Y,静かなる英雄たち,「早く出ていけ」高級焼肉店で冷遇された老夫婦。「この店とは取引終了で」そう告げた1時間後、支配人が凍りついたーー。,74890,existing,E:\Data\ObsidianVault\02_Channels\シニア朗読\競合リサーチ\サムネ企画検索ポータル_20260605\thumbnail_assets\Mw2O5OeqR1Y.jpg,185733,
NSz3bZFGLvk,人生の輝き,「5000万下ろす？見栄を張るなババァw」銀行員たちにバカにされ6時間放置された老婆。退店した老婆と共に500兆円が消え去り銀行は大混乱に陥った…,74602,,,0,db_thumbnail_url: HTTPError
rK_ety6r7nU,面白きかな人生,【肉声朗読】「やれるもんならやってみなｗ」と高級焼肉屋で銀行員に笑われた78歳、翌朝30億円引き出しで銀行パニック！【面白きかな人生】,74594,existing,E:\Data\ObsidianVault\02_Channels\シニア朗読\競合リサーチ\サムネ企画検索ポータル_20260605\thumbnail_assets\rK_ety6r7nU.jpg,195072,
qMtUXAqGIj0,人生は100年,家賃も母の通院費も払えない老舗うなぎ屋を経営する俺→5カ国語を操る同級生がクビになり「もう居場所がない」と泣いていたので雇ったら→廃業寸前のお店がとんでもないことに…【感動する話】,74480,existing,E:\Data\ObsidianVault\02_Channels\シニア朗読\競合リサーチ\サムネ企画検索ポータル_20260605\thumbnail_assets\qMtUXAqGIj0.jpg,211051,
L5tG-SV72mA,感動スカっと人生録,おにぎり1個で会社をクビになったOL｜人生崩壊した数日後、『あの人』から着信が…,74209,,,0,db_thumbnail_url: HTTPError
NbtTBuRZxHw,人生は100年,「これで泊まれますか」100円を差し出した21歳の外国人女性を泊めた廃業寸前の民宿→数日後、黒塗りの高級車が現れて…,73999,existing,E:\Data\ObsidianVault\02_Channels\シニア朗読\競合リサーチ\サムネ企画検索ポータル_20260605\thumbnail_assets\NbtTBuRZxHw.jpg,181247,
4gjCxauWVJk,人生劇場放送局,【スカッと】「お会計100万円、貧乏人に払えます？w」高級料亭で見下された老夫婦。「納品を全面停止で」→女将がガクガク震えだし...。【シニア】,73990,existing,E:\Data\ObsidianVault\02_Channels\シニア朗読\競合リサーチ\サムネ企画検索ポータル_20260605\thumbnail_assets\4gjCxauWVJk.jpg,195007,
zZFzi9dTANE,人生の輝き,「10円しか預金ないので捨てますねw」通帳をわざと破いた若手銀行員。「では私も捨てますね」翌日、10円を捨てた銀行の全預金10兆円が消え失せた…,73533,,,0,db_thumbnail_url: HTTPError
pKfaeIU9MDE,人生は七色,ボロボロの庭掃除の老婆に話しかけた中東アラブの王子、その直後…300億の契約が一変した,73439,existing,E:\Data\ObsidianVault\02_Channels\シニア朗読\競合リサーチ\サムネ企画検索ポータル_20260605\thumbnail_assets\pKfaeIU9MDE.jpg,169559,
OxD06GLRYus,人生は七色,"「貧乏な年金生活者」と高級旅行代理店で冷遇された老夫婦。""名刺1枚""で支店長が土下座した理由とは…",73326,existing,E:\Data\ObsidianVault\02_Channels\シニア朗読\競合リサーチ\サムネ企画検索ポータル_20260605\thumbnail_assets\OxD06GLRYus.jpg,197367,
NfhxWdgNIvw,お茶の間TV 〈スカッと感動〉,「お前の親、ヤクザ設定だっけ？w 呼んでみろ w」同窓会でネタにされた私。数分後、大量の黒塗り高級車が現れ… 【スカッとする話】,73324,existing,E:\Data\ObsidianVault\02_Channels\シニア朗読\競合リサーチ\サムネ企画検索ポータル_20260605\thumbnail_assets\NfhxWdgNIvw.jpg,165539,
F7LNZEmBaV4,人生は100年,廃業寸前の80年以上続く木工工房の67歳の職人→ある日、車椅子の少女の母親が「娘の為に椅子を作っていただけませんか？」最後の仕事で無償で作った結果…【感動する話】,73182,existing,E:\Data\ObsidianVault\02_Channels\シニア朗読\競合リサーチ\サムネ企画検索ポータル_20260605\thumbnail_assets\F7LNZEmBaV4.jpg,174623,
GUp7_7RI-Nc,お茶の間TV 〈スカッと感動〉,ぼったくりヤクザ「駐車料金30万なw」ボコられる俺→彼女の一言でヤクザ5人が凍りついた理由..【スカッとする話】 YAKUZA,73081,existing,E:\Data\ObsidianVault\02_Channels\シニア朗読\競合リサーチ\サムネ企画検索ポータル_20260605\thumbnail_assets\GUp7_7RI-Nc.jpg,228150,
8ax7lBfC-jQ,人生は七色,「お前はクビだ！」会社をリストラされた無職の男。流れ着いた港町で声を失った娘に求婚されて…【感動ストーリー】,72332,existing,E:\Data\ObsidianVault\02_Channels\シニア朗読\競合リサーチ\サムネ企画検索ポータル_20260605\thumbnail_assets\8ax7lBfC-jQ.jpg,270370,
Np6S4qKfa8Q,人生劇場放送局,【スカッと】「中卒の嫁？どうせブスだろw」社長と知らず...。「どうも、ブスです」→部長が顔面蒼白に。【シニア】,72202,existing,E:\Data\ObsidianVault\02_Channels\シニア朗読\競合リサーチ\サムネ企画検索ポータル_20260605\thumbnail_assets\Np6S4qKfa8Q.jpg,301510,
-08fwtvloYM,人生ドラマ館,幼稚園の休園で妹を連れて登校、妹が救ったのは校内一最恐の金髪ヤンキーだった,71898,existing,E:\Data\ObsidianVault\02_Channels\シニア朗読\競合リサーチ\サムネ企画検索ポータル_20260605\thumbnail_assets\-08fwtvloYM.jpg,142206,
E76CgwzGxhg,人生の温もり,裸足の5歳が握りしめた100円→「乗れ」タクシー運転手が20年守り続けた理由【感動する話】,71765,existing,E:\Data\ObsidianVault\02_Channels\シニア朗読\競合リサーチ\サムネ企画検索ポータル_20260605\thumbnail_assets\E76CgwzGxhg.jpg,253416,
rr2SSCtT9sg,人生は贈り物,盲目の少女 「日給100円でいいので働かせてください」 廃業寸前の和菓子屋店主が月給20万円で雇った結果　【感動する話】,71692,existing,E:\Data\ObsidianVault\02_Channels\シニア朗読\競合リサーチ\サムネ企画検索ポータル_20260605\thumbnail_assets\rr2SSCtT9sg.jpg,328013,
C4NtsH8OG1Y,人生は七色,「本当にありがとう」雪道で困っていた老夫婦を救った17歳の少女。後日、解雇されるも彼女を救ったのは…,71556,existing,E:\Data\ObsidianVault\02_Channels\シニア朗読\競合リサーチ\サムネ企画検索ポータル_20260605\thumbnail_assets\C4NtsH8OG1Y.jpg,211291,
IseMqKYYljg,人生逆転ストーリー,実の孫だとは知らずに面接していた会長。死んだと思っていた娘の名を聞いた瞬間、手が震えた――,71439,,,0,db_thumbnail_url: HTTPError
kLU5ZZYL1LE,人生は100年,借金で潰れかけた町工場の息子が政略結婚で大企業の婿養子に→社長令嬢の妻「あなたが嫌いです」2年間無視され続けても「おはよう」を言い続けた結果…【感動する話】,71346,existing,E:\Data\ObsidianVault\02_Channels\シニア朗読\競合リサーチ\サムネ企画検索ポータル_20260605\thumbnail_assets\kLU5ZZYL1LE.jpg,179154,
EApeyWW3vlM,人生スカッと物語,「うちで預金するな」と銀行で6時間放置され、窓口を閉められた老婆。その直後、10秒ごとにライバル銀行へ送金し続けた結果…,71250,,,0,db_thumbnail_url: HTTPError
Eh1FSSHmfgk,心に響く人生ドラマ日誌,「お前の会社なんていつでも潰せる」小さな町工場を切った大手企業の部長。数日後、出荷停止で会社が崩壊危機に…,71127,existing,E:\Data\ObsidianVault\02_Channels\シニア朗読\競合リサーチ\サムネ企画検索ポータル_20260605\thumbnail_assets\Eh1FSSHmfgk.jpg,129360,
3O-685ZLy6k,お茶の間TV 〈スカッと感動〉,「今、睨んだな?」居酒屋でヤクザ3人組に絡まれた老人。青ざめた女店主「あなたたち人生終わるよ…」3分後、組長が現れ、制裁を下す。【スカッとする話】,71099,existing,E:\Data\ObsidianVault\02_Channels\シニア朗読\競合リサーチ\サムネ企画検索ポータル_20260605\thumbnail_assets\3O-685ZLy6k.jpg,158351,
8ixOWWzUUOc,人生は七色,赤字続きだった実家の魚屋を継ぐことになった才色兼備な女性は、やがて周りの声を覆す超看板娘として成長するのでした,71015,existing,E:\Data\ObsidianVault\02_Channels\シニア朗読\競合リサーチ\サムネ企画検索ポータル_20260605\thumbnail_assets\8ixOWWzUUOc.jpg,257634,
WvBUiwODFOA,人生の縁側,「高卒に未来はない！」とIQ200の天才少女を解雇した会長の息子。わずか10分で10兆円契約が破棄され涙の土下座…！【感動する話】【朗読】,70841,existing,E:\Data\ObsidianVault\02_Channels\シニア朗読\競合リサーチ\サムネ企画検索ポータル_20260605\thumbnail_assets\WvBUiwODFOA.jpg,275899,
EVG6yPYjOZg,人生の温もり,「ゴミみたいな子」と捨てられた少女をパン屋の老夫婦が拾った結果【感動する話】,70779,existing,E:\Data\ObsidianVault\02_Channels\シニア朗読\競合リサーチ\サムネ企画検索ポータル_20260605\thumbnail_assets\EVG6yPYjOZg.jpg,201826,
urA-7KHLqJ4,静かなる英雄たち,「そこ、邪魔です」高級ふぐ料亭で蔑まれた皿洗いのおばあさん。だが社運をかけた料理コンテストで全員が諦めた瞬間「あとは任しときな」彼女が包丁を握ると——。,70455,existing,E:\Data\ObsidianVault\02_Channels\シニア朗読\競合リサーチ\サムネ企画検索ポータル_20260605\thumbnail_assets\urA-7KHLqJ4.jpg,171395,
2a2ubQ_RfWg,仁義と人生の部屋,同窓会でビールをかけた元いじめっ子社長→地味な老人の正体がヤクザ組長だと知った瞬間、地獄と化す【スカッとする話】,70361,existing,E:\Data\ObsidianVault\02_Channels\シニア朗読\競合リサーチ\サムネ企画検索ポータル_20260605\thumbnail_assets\2a2ubQ_RfWg.jpg,276520,
l7b1yYlGJIg,人生は七色,駅で外国人観光客に傘を譲った貧しい青年。翌日、アメリカ大企業のCEOから電話がかかってきて…,70272,existing,E:\Data\ObsidianVault\02_Channels\シニア朗読\競合リサーチ\サムネ企画検索ポータル_20260605\thumbnail_assets\l7b1yYlGJIg.jpg,295872,
y-CgdLtYXS4,人生の縁側,初出勤10分で解雇された貧しい高卒女性。助けた外国人の正体は…⇒3日後、1兆円契約が消滅,69955,existing,E:\Data\ObsidianVault\02_Channels\シニア朗読\競合リサーチ\サムネ企画検索ポータル_20260605\thumbnail_assets\y-CgdLtYXS4.jpg,237993,
LhTMYwCXY8U,人生色々TV,後日、ラーメン店が廃業の危機に…この非常事態を救ったのはまさかの…,69770,existing,E:\Data\ObsidianVault\02_Channels\シニア朗読\競合リサーチ\サムネ企画検索ポータル_20260605\thumbnail_assets\LhTMYwCXY8U.jpg,228322,
3XxZ7UcY0Rw,人生色々TV,辛い過去を抱え、あえて窓際族になった…そんな俺に、美人上司が突然声を掛けてきた結果…,69732,existing,E:\Data\ObsidianVault\02_Channels\シニア朗読\競合リサーチ\サムネ企画検索ポータル_20260605\thumbnail_assets\3XxZ7UcY0Rw.jpg,227955,
iu7AnVLQPbA,人生を紡ぐ,「時給3ユーロでいいので雇ってください・・」廃業寸前のフランスのケーキ屋で日本人女子大生を雇った結果【感動する話】,69686,existing,E:\Data\ObsidianVault\02_Channels\シニア朗読\競合リサーチ\サムネ企画検索ポータル_20260605\thumbnail_assets\iu7AnVLQPbA.jpg,250141,
Nqhbx6bMIJE,人生は100年,「中華そば一杯ください…」廃業寸前のラーメン屋に耳の聞こえない母と４歳の娘 → 住み込みで雇った結果【感動する話】【感動する話】,69658,existing,E:\Data\ObsidianVault\02_Channels\シニア朗読\競合リサーチ\サムネ企画検索ポータル_20260605\thumbnail_assets\Nqhbx6bMIJE.jpg,164115,
WJt3Ndg6_2g,人生劇場放送局,【スカッと】高級寿司店で中卒男を嘲笑した社長夫人翌日、旦那の会社に全取引停止の電話が...【シニア】,69637,existing,E:\Data\ObsidianVault\02_Channels\シニア朗読\競合リサーチ\サムネ企画検索ポータル_20260605\thumbnail_assets\WJt3Ndg6_2g.jpg,204875,
1U7YbTW42p4,人生は100年,廃業寸前の食堂を一人で営む38歳の男が公園のゴミ箱を漁る10歳の少女に毎晩弁当を届け続けた。ある日、食堂が全焼し街をでることに→15年後、あの公園を訪れたら一人の女性が現れて…【感動する話】,69601,existing,E:\Data\ObsidianVault\02_Channels\シニア朗読\競合リサーチ\サムネ企画検索ポータル_20260605\thumbnail_assets\1U7YbTW42p4.jpg,222742,
p94kTc4ey4k,愛しき人の人生日記,「容姿だけの中卒はクビだ」私の正体を知らずに見下し即解雇した新社長。翌日、技術停止宣告しライバル社へ電撃転職した結果、前社は即破産し業界追放された新社長は泣きつく,69470,,,0,db_thumbnail_url: HTTPError
SlR7xgVGCbI,人生逆転ドラマch,貧乏人のフリをしてお見合いしたIT社長の俺。昔，俺を振った元カノが現れた結果…,69071,existing,E:\Data\ObsidianVault\02_Channels\シニア朗読\競合リサーチ\サムネ企画検索ポータル_20260605\thumbnail_assets\SlR7xgVGCbI.jpg,57708,
Vr_xt2YcyEg,お茶の間TV 〈スカッと感動〉,「ヤクザ設定の旦那呼んででみろw」嘲笑する社長夫妻。「後悔しませんね？」→結果、会場は地獄絵図に..【スカッとする話】 YAKUZA,68967,existing,E:\Data\ObsidianVault\02_Channels\シニア朗読\競合リサーチ\サムネ企画検索ポータル_20260605\thumbnail_assets\Vr_xt2YcyEg.jpg,228134,
ygVN0Bt-ypU,人生は七色,「水墨画なんて時代遅れだろ」米国で馬鹿にされた日本人少女、筆一本の芸術で全てをひっくり返した,68830,existing,E:\Data\ObsidianVault\02_Channels\シニア朗読\競合リサーチ\サムネ企画検索ポータル_20260605\thumbnail_assets\ygVN0Bt-ypU.jpg,190365,
wa3IZSNUEIs,静かなる英雄たち,「そんなボロ時計で」高級時計店で嘲笑された老夫婦。だがその時計の裏側を見た瞬間、店内の全員が言葉を失った――。,68810,existing,E:\Data\ObsidianVault\02_Channels\シニア朗読\競合リサーチ\サムネ企画検索ポータル_20260605\thumbnail_assets\wa3IZSNUEIs.jpg,267681,
imrWbSdsAsE,静かなる英雄たち,「何もするな」高級ホテルで静かに無視された掃除のおじいさん。だが外国人の要人が深々と頭を下げた瞬間、全員が凍りついた――。,68505,existing,E:\Data\ObsidianVault\02_Channels\シニア朗読\競合リサーチ\サムネ企画検索ポータル_20260605\thumbnail_assets\imrWbSdsAsE.jpg,173740,
Aw60Va-oBrk,人生のヒカリ,「5円で汁だけください」廃業寸前のうどん屋がボロボロの双子姉妹にお腹一杯ご馳走した15年後【感動する話】,68098,existing,E:\Data\ObsidianVault\02_Channels\シニア朗読\競合リサーチ\サムネ企画検索ポータル_20260605\thumbnail_assets\Aw60Va-oBrk.jpg,248547,
5lHGbfZojYk,人生のシナリオ,会長とは知らず、搭乗口まで走った契約社員。それがキッカケで「明日から来なくていい」と彼女はクビになった…【感動する話】,67810,existing,E:\Data\ObsidianVault\02_Channels\シニア朗読\競合リサーチ\サムネ企画検索ポータル_20260605\thumbnail_assets\5lHGbfZojYk.jpg,228759,
rUk2s1DCLAk,人生は七色,片腕が不自由な野球少年はやがて大きな奇跡を生むのでした,67690,existing,E:\Data\ObsidianVault\02_Channels\シニア朗読\競合リサーチ\サムネ企画検索ポータル_20260605\thumbnail_assets\rUk2s1DCLAk.jpg,226459,
Ns2K5Di5hPY,人生のシナリオ,財布を盗まれた42歳男性。親に見捨てられ震える8歳の少女が500円を渡した結果…【感動する話】,67124,existing,E:\Data\ObsidianVault\02_Channels\シニア朗読\競合リサーチ\サムネ企画検索ポータル_20260605\thumbnail_assets\Ns2K5Di5hPY.jpg,202997,
oLHVyMNOQz4,仁義と人生の部屋,「悔しかったらヤクザでも呼んでみなさいよw」清掃員の女性が静かに電話すると…10分後、50台の高級車が現れ…【スカッとする話】,66968,existing,E:\Data\ObsidianVault\02_Channels\シニア朗読\競合リサーチ\サムネ企画検索ポータル_20260605\thumbnail_assets\oLHVyMNOQz4.jpg,246807,
CyODLBQtKtc,人生劇場放送局,【スカッと】授業参観で泥まみれの作業服の祖父を見下した頭取の妻。祖父｢あなたの銀行潰します｣→頭取｢えっ？｣【シニア】,66906,existing,E:\Data\ObsidianVault\02_Channels\シニア朗読\競合リサーチ\サムネ企画検索ポータル_20260605\thumbnail_assets\CyODLBQtKtc.jpg,225978,
q0jJekP4Dpo,人生は100年,定年退職後、妻をなくし絶望しているおでん屋店主→ある極寒の夜、双子の少女がおもちゃのお金を差し出し「これでおでん食べられますか？」「もちろんだよ。お食べ！」とご馳走した結果…【感動する話】,66892,existing,E:\Data\ObsidianVault\02_Channels\シニア朗読\競合リサーチ\サムネ企画検索ポータル_20260605\thumbnail_assets\q0jJekP4Dpo.jpg,211768,
Ko-NPzSXkI8,人生の輝き,貧乏で進学できず大学で清掃員として働く男性。ある日、こっそり授業を盗み聞きしていると…,66190,,,0,db_thumbnail_url: HTTPError
J6eSG88QCzc,お茶の間TV 〈スカッと感動〉,ヤクザ「みかじめ料300万な」→寿司屋の私「母に相談します」→5分後、組長の娘と知った瞬間ヤクザの顔が顔面蒼白に！　【スカッとする話】,65488,existing,E:\Data\ObsidianVault\02_Channels\シニア朗読\競合リサーチ\サムネ企画検索ポータル_20260605\thumbnail_assets\J6eSG88QCzc.jpg,136250,
jnEAy9O9I7I,人生は100年,5歳の喘息持ちの娘の看病で早退を繰り返し7年勤めた工場をクビになった33歳。ある日捻挫した70歳のおばあさんを助けたら→3ヶ月後、社長室に呼び出されて…【感動する話】,65427,existing,E:\Data\ObsidianVault\02_Channels\シニア朗読\競合リサーチ\サムネ企画検索ポータル_20260605\thumbnail_assets\jnEAy9O9I7I.jpg,243254,
XVfoxY1-_II,潮見組　人情列伝,学校から泣きながら毎日登校30分で帰宅する娘。いじめ知った組長が100人のヤクザ連れ学校に乗り込むと…【感動する話】,64998,existing,E:\Data\ObsidianVault\02_Channels\シニア朗読\競合リサーチ\サムネ企画検索ポータル_20260605\thumbnail_assets\XVfoxY1-_II.jpg,283266,
K76J9FBNGWs,人生のシナリオ,エレベーターに仕込まれた恐怖の仕掛け。少女が見抜いた大企業の衝撃的な不正工作とは…,64877,existing,E:\Data\ObsidianVault\02_Channels\シニア朗読\競合リサーチ\サムネ企画検索ポータル_20260605\thumbnail_assets\K76J9FBNGWs.jpg,270120,
4s0soMWR_YE,人生は七色,「髪切ってください」貧乏少女の髪をカットした見習い美容師。翌日、少女の父親と警察が現れて……【感動ストーリー】,64646,existing,E:\Data\ObsidianVault\02_Channels\シニア朗読\競合リサーチ\サムネ企画検索ポータル_20260605\thumbnail_assets\4s0soMWR_YE.jpg,202880,
4bkVqnQf0-E,静かなる英雄たち,「邪魔だ！出ていけ！」高級ホテルの厨房で嘲笑されたおじいさん。だが海外要人を招いた晩餐会で、彼が姿を現すと――。,64525,existing,E:\Data\ObsidianVault\02_Channels\シニア朗読\競合リサーチ\サムネ企画検索ポータル_20260605\thumbnail_assets\4bkVqnQf0-E.jpg,136767,
UlNfo2LU7s8,人生ドラマ館,吹雪の中、高級中華料理店に姉妹が来店し「100円しかなくて」「貧乏人は帰れ」→直後、廃業寸前の町中華店のギャル店主「いっぱい食べてね」,64001,existing,E:\Data\ObsidianVault\02_Channels\シニア朗読\競合リサーチ\サムネ企画検索ポータル_20260605\thumbnail_assets\UlNfo2LU7s8.jpg,171209,
Y_N9FwENF4s,人生は贈り物,認知症の母を支える廃業寸前の旅館若旦那 → 所持金300円の老婆をスイートルームに泊めたら翌朝衝撃の正体が・・　【感動する話】,63951,existing,E:\Data\ObsidianVault\02_Channels\シニア朗読\競合リサーチ\サムネ企画検索ポータル_20260605\thumbnail_assets\Y_N9FwENF4s.jpg,249490,
H77x0TriVV8,人生は100年,フリータの俺がホームレスの女子高生に全財産のを渡した結果→強面のヤクザが目の前に現れて…【感動する話】,63946,existing,E:\Data\ObsidianVault\02_Channels\シニア朗読\競合リサーチ\サムネ企画検索ポータル_20260605\thumbnail_assets\H77x0TriVV8.jpg,206420,
GXzQRLGqUGg,感動スカっと人生録,靴磨きの私が役員会議室で発した一言──「この契約、8ヶ月で御社を潰します」すると…,63928,,,0,db_thumbnail_url: HTTPError
F8oZuE2s3JA,人生は100年,社長と対立し会社を辞めた俺「温泉旅行でも行くか」予約した旅館が雨漏りで大惨事→女将「離れにお泊まりください」孫娘「この温泉郷、客が減ってて…」本業のスキルを活かし助けた結果【感動する話】,63883,existing,E:\Data\ObsidianVault\02_Channels\シニア朗読\競合リサーチ\サムネ企画検索ポータル_20260605\thumbnail_assets\F8oZuE2s3JA.jpg,216679,
AKyDqmcFbRk,人生の光と影 朗読館,火事で全焼寸前の家から少女を救い出した貧乏な女子大生。翌日、大手企業の最終面接に遅刻したその時…,63753,,,0,db_thumbnail_url: HTTPError
PxAewYbC2w4,人生のシナリオ,台風の夜にお爺さんのボロボロの屋根を直した中卒の少女。翌日、現場に黒塗りの車列が現れ...,63488,existing,E:\Data\ObsidianVault\02_Channels\シニア朗読\競合リサーチ\サムネ企画検索ポータル_20260605\thumbnail_assets\PxAewYbC2w4.jpg,159876,
cqKrI27lpfU,人生劇場放送局,【スカッと】「中卒のくせに生意気だ！」ハーバード大卒部長に解雇された俺。翌日、年間3000億の契約が白紙になり…。【シニア】,62874,existing,E:\Data\ObsidianVault\02_Channels\シニア朗読\競合リサーチ\サムネ企画検索ポータル_20260605\thumbnail_assets\cqKrI27lpfU.jpg,228423,
Txnl72f0k3E,感動スカっと人生録,ボロ靴を履いた29歳女性が笑いものに―翌日、その面接会場に訪れた『衝撃』,62844,,,0,db_thumbnail_url: HTTPError
5xqmoXUc540,人生のドラマTV,「田舎者は不合格！」面接官にもライバルにも罵倒された就活生。失望した彼女が電話をかけたのは、親会社の会長だった...,62486,existing,E:\Data\ObsidianVault\02_Channels\シニア朗読\競合リサーチ\サムネ企画検索ポータル_20260605\thumbnail_assets\5xqmoXUc540.jpg,180676,
H2QBT8cq5vs,人生の温もり,倒れた老人に最後の500円を渡した貧乏な女子高生。次の日、学校の前に黒塗りの高級車が現れて...【感動する話】,62344,existing,E:\Data\ObsidianVault\02_Channels\シニア朗読\競合リサーチ\サムネ企画検索ポータル_20260605\thumbnail_assets\H2QBT8cq5vs.jpg,217952,
khpNwvcF7HI,人生色々TV,派遣の活躍を妬む意地悪上司…「英語で頼む」とウソをつくが、会議で彼女が口を開くと彼らは顔面蒼白に・・・,62278,existing,E:\Data\ObsidianVault\02_Channels\シニア朗読\競合リサーチ\サムネ企画検索ポータル_20260605\thumbnail_assets\khpNwvcF7HI.jpg,211681,
PhI3F3lSlnA,感動スカっと人生録,新人にビンタした女上司-翌日、緊急役員会に現れた「彼女」に気づいた瞬間,62267,,,0,db_thumbnail_url: HTTPError
wwYYnwHYixk,愛しき人の人生日記,忘年会の貸切予約をドタキャンされた小料理屋のボロボロ親子。大企業会長が部下70人を引き連れ振舞った結果…,61952,,,0,db_thumbnail_url: HTTPError
Hb2JJ_d2VkY,人生は100年,両親が他界し18歳で5歳の妹を育てる兄。仕事と育児の過労で倒れて入院することに→お見舞いにきた女上司が妹を見て「あなた達…まさか…」【感動する話】,61906,existing,E:\Data\ObsidianVault\02_Channels\シニア朗読\競合リサーチ\サムネ企画検索ポータル_20260605\thumbnail_assets\Hb2JJ_d2VkY.jpg,150276,
CmJQ-Xk9y7o,お茶の間TV 〈スカッと感動〉,自称・極道の妻「ヤクザ呼ぶわw」弁当屋で200万要求→5分後、本物の組長登場で失禁w【スカッとする話】 YAKUZA,61802,existing,E:\Data\ObsidianVault\02_Channels\シニア朗読\競合リサーチ\サムネ企画検索ポータル_20260605\thumbnail_assets\CmJQ-Xk9y7o.jpg,167333,
Us6xXLzqh9U,人生色々TV,両親が残した店を継ぐことに挫折したヤンキーがまさかの事態に…,61784,existing,E:\Data\ObsidianVault\02_Channels\シニア朗読\競合リサーチ\サムネ企画検索ポータル_20260605\thumbnail_assets\Us6xXLzqh9U.jpg,217864,
XSy45ijnEls,感動スカっと人生録,「子会社？負け組の集まりだろw」銀行員の同級生に侮辱された女性。「気が済んだ？」→翌日、彼の銀行から500億円が消えた…,61765,,,0,db_thumbnail_url: HTTPError
ajzMLKzR00Q,人生は100年,26年勤めた会社をクビになった帰りのバスの中。泣く子と母親を怒鳴る客→動いたのは金髪の少年だった。バスを降り「ケーキが崩れた」と震える母と娘に声をかけた結果…【感動する話】,61698,existing,E:\Data\ObsidianVault\02_Channels\シニア朗読\競合リサーチ\サムネ企画検索ポータル_20260605\thumbnail_assets\ajzMLKzR00Q.jpg,204408,
4lPkXMCBOXE,人生は七色,「臭い運転手」と侮辱されたバキュームカーの運転手がバイオリンに触れた瞬間…会場中の観客が拍手喝采,61690,existing,E:\Data\ObsidianVault\02_Channels\シニア朗読\競合リサーチ\サムネ企画検索ポータル_20260605\thumbnail_assets\4lPkXMCBOXE.jpg,195479,
MCwljxAQkiY,人生はバラ色,「金髪ギャルが社長？本当なら辞めさせてみろよw」重役会議で嘲笑された18歳ギャル。「…いいけど」言われた通り役員全員解雇した結果,61529,existing,E:\Data\ObsidianVault\02_Channels\シニア朗読\競合リサーチ\サムネ企画検索ポータル_20260605\thumbnail_assets\MCwljxAQkiY.jpg,237423,
-rYTi-W04CM,人生は七色,「これ食べて元気出しな」一文無しの老婆にラーメンを振る舞った店主。しかし翌朝、警察と見知らぬ男たちが押しかけてきて…,61338,existing,E:\Data\ObsidianVault\02_Channels\シニア朗読\競合リサーチ\サムネ企画検索ポータル_20260605\thumbnail_assets\-rYTi-W04CM.jpg,195442,
SOC2ygWddLI,人生ドラマ館,真冬の夜、コンビニ裏で野宿する貧乏姉妹→家族を亡くし絶望していた店長のギャルが声をかけた結果…,61173,existing,E:\Data\ObsidianVault\02_Channels\シニア朗読\競合リサーチ\サムネ企画検索ポータル_20260605\thumbnail_assets\SOC2ygWddLI.jpg,159702,
ldYpUSm3f6s,お茶の間TV 〈スカッと感動〉,組長の家と知らず庭で勝手にBBQを始めるチンピラ。「⚪︎⚪︎組やぞw」→「なら話はやいな」→「え？」【スカッとする話】 YAKUZA,61100,existing,E:\Data\ObsidianVault\02_Channels\シニア朗読\競合リサーチ\サムネ企画検索ポータル_20260605\thumbnail_assets\ldYpUSm3f6s.jpg,211029,
jEXXXpb1ktw,人生は100年,定食屋で働く院卒ニート27歳が8歳の少年にカツ丼を「どうせ捨てる余り物だから」と嘘をついてご馳走した結果⋯【感動する話】,61077,existing,E:\Data\ObsidianVault\02_Channels\シニア朗読\競合リサーチ\サムネ企画検索ポータル_20260605\thumbnail_assets\jEXXXpb1ktw.jpg,138312,
eQ94x5VShHk,人生の輝き,怪しい老人と公園で職質されるヨレヨレの服を着たお爺さん。だが、彼が返した言葉に警察官は言葉を失った…,61076,,,0,db_thumbnail_url: HTTPError
nwoo-TaeJZM,人生はバラ色,「30兆円？クソギャルが何言ってんの？」 銀行窓口でギャルを門前払いした銀行員 翌日、全額出金で支店崩壊の危機に…,60754,existing,E:\Data\ObsidianVault\02_Channels\シニア朗読\競合リサーチ\サムネ企画検索ポータル_20260605\thumbnail_assets\nwoo-TaeJZM.jpg,213823,
QvCBekAvpbc,人生は100年,社内で嫌われ者の26歳女性に傘を貸し続けた結果→彼女の正体と過去を暴露されて…【感動する話】,60734,existing,E:\Data\ObsidianVault\02_Channels\シニア朗読\競合リサーチ\サムネ企画検索ポータル_20260605\thumbnail_assets\QvCBekAvpbc.jpg,179697,
OZBbepBC95E,人生逆転ドラマシアター,コーヒーを頭から浴びせ「無能な旦那で可哀想w」と嘲笑うママ友→私「分かった。今すぐ昇進させるわ」翌日、彼女の夫に届いた『一通の通知』とは？,60663,,,0,db_thumbnail_url: HTTPError
u1PyWX2ZrvU,人生のシナリオ,満員バスで暴言を浴びたお婆さんを助けた女子学生。その後、面接会場に現れたのは、まさかの…,60078,existing,E:\Data\ObsidianVault\02_Channels\シニア朗読\競合リサーチ\サムネ企画検索ポータル_20260605\thumbnail_assets\u1PyWX2ZrvU.jpg,174982,
uBf1yPp8P6U,人生は七色,両親を亡くした貧乏少女。形見の500円玉を老人にあげた結果…家の前に黒塗りの高級車が現れて…【感動ストーリー】【スカッと】,59860,existing,E:\Data\ObsidianVault\02_Channels\シニア朗読\競合リサーチ\サムネ企画検索ポータル_20260605\thumbnail_assets\uBf1yPp8P6U.jpg,84596,
yKLZvbP7QXs,人生のヒカリ,「1円で...スープだけくだしゃい」真冬の夜、倒産寸前の大将がボロボロの少女に大盛りラーメンをおごった結果...【感動する話】,59834,existing,E:\Data\ObsidianVault\02_Channels\シニア朗読\競合リサーチ\サムネ企画検索ポータル_20260605\thumbnail_assets\yKLZvbP7QXs.jpg,239880,
H8qm3r65tHg,人生は贈り物,「娘に１個だけもらえませんか？」 たこ焼き屋台に訪れたガリガリ母娘 → 住み込みで雇った結果,59444,existing,E:\Data\ObsidianVault\02_Channels\シニア朗読\競合リサーチ\サムネ企画検索ポータル_20260605\thumbnail_assets\H8qm3r65tHg.jpg,274526,
AXCdNEg8nMA,人生ドラマ館,借金850万で廃業寸前の町中華屋が、ゴミ捨て場でうずくまるギャルに炒飯を出した結果→後日、店の前に黒塗りの高級車が現れて…,58813,existing,E:\Data\ObsidianVault\02_Channels\シニア朗読\競合リサーチ\サムネ企画検索ポータル_20260605\thumbnail_assets\AXCdNEg8nMA.jpg,161123,
MEkSuyqOLTE,人生の温もり,「ママと同じ顔してる」おでん屋台に毎日通う8歳の少女→65歳の大企業会長が泥水の中で膝をついた理由【感動する話】,58698,existing,E:\Data\ObsidianVault\02_Channels\シニア朗読\競合リサーチ\サムネ企画検索ポータル_20260605\thumbnail_assets\MEkSuyqOLTE.jpg,268279,
kBRGp11I4qM,人生のドラマTV,日本人の清掃員を見下すアメリカ人の男は知らなかった。この老人が合気道の師範であることを。,58659,existing,E:\Data\ObsidianVault\02_Channels\シニア朗読\競合リサーチ\サムネ企画検索ポータル_20260605\thumbnail_assets\kBRGp11I4qM.jpg,257343,
QEtiKI7S5kk,人生は100年,給食費が払えず毎日机に伏せ続けた同級生の女の子に隣の席の少年が１年間母の手作り弁当を届け続けた→15年後、上司に嵌められクビ寸前の大ピンチにある女性が現れて…【感動する話】,58510,existing,E:\Data\ObsidianVault\02_Channels\シニア朗読\競合リサーチ\サムネ企画検索ポータル_20260605\thumbnail_assets\QEtiKI7S5kk.jpg,193555,
klW_-lBwUG4,人生の輝き,高校を中退して家族の生活費を稼ぐ23歳のウェイトレス。孤独な老人の話し相手になった翌朝、レストランに1台の高級車が現れ…,58497,,,0,db_thumbnail_url: HTTPError
Yw8TVqkRGos,潮見組　人情列伝,学校で馬鹿にされ毎日30分で途中帰宅する娘「親がヤクザとか嘘つくなって先生が…」激怒したヤクザ組長の父「お前ら、準備しろ」【感動する話】,58496,existing,E:\Data\ObsidianVault\02_Channels\シニア朗読\競合リサーチ\サムネ企画検索ポータル_20260605\thumbnail_assets\Yw8TVqkRGos.jpg,302135,
H3qTtT0FjCk,潮見組　人情列伝,ヤクザに法外なみかじめ料を請求され倒産した弁当屋の少女「ママのお店が潰されたの…」「任せろ」激怒した常連客の正体は関東最大のヤクザ組長だった【感動する話】,58364,existing,E:\Data\ObsidianVault\02_Channels\シニア朗読\競合リサーチ\サムネ企画検索ポータル_20260605\thumbnail_assets\H3qTtT0FjCk.jpg,324558,
2d21XJ_6NNc,人生は100年,限界ブラック企業の会社員が真冬の公園で泣く母子に全財産を渡した→5年後、たまたま入った定食屋で「あなたは…あの時の公園の！？」とんでもない結末に…【感動する話】,57886,existing,E:\Data\ObsidianVault\02_Channels\シニア朗読\競合リサーチ\サムネ企画検索ポータル_20260605\thumbnail_assets\2d21XJ_6NNc.jpg,237549,
lH9gfpHFns0,人生逆転ストーリー,「今日中に30億返せw」「クズ企業に未来はない」エリート銀行員に見下された68歳の配達員「本当にいいんですね？」と即日返済した結果…,57677,,,0,db_thumbnail_url: HTTPError
tnJ5EDqJ8JA,仁義と人生の部屋,「タダにしろ！組長呼ぶぞ！」高級料亭で暴れるヤクザの男→仲居の私「呼びましたw」3分後…黒塗りの高級車30台が店の前に止まり、男の顔が凍りついた【スカッとする話】,57673,existing,E:\Data\ObsidianVault\02_Channels\シニア朗読\競合リサーチ\サムネ企画検索ポータル_20260605\thumbnail_assets\tnJ5EDqJ8JA.jpg,238806,
pbIIjZnrCRc,人生の光と影 朗読館,雪山で倒れた少女を“自腹で介抱”した17歳。翌朝、黒塗りの車が次々と現れ空気が凍りつく…,57611,,,0,db_thumbnail_url: HTTPError
3DM78CG_-JQ,人生逆転ドラマシアター,「中卒のゴミ親子だろｗ」還暦の同窓会で亡き母の生き様を笑った元エリート銀行員。「もう、いいかな」→直後、彼が自慢した天下り先がこの世から消滅した,57519,,,0,db_thumbnail_url: HTTPError
zH_AVVSmIHM,静かなる英雄たち,「そんなボロ書類で」不動産の相続で嘲笑された老夫婦。「ここの土地貸すのやめます」翌日、担当者が凍りついたーー。,57260,existing,E:\Data\ObsidianVault\02_Channels\シニア朗読\競合リサーチ\サムネ企画検索ポータル_20260605\thumbnail_assets\zH_AVVSmIHM.jpg,216552,
KD47pIBlsnA,人生のドラマTV,同窓会で友達をいじめた女は知らなかった。中卒の彼女が旦那のボスだったとは...！,57174,existing,E:\Data\ObsidianVault\02_Channels\シニア朗読\競合リサーチ\サムネ企画検索ポータル_20260605\thumbnail_assets\KD47pIBlsnA.jpg,188907,
gAGI2J7h0Oo,人生劇場放送局,【スカッと】「30口座解約？やってみろw」銀行で嘲笑された老人。「後悔しますよ？」黒塗りのカードを差し出した結果   。【シニア】,57029,existing,E:\Data\ObsidianVault\02_Channels\シニア朗読\競合リサーチ\サムネ企画検索ポータル_20260605\thumbnail_assets\gAGI2J7h0Oo.jpg,224042,
Lh3wfyw4nMs,人生は100年,３億円のプレゼンを捨てて女性を助けた35歳営業マン→上司「会社を潰す気か」濡れ衣で解雇→2年後、創立記念パーティーで「お久しぶりです」実はこの女性…【感動する話】,57022,existing,E:\Data\ObsidianVault\02_Channels\シニア朗読\競合リサーチ\サムネ企画検索ポータル_20260605\thumbnail_assets\Lh3wfyw4nMs.jpg,149256,
gxK8G8Xqh5o,人生は贈り物,「おじいさん、犬小屋で一晩だけ…」施設から逃げ出した娘を亡くした老人が保護した結果　【感動する話】,56999,existing,E:\Data\ObsidianVault\02_Channels\シニア朗読\競合リサーチ\サムネ企画検索ポータル_20260605\thumbnail_assets\gxK8G8Xqh5o.jpg,281041,
nH2emJTbqyY,静かなる英雄たち,「使えない奴は帰れ！」高級鮨店で罵倒される雑用のおじいさん。客も職人も全員去った翌日、大将が凍りついた──。,56996,existing,E:\Data\ObsidianVault\02_Channels\シニア朗読\競合リサーチ\サムネ企画検索ポータル_20260605\thumbnail_assets\nH2emJTbqyY.jpg,164472,
uBXgiz2iZpI,お茶の間TV 〈スカッと感動〉,チンピラ「おっさん金貸せやｗ→「150万貸すけどトイチな」ヤンキー「返さねーけど了解w」オヤジを見下した結果【スカッとする話】,56975,existing,E:\Data\ObsidianVault\02_Channels\シニア朗読\競合リサーチ\サムネ企画検索ポータル_20260605\thumbnail_assets\uBXgiz2iZpI.jpg,220353,
1BFwYo8FKtM,感動スカっと人生録,『中卒がゴルフ？』同級生を侮辱した社長夫人。翌週、夫の会社に取引停止の電話が鳴り止まず…,56777,,,0,db_thumbnail_url: HTTPError
cOW1tUo__nI,人生劇場放送局,【スカッと】「貧乏人には軽食で十分w」祝賀会で嘲笑された俺。「あなたの会社、潰します」社長「どうぞどうぞｗ」結果。【シニア】,56756,existing,E:\Data\ObsidianVault\02_Channels\シニア朗読\競合リサーチ\サムネ企画検索ポータル_20260605\thumbnail_assets\cOW1tUo__nI.jpg,235127,
rQjimTv1JlI,人生は100年,廃業寸前のラーメン屋に母と5歳の親子「お水だけでも…」大将が最後の食材で大盛り2杯差し出して「お腹いっぱい食べな！」→3週間後、黒塗りの高級車が店の前に停まり…【感動する話】,56712,existing,E:\Data\ObsidianVault\02_Channels\シニア朗読\競合リサーチ\サムネ企画検索ポータル_20260605\thumbnail_assets\rQjimTv1JlI.jpg,258551,
Nv3HwtyUyMI,人生のドラマTV,「親の顔が見てみたい」と笑う保護者たち。5分後→ヤクザ組長「私が父です」,56597,existing,E:\Data\ObsidianVault\02_Channels\シニア朗読\競合リサーチ\サムネ企画検索ポータル_20260605\thumbnail_assets\Nv3HwtyUyMI.jpg,236208,
s_T-GPB6tN4,感動スカっと人生録,「やっぱり恥ずかしいから弁当全部キャンセルね」私をバカにした同級生社長。翌日、10億の契約破棄に顔面蒼白,56561,,,0,db_thumbnail_url: HTTPError
ZgY4x4kHvpk,人生のヒカリ,「ラーメンも食べな」ボロボロのタダ券で餃子1個を分けるガリガリ母娘に大盛りラーメンをご馳走した結果【感動する話】,56272,existing,E:\Data\ObsidianVault\02_Channels\シニア朗読\競合リサーチ\サムネ企画検索ポータル_20260605\thumbnail_assets\ZgY4x4kHvpk.jpg,241982,
N2Y1w3qQPt8,人生劇場放送局,【スカッと】「私の旦那部長よ？」婦人会で嘲笑された妻。５分後、社長「お前は地方へ飛ばす」→部長「え？」【シニア】,56251,existing,E:\Data\ObsidianVault\02_Channels\シニア朗読\競合リサーチ\サムネ企画検索ポータル_20260605\thumbnail_assets\N2Y1w3qQPt8.jpg,219665,
CeQjQUE1rSc,人生は100年,今月の残金2000円の女性→値上がりして半ラーメン400円が食べられない老人に500円渡して800円のラーメンをご馳走した結果→1ヶ月後、黒塗りの高級車が現れて…【感動する話】,56177,existing,E:\Data\ObsidianVault\02_Channels\シニア朗読\競合リサーチ\サムネ企画検索ポータル_20260605\thumbnail_assets\CeQjQUE1rSc.jpg,238447,
3wHU6Vf0BPo,静かなる英雄たち,「お前に何ができる」高級ホテルのVIP晩餐会で罵倒された見習い女性。だが仲の良かった皿洗いのお爺さんが、本気を出すと――。,56160,existing,E:\Data\ObsidianVault\02_Channels\シニア朗読\競合リサーチ\サムネ企画検索ポータル_20260605\thumbnail_assets\3wHU6Vf0BPo.jpg,180487,
84ggKl0vLSE,感動スカっと人生録,「危ない!」松葉杖の少女を助けた派遣OLー資料を横取りされた翌日、会社にベンツが…,55984,,,0,db_thumbnail_url: HTTPError
uf8M0S5mESs,心に響く人生ドラマ日誌,実は営業1位の実力者と知らず見下された派遣社員がクビに、翌日会社が崩壊危機に,55830,existing,E:\Data\ObsidianVault\02_Channels\シニア朗読\競合リサーチ\サムネ企画検索ポータル_20260605\thumbnail_assets\uf8M0S5mESs.jpg,141451,
TWRTCAQyRVA,人生のシナリオ,雪山で立ち往生した列車を一人で整備した17歳の整備士。後日、誰もいない駅に現れた老人からまさかの…【感動する話】,55673,existing,E:\Data\ObsidianVault\02_Channels\シニア朗読\競合リサーチ\サムネ企画検索ポータル_20260605\thumbnail_assets\TWRTCAQyRVA.jpg,233436,
niWMlecfTKw,人生はバラ色,「パン屋が大株主？じゃあ売ってみろよ」道端でパンを売る少女をバカしたエリート銀行員→「…わかりました」言われた通り全株売却した結果…,55666,existing,E:\Data\ObsidianVault\02_Channels\シニア朗読\競合リサーチ\サムネ企画検索ポータル_20260605\thumbnail_assets\niWMlecfTKw.jpg,237714,
1sNX0BltINE,人生ドラマ館,大雪の夜、親に追い出され震えるボロボロの５歳の少女 → 家に連れ帰り、温かいご飯と寝床をふるまった結果…,55285,existing,E:\Data\ObsidianVault\02_Channels\シニア朗読\競合リサーチ\サムネ企画検索ポータル_20260605\thumbnail_assets\1sNX0BltINE.jpg,226984,
jnrFnZ6lC8Y,人生劇場放送局,【スカッと】「残高43円？クズですね」通帳を破られた老人。「倒産させます」の一言で銀行が大パニックに【シニア】,55060,existing,E:\Data\ObsidianVault\02_Channels\シニア朗読\競合リサーチ\サムネ企画検索ポータル_20260605\thumbnail_assets\jnrFnZ6lC8Y.jpg,155474,
B-hAi9X3tAs,人生は七色,「お前に熊を撃てるのか」誰も期待していなかった70歳の老人が猟銃を持った結果…【人生は七色】,54880,existing,E:\Data\ObsidianVault\02_Channels\シニア朗読\競合リサーチ\サムネ企画検索ポータル_20260605\thumbnail_assets\B-hAi9X3tAs.jpg,198669,
nlrk6y_yyIg,面白きかな人生,「金出せよ」オヤジ狩りに遭った老人がひとこと「いいよ、100万トイチでな」。翌朝、現れた黒塗りの高級車50台に不良たちが…【面白きかな人生】,54632,,,0,db_thumbnail_url: HTTPError
5xqUVS0HMZw,静かなる英雄たち,「貧乏人は帰れ」金融エリートのパーティで侮辱された警備員のおじいさん。だが翌日、銀行で「全額解約を」その金額を見た行員が凍りついた――。,54550,existing,E:\Data\ObsidianVault\02_Channels\シニア朗読\競合リサーチ\サムネ企画検索ポータル_20260605\thumbnail_assets\5xqUVS0HMZw.jpg,192623,
mX7OFSPzrjQ,人生逆転ストーリー,「清掃員は裏口に回って」5000万円を下ろそうとして銀行で嘲笑された作業服の老人──わずか30分後“5800億円解約”で全員が凍りつく,54298,,,0,db_thumbnail_url: HTTPError
d3LrrHDCgF0,人生劇場放送局,【スカッと】「ガキが大株主？じゃあ売ってみろ！」と株主総会を追い出された娘。翌日、ニュースを見た役員が震えだし...。【シニア】,54155,existing,E:\Data\ObsidianVault\02_Channels\シニア朗読\競合リサーチ\サムネ企画検索ポータル_20260605\thumbnail_assets\d3LrrHDCgF0.jpg,219902,
ZVmJEQ2KbpU,人生は100年,妻を亡くし息子と二人で暮らす元ヤンの食堂店主。母に捨てられた15歳を拾った結果→数年後の結婚式で放った一言に会場が泣いた【感動する話】,54025,existing,E:\Data\ObsidianVault\02_Channels\シニア朗読\競合リサーチ\サムネ企画検索ポータル_20260605\thumbnail_assets\ZVmJEQ2KbpU.jpg,167890,
znfUhNN1fak,人生劇場放送局,【スカッと】「臭いですね！」と追い出された車椅子の老婆と老人。翌日、社長1000人を連れて銀行へ乗り込み...。【シニア】,53973,existing,E:\Data\ObsidianVault\02_Channels\シニア朗読\競合リサーチ\サムネ企画検索ポータル_20260605\thumbnail_assets\znfUhNN1fak.jpg,224111,
7Gwokq37Ccg,人生劇場放送局,【スカッと】「中卒ジジイ、英語で喋ってみろw」と見下す東大卒部長。62歳嘱託社員が海外VIPに話かけると全社員が凍りつき  【シニア】,53905,existing,E:\Data\ObsidianVault\02_Channels\シニア朗読\競合リサーチ\サムネ企画検索ポータル_20260605\thumbnail_assets\7Gwokq37Ccg.jpg,225507,
yWujBwmnpGY,静かなる英雄たち,「今すぐ帰れ！」式典会場で追い返された作業服のおじいさん。だが役員が駆け寄り「その方が創業者だ！」と叫んだ瞬間――。,53737,existing,E:\Data\ObsidianVault\02_Channels\シニア朗読\競合リサーチ\サムネ企画検索ポータル_20260605\thumbnail_assets\yWujBwmnpGY.jpg,219669,
LQc46B3PWlI,人生のシナリオ,エコノミーに移され差別された日本人老女の正体に、航空会社全体が震え上がる,53536,existing,E:\Data\ObsidianVault\02_Channels\シニア朗読\競合リサーチ\サムネ企画検索ポータル_20260605\thumbnail_assets\LQc46B3PWlI.jpg,147497,
uHbSxitBjd4,人生は七色,かつての元ヤクザは毎晩、少女に弁当を与え続けた結果…彼は思わぬ未来を手にした,53276,existing,E:\Data\ObsidianVault\02_Channels\シニア朗読\競合リサーチ\サムネ企画検索ポータル_20260605\thumbnail_assets\uHbSxitBjd4.jpg,271115,
YoSSU26vVjA,人生逆転ストーリー,「小銭なんか持ってくるな！」とエリート銀行員に切り捨てられた老夫婦　翌日“3000億円”移動で銀行が土下座！,53241,,,0,db_thumbnail_url: HTTPError
MRL2FmonF-g,人生は七色,「誰か助けて！」子供を抱えて泣き叫ぶ母親。5分後、子供を救ったホームレスの本当の正体に全員驚愕,52841,existing,E:\Data\ObsidianVault\02_Channels\シニア朗読\競合リサーチ\サムネ企画検索ポータル_20260605\thumbnail_assets\MRL2FmonF-g.jpg,225722,
QWQ-cN23GV8,人生の糸,廃業寸前の旅館に車椅子の女性が訪れ「時給100円でもいいので雇ってください」→月給20万円で雇った結果、まさかの展開に…【感動する話】,52735,existing,E:\Data\ObsidianVault\02_Channels\シニア朗読\競合リサーチ\サムネ企画検索ポータル_20260605\thumbnail_assets\QWQ-cN23GV8.jpg,306409,
dBX2hsWBxTA,人生のヒカリ,「私、捨てられたのかな」吹雪の夜、道の駅に置き去りにされた車椅子の少女→7歳の娘を亡くした男が保護した結果【感動する話】,52680,existing,E:\Data\ObsidianVault\02_Channels\シニア朗読\競合リサーチ\サムネ企画検索ポータル_20260605\thumbnail_assets\dBX2hsWBxTA.jpg,262247,
6cWUCF2MCuQ,人生逆転ストーリー,『笑顔が…あの人にそっくりだ』その瞬間、男は凍りついた。出張先で出会った少女は、20年前に手放した初恋の人の娘だった,52642,,,0,db_thumbnail_url: HTTPError
cWXNCGzZjbo,人生逆転ドラマシアター,「他銀に変える？どうぞw」 コンビニの制服姿を見て嘲笑した銀行員──翌日、30兆円消失で本店騒然,52475,,,0,db_thumbnail_url: HTTPError
WSuoT33csSQ,お茶の間TV 〈スカッと感動〉,​​「ヤンキーが大株主？じゃあ売ってみろよw」特攻服で株主総会に来た中卒留年青年を追い返したエリート役員→「…わかりました。。」お望み通り全株売却した結果…【スカッとする話】 YAKUZA,52433,existing,E:\Data\ObsidianVault\02_Channels\シニア朗読\競合リサーチ\サムネ企画検索ポータル_20260605\thumbnail_assets\WSuoT33csSQ.jpg,149071,
gGeTEDnQGMU,人生は100年,「食べ残しを10円でわけてください」廃業寸前の食堂店主が ずぶ濡れの母娘に山盛りの定食をご馳走した結果【感動する話】,52163,existing,E:\Data\ObsidianVault\02_Channels\シニア朗読\競合リサーチ\サムネ企画検索ポータル_20260605\thumbnail_assets\gGeTEDnQGMU.jpg,230524,
SsnrWw9srsY,人生の光と影 朗読館,山で遭難した泥だらけのお婆さんを温泉に入れてあげた17歳の仲居。翌朝、旅館に黒塗りの高級車が続々と到着し...,51723,,,0,db_thumbnail_url: HTTPError
KoZWFGLOHjc,人生は七色,田舎の山奥で道に迷った外国人を案内した貧しい農家の青年。翌日、人生を大きく変える1本の電話が…,51689,existing,E:\Data\ObsidianVault\02_Channels\シニア朗読\競合リサーチ\サムネ企画検索ポータル_20260605\thumbnail_assets\KoZWFGLOHjc.jpg,194328,
V-PWVKNvB5g,人生は100年,「俺が引き取ります！」横領犯の濡れ衣を着せられて会社をクビになった28歳の男性が、母を亡くした姪を引き取った結果→1年後、彼女が差し出したものに膝から崩れ落ちた【感動する話】,51601,existing,E:\Data\ObsidianVault\02_Channels\シニア朗読\競合リサーチ\サムネ企画検索ポータル_20260605\thumbnail_assets\V-PWVKNvB5g.jpg,140297,
DN2woTXZuro,人生逆転ドラマch,「お古の着物？w」成人式でゲラゲラ笑われる地味な彼女。数分後，100台の黒塗り高級車が現れ，友人「え？」,51410,existing,E:\Data\ObsidianVault\02_Channels\シニア朗読\競合リサーチ\サムネ企画検索ポータル_20260605\thumbnail_assets\DN2woTXZuro.jpg,79341,
1n7etYINwSA,お茶の間TV 〈スカッと感動〉,傷だらけのヤクザを助けたイジメられっ子。後日いじめ現場にヤクザが現れ、加害者は土下座【スカッとする話】 YAKUZA,51081,existing,E:\Data\ObsidianVault\02_Channels\シニア朗読\競合リサーチ\サムネ企画検索ポータル_20260605\thumbnail_assets\1n7etYINwSA.jpg,229724,
XigoZxropkc,人生劇場放送局,【スカッと】「便所掃除しとけw」会長の孫娘と知らず...。「祖父に相談します」→部長「え？」【シニア】,51015,existing,E:\Data\ObsidianVault\02_Channels\シニア朗読\競合リサーチ\サムネ企画検索ポータル_20260605\thumbnail_assets\XigoZxropkc.jpg,214526,
Wfyi9G6mCXI,人生劇場放送局,【スカッと】「残高5円？捨てておきますね」通帳をシュレッダーにかけられた老夫婦「この銀行、潰します」→支店が閉鎖【シニア】,50758,existing,E:\Data\ObsidianVault\02_Channels\シニア朗読\競合リサーチ\サムネ企画検索ポータル_20260605\thumbnail_assets\Wfyi9G6mCXI.jpg,197203,
AWbyx4C47dU,人生のシナリオ,駅で3日間ストリートピアノを見つめるホームレスの老女が女子高生に頼まれ「ラ・カンパネラ」を弾き始めた瞬間…【感動する話】,50736,existing,E:\Data\ObsidianVault\02_Channels\シニア朗読\競合リサーチ\サムネ企画検索ポータル_20260605\thumbnail_assets\AWbyx4C47dU.jpg,136415,
Uw9uW1d36w4,感動スカっと人生録,障害のある子を助けて罵倒された翌朝→会社に現れた黒塗りの車とは…,50571,,,0,db_thumbnail_url: HTTPError
-fwrMNJzUmI,人生逆転ドラマch,「彼，東大出身なの♪」中卒の俺を見下す元カノカップルに自慢される俺。有名女優「私の彼に何か？」元カノ「えっ？」,50520,existing,E:\Data\ObsidianVault\02_Channels\シニア朗読\競合リサーチ\サムネ企画検索ポータル_20260605\thumbnail_assets\-fwrMNJzUmI.jpg,155454,
MepMnjJOdXQ,人生は100年,「汚い手で触るな」と老夫婦を罵倒した高級ディーラーの営業マン→彼は知らなかった老人が時価総額3000億円の創業者であることを…【感動する話】,50348,existing,E:\Data\ObsidianVault\02_Channels\シニア朗読\競合リサーチ\サムネ企画検索ポータル_20260605\thumbnail_assets\MepMnjJOdXQ.jpg,167514,
WR1uTieFbyc,人生逆転ストーリー,廃業寸前の蕎麦屋に現れた、雨に濡れたボロボロの親子。母『この子だけに蕎麦を…』 店主『二つ大盛りな』 ➡︎その後、奇跡が…,50231,,,0,db_thumbnail_url: HTTPError
-1zfFkH5Wuo,人生逆転ストーリー,「ほら、今すぐ80億返してみろよ」エリート銀行員に嘲笑された作業着の老人「･･･本当にいいんだね？」3秒で返済した結果･･･,49984,,,0,db_thumbnail_url: HTTPError
MgtoEOVK_yw,人生は七色,「ババァは表で掃除でもしてろ！」雑用係の老婦に罵声を浴びせた若手板前は知らなかった。袖の下に隠された刺青と壮絶な過去を…,49942,existing,E:\Data\ObsidianVault\02_Channels\シニア朗読\競合リサーチ\サムネ企画検索ポータル_20260605\thumbnail_assets\MgtoEOVK_yw.jpg,201542,
L80IeB6wS4E,人生逆転ドラマシアター,「まともな教育受けてないの？」作業服で顔合わせに来たお爺さんを笑った家族──翌日、建設業界のドンの正体が暴かれ一家が崩壊した,49923,,,0,db_thumbnail_url: HTTPError
0JpdY8uXQDE,愛しき人の人生日記,バス停で倒れていた老人を助け､面接に遅刻した貧乏就活生。不採用となった翌日､大学に黒塗りの高級車が現れて…,49810,,,0,db_thumbnail_url: HTTPError
x9l3eOToSpI,人生の輝き,支店長「クビだ。明日から来るな！」新人銀行員「わかりました…」帰り支度をしていると支店長が「あなたではありません」全員「え？」,49762,,,0,db_thumbnail_url: HTTPError
d1932qCfxWg,人生ドラマ館,ボロボロのうどん屋の前にやせ細った双子の姉妹。ギャル店主「どうしたの？」「雨宿りさせて」→数カ月後、里親になって双子を育てると…,49750,existing,E:\Data\ObsidianVault\02_Channels\シニア朗読\競合リサーチ\サムネ企画検索ポータル_20260605\thumbnail_assets\d1932qCfxWg.jpg,150962,
JjrBnC6UwLg,人生色々TV,大人になったギャルがボロボロ姿で清掃員をしていました…その真実を知った彼は泣き崩れました…,49688,existing,E:\Data\ObsidianVault\02_Channels\シニア朗読\競合リサーチ\サムネ企画検索ポータル_20260605\thumbnail_assets\JjrBnC6UwLg.jpg,224547,
IBwlcmsF1Zk,涙のひととき,【感動する話】倒れたボロボロの女性を助けると取引先の社長令嬢だった翌日出勤すると、部長から肩ポン！『クビか!？』すると→取引先社長が「単刀直入に言うが…」,49654,existing,E:\Data\ObsidianVault\02_Channels\シニア朗読\競合リサーチ\サムネ企画検索ポータル_20260605\thumbnail_assets\IBwlcmsF1Zk.jpg,203257,
nH334mJzDUA,人生は100年,廃業寸前のラーメン屋にボロボロ少女「これで何か食べられますか？」と10円玉を差し出す。→大将「試作品の味見してくれ」と嘘をついてまかない丼を提供→去り際、少女が大将に見せた拳の意味に驚愕【感動する話】,49487,existing,E:\Data\ObsidianVault\02_Channels\シニア朗読\競合リサーチ\サムネ企画検索ポータル_20260605\thumbnail_assets\nH334mJzDUA.jpg,247673,
gBU5IVEqbhk,人生は100年,婚約者を亡くし3年間心を閉ざした38歳の男。バスで運賃350円が足りない母に娘「ママ、降りよ？歩けるよ」→代わりに払った結果【感動する話】,49482,existing,E:\Data\ObsidianVault\02_Channels\シニア朗読\競合リサーチ\サムネ企画検索ポータル_20260605\thumbnail_assets\gBU5IVEqbhk.jpg,155467,
lCaBJUP5tqQ,人生は100年,所持金ゼロで公園で食べ残しのコロッケを拾う貧乏な双子姉妹→妻と娘を亡くし、感情が麻痺した俺がたいやきをご馳走した結果…,49395,existing,E:\Data\ObsidianVault\02_Channels\シニア朗読\競合リサーチ\サムネ企画検索ポータル_20260605\thumbnail_assets\lCaBJUP5tqQ.jpg,179338,
S6QGkiT2R4c,人生はバラ色,「こんなクソガキが社長？だったら辞めさせてみろw」 私服で重役会議に来た18歳大学生がバカにされた→「…いいですよ」お望み通り退職させた結果w,49355,existing,E:\Data\ObsidianVault\02_Channels\シニア朗読\競合リサーチ\サムネ企画検索ポータル_20260605\thumbnail_assets\S6QGkiT2R4c.jpg,184543,
bgsGy20ddd8,人生の温もり,「これだけしか、ないんです」雪まみれの8歳の姉と双子が差し出した32円→68歳の店主が作った親子丼…そして20年後…【感動する話】,49272,existing,E:\Data\ObsidianVault\02_Channels\シニア朗読\競合リサーチ\サムネ企画検索ポータル_20260605\thumbnail_assets\bgsGy20ddd8.jpg,276676,
QtkZB-GZkP0,人生は100年,江戸時代から続く和菓子の店主に「このかんざしと交換してくれませんか？」無一文のボロボロの少女にどら焼きをご馳走したら、１０年後のお店のピンチに美女が現れて…【感動する話】,49217,existing,E:\Data\ObsidianVault\02_Channels\シニア朗読\競合リサーチ\サムネ企画検索ポータル_20260605\thumbnail_assets\QtkZB-GZkP0.jpg,146406,
kWjD71l_nbs,仁義と人生の部屋,組長の嫁と知らずビンタするボスママ「悔しかったら旦那連れてきなさいよw」→5分後、幼稚園の前に黒塗りの高級車20台が現れ…【スカッとする話】,49155,existing,E:\Data\ObsidianVault\02_Channels\シニア朗読\競合リサーチ\サムネ企画検索ポータル_20260605\thumbnail_assets\kWjD71l_nbs.jpg,287256,
DJ_MlwcVgHY,人生の裏側,【感動する話】当日100人に裏切られた、廃業寸前の旅館主人。その直後、“黒塗りの車列100台”をもてなした夜、思いもしない“救い”が訪れた…,49049,existing,E:\Data\ObsidianVault\02_Channels\シニア朗読\競合リサーチ\サムネ企画検索ポータル_20260605\thumbnail_assets\DJ_MlwcVgHY.jpg,176143,
J4RuPEle4wI,静かなる英雄たち,「諦めてください」高級ホテルで追い出されたおじいさん。だが翌日、「諦めるのはそちらです」支配人が凍りついたーー。,48940,existing,E:\Data\ObsidianVault\02_Channels\シニア朗読\競合リサーチ\サムネ企画検索ポータル_20260605\thumbnail_assets\J4RuPEle4wI.jpg,211649,
qF7PTtzu9FM,人生は100年,左遷先の田舎町の営業所で足の不自由な事務員を見下す取引先の社長と専務→提案書を持たずに一人で会議室に乗り込んだ男が追い詰められた瞬間、杖の音が廊下から聞こえてきて…【感動する話】,48792,existing,E:\Data\ObsidianVault\02_Channels\シニア朗読\競合リサーチ\サムネ企画検索ポータル_20260605\thumbnail_assets\qF7PTtzu9FM.jpg,187278,
V43qAThmjp0,人生劇場放送局,【スカッと】「親の顔見せてみなよw」見下された清掃員。理事長の孫と知らず...「了解です」→エリート女医が顔面蒼白に   。【シニア】,48785,existing,E:\Data\ObsidianVault\02_Channels\シニア朗読\競合リサーチ\サムネ企画検索ポータル_20260605\thumbnail_assets\V43qAThmjp0.jpg,252047,
Kh75GYTkv24,感動スカっと人生録,「その訛り、なんとかならない？」と面接で笑われた女性ー30分後、彼女の正体に全員が凍り付く,48572,,,0,db_thumbnail_url: HTTPError
L7NN_u8KgZE,人生ドラマ館,火事に取り残された児童を救い手を失った貧乏女子高生　5年後、面接官が「まさか、その話って...?」,48467,existing,E:\Data\ObsidianVault\02_Channels\シニア朗読\競合リサーチ\サムネ企画検索ポータル_20260605\thumbnail_assets\L7NN_u8KgZE.jpg,168558,
3GJ-SYTdM2I,人生は100年,18歳で両親を失い高校を中退し12歳の妹を一人で育てた兄→10年後妹の結婚式当日「出て行け、恥ずかしい」追い出された兄に花嫁が叫んだ一言とは…【感動する話】,48446,existing,E:\Data\ObsidianVault\02_Channels\シニア朗読\競合リサーチ\サムネ企画検索ポータル_20260605\thumbnail_assets\3GJ-SYTdM2I.jpg,161261,
niv6dOpTXlU,人生は100年,来月、廃業するおにぎり屋に「1番安いおにぎりください」と50円玉を差し出す7歳の少年。赤字だけど毎日おにぎりを食べさせたら→立ち退き直前、まさかの出来事に…【感動する話】,48408,existing,E:\Data\ObsidianVault\02_Channels\シニア朗読\競合リサーチ\サムネ企画検索ポータル_20260605\thumbnail_assets\niv6dOpTXlU.jpg,188553,
MtRLXDk4PDM,人生は七色,「これ食べて」車いすの少年がホームレスの老人にパンをあげると…動かなかったはずの少年の足に奇跡が起きた。【感動ストーリー】,48392,existing,E:\Data\ObsidianVault\02_Channels\シニア朗読\競合リサーチ\サムネ企画検索ポータル_20260605\thumbnail_assets\MtRLXDk4PDM.jpg,203698,
a3aN5ABb0aI,人生の糸,廃業寸前のラーメン屋にボロボロの老人が来店「10円で素ラーメンを…」→普通のラーメンをご馳走した代わりに皿洗いを手伝ってもらった結果…【感動する話】,48365,existing,E:\Data\ObsidianVault\02_Channels\シニア朗読\競合リサーチ\サムネ企画検索ポータル_20260605\thumbnail_assets\a3aN5ABb0aI.jpg,210689,
gLiqOWbVTjY,人生の輝き,町工場の見学で日本の技術をバカにしたアメリカ人の技術者。だがその時、1人の小学生が取り出したのは、NASAからの…,48353,,,0,db_thumbnail_url: HTTPError
gp47D5KJCIA,人生逆転ドラマch,兄のせいでブス女とお見合いさせられた俺。2人きりになった途端，ブス女「実は私…」,48347,existing,E:\Data\ObsidianVault\02_Channels\シニア朗読\競合リサーチ\サムネ企画検索ポータル_20260605\thumbnail_assets\gp47D5KJCIA.jpg,229917,
EMwrtsfP0P0,人生は100年,夜勤明けの帰り道、橋の上で赤ん坊を抱え柵に足をかけるボロボロの女性→天涯孤独の俺が引きずり降ろしボロアパートに連れ帰った結果【感動する話】,48312,existing,E:\Data\ObsidianVault\02_Channels\シニア朗読\競合リサーチ\サムネ企画検索ポータル_20260605\thumbnail_assets\EMwrtsfP0P0.jpg,173273,
zgmikeaWuLU,人生の温もり,雪降る2月の夜、路地裏で震えていた母娘と出会った42歳の料理人4歳の少女の一言が、彼の人生を変えた【感動する話】,48257,existing,E:\Data\ObsidianVault\02_Channels\シニア朗読\競合リサーチ\サムネ企画検索ポータル_20260605\thumbnail_assets\zgmikeaWuLU.jpg,224944,
L7ayWs95A3o,人生は100年,会社が倒産し無職の俺。コンビニの前で酔っ払いに腕を掴まれた女性を助けた→後日「お礼がしたくて」と来た女性の兄が、先週俺を不採用にした面接官だった【感動する話】,48239,existing,E:\Data\ObsidianVault\02_Channels\シニア朗読\競合リサーチ\サムネ企画検索ポータル_20260605\thumbnail_assets\L7ayWs95A3o.jpg,194049,
fXS15nVPUGQ,人生は100年,「まだやってたの？地味すぎ」同窓会で創業80年の豆腐屋を嘲笑した女→実は10年間、毎年正月にその豆腐を取り寄せていた。嫁ぎ先から逃げ出し全財産を捨てた彼女の真意とは？【感動する話】,48043,existing,E:\Data\ObsidianVault\02_Channels\シニア朗読\競合リサーチ\サムネ企画検索ポータル_20260605\thumbnail_assets\fXS15nVPUGQ.jpg,202527,
mem9rxVb1qU,人生の輝き,「残高が100円？それじゃあ話になりませんよ。」話も聞かず老夫婦を追い出したエリート銀行員。老夫婦「この銀行もおしまいですね。」→翌日、銀行から100億円が消えた結果…,47898,existing,E:\Data\ObsidianVault\02_Channels\シニア朗読\競合リサーチ\サムネ企画検索ポータル_20260605\thumbnail_assets\mem9rxVb1qU.jpg,249979,
SQWcEKnJyPc,人生は100年,ある日、11歳の娘が学校から帰ってこず失踪→探し続けて9年後、出張先で娘に似たホームレスを助けたらまさかの展開に…【感動する話】,47896,existing,E:\Data\ObsidianVault\02_Channels\シニア朗読\競合リサーチ\サムネ企画検索ポータル_20260605\thumbnail_assets\SQWcEKnJyPc.jpg,164581,
UjsafQRWyuc,人生のドラマTV,アラブ人の車を修理した貧乏な整備士。翌日、工場の前にスーパーカーが現れて...,47867,existing,E:\Data\ObsidianVault\02_Channels\シニア朗読\競合リサーチ\サムネ企画検索ポータル_20260605\thumbnail_assets\UjsafQRWyuc.jpg,173220,
Xsd4I-f0jl4,感動スカっと人生録,部長に弁当を踏み潰された派遣OL―それを見ていた清掃員が一週間後,47760,,,0,db_thumbnail_url: HTTPError
SWJcRXhc5iQ,人生色々TV,運賃が不足で乗車できない浮浪者に少女が10円を渡す…後日、ボロ部屋に黒塗り高級車が・・・,47600,existing,E:\Data\ObsidianVault\02_Channels\シニア朗読\競合リサーチ\サムネ企画検索ポータル_20260605\thumbnail_assets\SWJcRXhc5iQ.jpg,160594,
0Dx8vJUmdEw,人生のドラマTV,「貧乏人は帰りな！」と俺にワインをかけた女。 その後、俺の資産が50億だと知った結果...,47547,existing,E:\Data\ObsidianVault\02_Channels\シニア朗読\競合リサーチ\サムネ企画検索ポータル_20260605\thumbnail_assets\0Dx8vJUmdEw.jpg,190891,
8efDGH0lm9M,静かなる英雄たち,「黙ってろ！」結婚式場の厨房で罵倒されたおばあさん。だが料理長も手に負えなかった要人の花嫁のリクエストを、静かに叶えるとーー。,47263,existing,E:\Data\ObsidianVault\02_Channels\シニア朗読\競合リサーチ\サムネ企画検索ポータル_20260605\thumbnail_assets\8efDGH0lm9M.jpg,201657,
djQMXDmsvDM,人生の輝き,「今時、英語ぐらい話せないとｗ」コネ社員に見下される中卒の女性社員。海外企業との重要会議で無理難題を言われた結果…,47143,existing,E:\Data\ObsidianVault\02_Channels\シニア朗読\競合リサーチ\サムネ企画検索ポータル_20260605\thumbnail_assets\djQMXDmsvDM.jpg,210020,
mE_SWhQ1dy0,静かなる英雄たち,「お帰りください」銀行で追い返された泥だらけのおばあさん。だがその30分後、融資担当が凍りついた――。,47036,existing,E:\Data\ObsidianVault\02_Channels\シニア朗読\競合リサーチ\サムネ企画検索ポータル_20260605\thumbnail_assets\mE_SWhQ1dy0.jpg,214642,
HJFpMjc1qfo,【スカッと朗読】シニアドラマ館,【スカッと】高速道路で置き去りにされた母の逆転劇。息子夫婦の本性と“真の家族”の正体【シニアライフ】【60代以上の方へ】,46957,existing,E:\Data\ObsidianVault\02_Channels\シニア朗読\競合リサーチ\サムネ企画検索ポータル_20260605\thumbnail_assets\HJFpMjc1qfo.jpg,170104,
7_1cqBSztUg,人生は100年,公園でお腹を減らした家出ギャル。妻を亡くした元教師が牛丼特盛おしんこセットを奢った結果→ヤバい事件に巻き込まれ…【感動する話】,46795,existing,E:\Data\ObsidianVault\02_Channels\シニア朗読\競合リサーチ\サムネ企画検索ポータル_20260605\thumbnail_assets\7_1cqBSztUg.jpg,162486,
BRLXx94AJxw,お茶の間TV 〈スカッと感動〉,ヤクザが追突してきて「俺らヤクザやぞ！修理代と慰謝料で1000万払え！」「お金は自宅に…」→一緒に自宅に行くと、ヤクザが顔面蒼白に…【スカッとする話】,46747,existing,E:\Data\ObsidianVault\02_Channels\シニア朗読\競合リサーチ\サムネ企画検索ポータル_20260605\thumbnail_assets\BRLXx94AJxw.jpg,240727,
P7rFiGPSipk,人生のドラマTV,「ギョーザ1こくだしゃい」期限切れのタダ券を差し出すボロボロの少女。廃業寸前の店主が20個あげた結果...,46729,existing,E:\Data\ObsidianVault\02_Channels\シニア朗読\競合リサーチ\サムネ企画検索ポータル_20260605\thumbnail_assets\P7rFiGPSipk.jpg,233960,
v7PqrI_PWCs,人生ドラマ座,凄腕プログラマーと知らず中卒の派遣社員女子を見下すエリート部長→「わかりました」速攻で帰った結果ｗ,46716,existing,E:\Data\ObsidianVault\02_Channels\シニア朗読\競合リサーチ\サムネ企画検索ポータル_20260605\thumbnail_assets\v7PqrI_PWCs.jpg,175277,
qhlKQTLVdFE,人生色々TV,ヤンキーが高級車を修理した結果、父親の工場が廃業しました…後日、廃工場前に黒塗り高級車があられて降りてきたのが・・・,46701,existing,E:\Data\ObsidianVault\02_Channels\シニア朗読\競合リサーチ\サムネ企画検索ポータル_20260605\thumbnail_assets\qhlKQTLVdFE.jpg,256691,
vkaVDfG1MAY,お茶の間TV 〈スカッと感動〉,道で倒れた老婆に全財産を渡したヤンキー。翌日学校に黒塗りの高級車が現れ..【スカッとする話】【感動する話】 YAKUZA,46501,existing,E:\Data\ObsidianVault\02_Channels\シニア朗読\競合リサーチ\サムネ企画検索ポータル_20260605\thumbnail_assets\vkaVDfG1MAY.jpg,228344,
oEqKQ6hvvbk,静かなる英雄たち,「邪魔な掃除係だな」外資系投資銀行であしわられたおばあさん。だが彼女が一本の電話で1000億円を動かすとーー。,46280,existing,E:\Data\ObsidianVault\02_Channels\シニア朗読\競合リサーチ\サムネ企画検索ポータル_20260605\thumbnail_assets\oEqKQ6hvvbk.jpg,209777,
zoI2Lx4Lb3U,人生は七色,「咲、そこに触るな！」借金１億の整備工場で神の耳を持つ天才娘が「このバイクが泣いてる」と言い当てた故障の正体。すると翌日、工場に高級バイク・ハーレの大行列が現れ…,46110,existing,E:\Data\ObsidianVault\02_Channels\シニア朗読\競合リサーチ\サムネ企画検索ポータル_20260605\thumbnail_assets\zoI2Lx4Lb3U.jpg,297580,
0gxGAJexSMw,人生劇場放送局,【スカッと】「汚い小銭ですね！」ひ孫への預金を拒否された老夫婦。翌朝、１兆円を地方の信金に移した結果...【シニア】,46030,existing,E:\Data\ObsidianVault\02_Channels\シニア朗読\競合リサーチ\サムネ企画検索ポータル_20260605\thumbnail_assets\0gxGAJexSMw.jpg,69365,
z_6bYDef5TY,お茶の間TV 〈スカッと感動〉,【ヤクザの末路】組長と知らずに煽った半グレの悲劇…10数億の請求書と、地獄の強制労働300年。 【スカッとする話】,45827,existing,E:\Data\ObsidianVault\02_Channels\シニア朗読\競合リサーチ\サムネ企画検索ポータル_20260605\thumbnail_assets\z_6bYDef5TY.jpg,141769,
deojShYhpo4,人生のドラマTV,「200万、払えないなら親を呼べ！」バーでぼったくられた貧相な男性。「本当にいいんですか？」→7分後、父が現れると...,45517,existing,E:\Data\ObsidianVault\02_Channels\シニア朗読\競合リサーチ\サムネ企画検索ポータル_20260605\thumbnail_assets\deojShYhpo4.jpg,250178,
S3_4Veg_MW8,感動スカっと人生録,ひき逃げされたお爺さんを助けたOL-遅刻した会議室で犯人と再会し凍りついた瞬間,45168,,,0,db_thumbnail_url: HTTPError
bc0d0b5-uSo,人生は100年,来月無職になる28歳が真夏の路上で倒れた老婆を助けたら→4日後、アパートの前に黒塗りの車が3台「うちの娘と結婚してやってくれないか」「え？」【感動する話】,45137,existing,E:\Data\ObsidianVault\02_Channels\シニア朗読\競合リサーチ\サムネ企画検索ポータル_20260605\thumbnail_assets\bc0d0b5-uSo.jpg,231081,
hGsCVfF2EAc,人生逆転ストーリー,「底辺企業はすぐ潰れるだろ」銀行員に見下された作業服の老人「全社員３万人分の口座解約ね」５秒後、頭取から緊急着信が！,44998,,,0,db_thumbnail_url: HTTPError
Yp1oRra6RBE,人生はバラ色,「貧乏でかわいそう！親の顔が見てみたいなw」 会社の記念パーティで新入社員を侮辱した東大卒上司。 「見せてあげますよ」相手が電話に出た瞬間、会場全体が凍り付いた,44892,existing,E:\Data\ObsidianVault\02_Channels\シニア朗読\競合リサーチ\サムネ企画検索ポータル_20260605\thumbnail_assets\Yp1oRra6RBE.jpg,176503,
MU-LxTgeFng,人生劇場放送局,【スカッと】「どうせ底辺企業だろw」同窓会で見下す銀行員。俺「もういいか」→５分後、３０００億が消えた...【シニア】,44619,existing,E:\Data\ObsidianVault\02_Channels\シニア朗読\競合リサーチ\サムネ企画検索ポータル_20260605\thumbnail_assets\MU-LxTgeFng.jpg,150706,
skX8SrKj8y0,人生逆転ドラマシアター,作業着の老人を嘲笑した銀行員が後悔する日。50億返済後に全国の企業が銀行を見限った真実,44588,,,0,db_thumbnail_url: HTTPError
S9dfwVP70bg,感動スカっと人生録,『誰にも言わないで』山に捨てられた令嬢を、一人暮らしのおばさんが救った結果…,44210,,,0,db_thumbnail_url: HTTPError
iHZGDtLwK18,人生劇場放送局,【スカッと】「全額引き出す？見栄はるなジジィw」と銀行員。「本当にいいんですね？」1300億円が他銀に...【シニア】,43958,existing,E:\Data\ObsidianVault\02_Channels\シニア朗読\競合リサーチ\サムネ企画検索ポータル_20260605\thumbnail_assets\iHZGDtLwK18.jpg,146201,
OLYsH2V4v_w,人生逆転ストーリー,「貧乏人と結婚なんて無理！」大富豪の私が息子の婚約者の本性を暴くため、作業員に変装した結果,43940,,,0,db_thumbnail_url: HTTPError
cW84xTOfeJc,人生の輝き,「ゴミ箱行きで」と思い出の通帳をビリビリに破り捨てられたお婆さん「この銀行を潰します…」小さく放った一言に大笑いする全銀行員。翌日、まさかの事態に…,43681,,,0,db_thumbnail_url: HTTPError
mchsk2pCdAs,静かなる英雄たち,「そんな古い預金証書で」信金で嘲笑されたおばあさん。「全額、別の銀行に移しますね」その10分後、支店に緊急連絡が入った――。,43668,existing,E:\Data\ObsidianVault\02_Channels\シニア朗読\競合リサーチ\サムネ企画検索ポータル_20260605\thumbnail_assets\mchsk2pCdAs.jpg,205494,
_5zBNjzLaCc,人生は七色,倒れたおじいさんを助けた新人貧乏モデル。30分後、助けた老人がモデルコンテストの審査員として現れて…人生が激変した,43437,existing,E:\Data\ObsidianVault\02_Channels\シニア朗読\競合リサーチ\サムネ企画検索ポータル_20260605\thumbnail_assets\_5zBNjzLaCc.jpg,254946,
0H4Zc1bLZ-A,人生ドラマ座,「中卒の娘が交渉は無理だろw」国際会議で重役の前で嘲笑された21歳の派遣社員…最初の一言で、会場全体が凍りついた,43429,existing,E:\Data\ObsidianVault\02_Channels\シニア朗読\競合リサーチ\サムネ企画検索ポータル_20260605\thumbnail_assets\0H4Zc1bLZ-A.jpg,177775,
dhieWv5pMdM,仁義と人生の部屋,ボロボロの老人におでんの大根を無料で提供。30分後→「潰してぇ店がある」その翌日、黒塗りの車が現れて...【ヤクザ/感動する話】,43311,existing,E:\Data\ObsidianVault\02_Channels\シニア朗読\競合リサーチ\サムネ企画検索ポータル_20260605\thumbnail_assets\dhieWv5pMdM.jpg,177398,
lLy0XPggPRA,愛しき人の人生日記,街中で倒れた妊婦を助けた貧乏な就活生。超一流企業の面接に2時間遅刻した結果…,43085,,,0,db_thumbnail_url: HTTPError
xdMVIWEuzEo,人生劇場放送局,【スカッと】「給料泥棒の中卒は解雇ｗ」と笑われた俺。退職した翌日、社長が大激怒→部長「え？」【シニア】,43055,existing,E:\Data\ObsidianVault\02_Channels\シニア朗読\競合リサーチ\サムネ企画検索ポータル_20260605\thumbnail_assets\xdMVIWEuzEo.jpg,153875,
ziIV9gUuRjw,人生逆転ドラマch,「彼，お医者さんなの♪」中卒の俺を見下す元カノカップルに自慢される俺。モデル美女「チョコ作ってて遅れちゃった」元カノ「え？」,42714,existing,E:\Data\ObsidianVault\02_Channels\シニア朗読\競合リサーチ\サムネ企画検索ポータル_20260605\thumbnail_assets\ziIV9gUuRjw.jpg,88101,
Fn-nzva2iZY,人生のシナリオ,「私の夫は理事長の息子よ？呼べるものなら理事長でも呼んでみなさいよ」と権力者の妻に嘲笑された平職員→「わかりました」と電話をかけた結果…【感動する話】,42710,existing,E:\Data\ObsidianVault\02_Channels\シニア朗読\競合リサーチ\サムネ企画検索ポータル_20260605\thumbnail_assets\Fn-nzva2iZY.jpg,202728,
bnEXzwnKhM4,人生の縁側,万引きした中卒少女を雇った整備士…3ヶ月後、誰も予想しない奇跡が起きた【感動する話】【朗読】,42644,existing,E:\Data\ObsidianVault\02_Channels\シニア朗読\競合リサーチ\サムネ企画検索ポータル_20260605\thumbnail_assets\bnEXzwnKhM4.jpg,287651,
XsEMuBnriDY,人生逆転ドラマシアター,「小銭なんか持ってくんな」エリート銀行員に笑われた老夫婦…翌朝“1兆円”を地方の信金に移した結果,42582,,,0,db_thumbnail_url: HTTPError
ES91sveoHv4,人生のヒカリ,山奥で老人のボロい117クーペXCを修理した親無し貧乏女性整備士。翌日、２人の人生を変える出来事が起き...,42532,existing,E:\Data\ObsidianVault\02_Channels\シニア朗読\競合リサーチ\サムネ企画検索ポータル_20260605\thumbnail_assets\ES91sveoHv4.jpg,147839,
QP34MqdqmtM,人生のシナリオ,日本人少女を侮辱する不良たちは知らなかった。彼女が合気道の達人ということを。,42472,,,0,db_thumbnail_url: HTTPError
qY6RF-alHj4,面白きかな人生,「地味すぎて空気悪いから帰ってくんない？」作業着で同窓会に来た彼女を嘲笑う社長夫人の同級生。翌日、20億の出資停止に凍りついた【面白きかな人生】,42382,existing,E:\Data\ObsidianVault\02_Channels\シニア朗読\競合リサーチ\サムネ企画検索ポータル_20260605\thumbnail_assets\qY6RF-alHj4.jpg,227271,
lXRZ2jAvivI,人生のギフト,真夜中の商店街で、捨てられたパンを分け合う姉妹 → 廃業寸前のパン屋の店主がたらふくご飯を振る舞った結果【感動する話】,42364,existing,E:\Data\ObsidianVault\02_Channels\シニア朗読\競合リサーチ\サムネ企画検索ポータル_20260605\thumbnail_assets\lXRZ2jAvivI.jpg,197478,
BfIhLx0Yftk,人生逆転ストーリー,「この魚、臭ってない？半額にしなよ」高級寿司屋の二代目が放った暴言に黙って頷いた72歳魚卸――翌週、店が消えた,42232,,,0,db_thumbnail_url: HTTPError
m2qnkWdBteo,愛しき人の人生日記,歩道橋から転落した老人を助け10億円の商談に遅刻した中卒OL。クビになった翌日､会社から呼び出され…,42187,,,0,db_thumbnail_url: HTTPError
dlsuel4uwUc,人生は七色,ヤクザを助けた貧乏パート主婦。翌日、職場に黒塗りの高級車が現れて…【スカッと】【感動】,42169,existing,E:\Data\ObsidianVault\02_Channels\シニア朗読\競合リサーチ\サムネ企画検索ポータル_20260605\thumbnail_assets\dlsuel4uwUc.jpg,282516,
t6vU80QPWtc,愛しき人の人生日記,誰も助けない老人を救ったヤンキー娘。老人の正体が実は超大物で彼女の人生が激変していく...,42158,,,0,db_thumbnail_url: HTTPError
UFU3fnX4DYY,心に響く人生ドラマ日誌,新入社員の弁当をゴミ箱に投げ捨てた課長、食堂のおばさんの一言で全員が凍りついた,42154,existing,E:\Data\ObsidianVault\02_Channels\シニア朗読\競合リサーチ\サムネ企画検索ポータル_20260605\thumbnail_assets\UFU3fnX4DYY.jpg,151298,
QeFM_FrKq70,人生は100年,初給料で兄を高級寿司店に連れてきた車椅子の妹→職場の上司が乱入「車椅子なんて邪魔なだけだ」→兄が静かに名刺を差し出した結果【感動する話】,42111,existing,E:\Data\ObsidianVault\02_Channels\シニア朗読\競合リサーチ\サムネ企画検索ポータル_20260605\thumbnail_assets\QeFM_FrKq70.jpg,241555,
lhC73KASs70,人生の輝き,大学中退して借金返済のため働く工場作業員。ある日、歩道橋で杖をついて倒れそうなお爺さんを助けたところ…,42037,,,0,db_thumbnail_url: HTTPError
DGooBYtkEsc,感動スカっと人生録,「旦那も底辺公務員だろ?w」同窓会で笑われた私。しかし、『ある人』と挨拶に来た夫に全員が凍り付く,41970,,,0,db_thumbnail_url: HTTPError
K_I4dImiKTo,人生逆転ドラマch,亡き姉の息子の子ども服を買いに来た俺。たまたま元カノと再会した結果…,41794,existing,E:\Data\ObsidianVault\02_Channels\シニア朗読\競合リサーチ\サムネ企画検索ポータル_20260605\thumbnail_assets\K_I4dImiKTo.jpg,239978,
Nnhr9NeMsd0,人生は七色,廃業寸前のラーメン屋に来たホームレス母娘は神の舌を持つ天才だった。「ここで働かせてください」ボロボロ姿の二人にラーメンをご馳走したこの日から、全ての運命が変わった…【感動する話】,41753,existing,E:\Data\ObsidianVault\02_Channels\シニア朗読\競合リサーチ\サムネ企画検索ポータル_20260605\thumbnail_assets\Nnhr9NeMsd0.jpg,225841,
yV1QLWe-OtM,人生は100年,店主が倒れ右半身麻痺に…50年続くたこ焼き屋が廃業寸前→ある日「たこ焼き2個だけ売ってくれませんか…」と来た双子の母親にお腹いっぱいご馳走した結果【感動する話】,41731,existing,E:\Data\ObsidianVault\02_Channels\シニア朗読\競合リサーチ\サムネ企画検索ポータル_20260605\thumbnail_assets\yV1QLWe-OtM.jpg,175798,
GKl2wQA6O6U,人生は七色,「中卒だけど…」廃業寸前の田舎の診療所に駆け込んできた少女は、実はIQ200の天才少女だった…。【感動する話】,41680,existing,E:\Data\ObsidianVault\02_Channels\シニア朗読\競合リサーチ\サムネ企画検索ポータル_20260605\thumbnail_assets\GKl2wQA6O6U.jpg,257382,
Pf_Qpeieyd8,静かなる英雄たち,「こんなガラクタ」高級楽器店での買取で冷遇されたおばあさん。だがその2週間後、店員が凍りついた理由とはーー。,41540,existing,E:\Data\ObsidianVault\02_Channels\シニア朗読\競合リサーチ\サムネ企画検索ポータル_20260605\thumbnail_assets\Pf_Qpeieyd8.jpg,169165,
zh6kCXohBnU,人生は100年,3代90年続いたナポリの食堂が廃業寸前に。62歳イタリア人シェフが28歳の日本人女性を雇った結果→とんでもない結果に…【感動する話】,41449,existing,E:\Data\ObsidianVault\02_Channels\シニア朗読\競合リサーチ\サムネ企画検索ポータル_20260605\thumbnail_assets\zh6kCXohBnU.jpg,254513,
xmBdZlIIjoY,人生の輝き,お婆さんに東京行きのチケットを譲って大手企業の最終面接に遅刻した就活生。面接官「お帰りください」→直後、目を疑う光景が…,41355,,,0,db_thumbnail_url: HTTPError
ZunBwyBKFCM,人生劇場放送局,【スカッと】「土下座しろ！」娘の屈辱を目撃した父が大激怒→翌日、銀行が地獄絵図に。【シニア】,41291,existing,E:\Data\ObsidianVault\02_Channels\シニア朗読\競合リサーチ\サムネ企画検索ポータル_20260605\thumbnail_assets\ZunBwyBKFCM.jpg,135927,
piAX4VBTgj4,人生の光と影 朗読館,駅で車椅子の少女を助けスーツが破れた女子大生。母の古いスーツを笑われた翌日、助けた老人が会場に現れ全員が凍りつく…,41077,,,0,db_thumbnail_url: HTTPError
r6AZDH970Kc,人生劇場放送局,【スカッと】「俺、次期社長だから」上司から解雇された派遣OL。「...承知しました」翌朝、全社員が顔面蒼白に...。【シニア】,41047,existing,E:\Data\ObsidianVault\02_Channels\シニア朗読\競合リサーチ\サムネ企画検索ポータル_20260605\thumbnail_assets\r6AZDH970Kc.jpg,195746,
wIF7xqZ4kHc,人生のギフト,「これでご飯食べて」財布を盗まれた老人に最後の500円を渡した貧乏少女→翌日、学校の前に黒塗りの高級車が並び…【感動する話】,41003,existing,E:\Data\ObsidianVault\02_Channels\シニア朗読\競合リサーチ\サムネ企画検索ポータル_20260605\thumbnail_assets\wIF7xqZ4kHc.jpg,239493,
wYteUe9V6xE,人生は100年,廃業寸前のパン屋が路地裏で倒れた女性に売れ残った4つのパン渡した→1年後、黒塗りの高級車が店の前に止まって…【感動する話】,40834,existing,E:\Data\ObsidianVault\02_Channels\シニア朗読\競合リサーチ\サムネ企画検索ポータル_20260605\thumbnail_assets\wYteUe9V6xE.jpg,152569,
0bYREQwlu7g,人生逆転ドラマシアター,「貧乏人が涼みにきただけだろ？」と言われ、銀行を追い出されたおばあさんが、１週間後リムジンで現れ、全財産を引き出しました,40722,,,0,db_thumbnail_url: HTTPError
3i9Pnk1-xMg,お茶の間TV 〈スカッと感動〉,ヤクザ事務所に間違い電話の青あざ少女→若頭の俺が大量の部下をお届けした結果...【スカッとする話】,40645,existing,E:\Data\ObsidianVault\02_Channels\シニア朗読\競合リサーチ\サムネ企画検索ポータル_20260605\thumbnail_assets\3i9Pnk1-xMg.jpg,135769,
ApK9fLtbPoQ,人生のドラマTV,ヤクザにカツアゲされた若い女性。しかし怯える彼女が「うちの店来る？」とヤクザを誘った結果...,40415,existing,E:\Data\ObsidianVault\02_Channels\シニア朗読\競合リサーチ\サムネ企画検索ポータル_20260605\thumbnail_assets\ApK9fLtbPoQ.jpg,226848,
VakmFl0DMus,面白きかな人生,「この程度も知らないの？」日本人少女を冷笑した教授は知らなかった。彼女がハーバードの特別講師だと…【面白きかな人生】,40299,existing,E:\Data\ObsidianVault\02_Channels\シニア朗読\競合リサーチ\サムネ企画検索ポータル_20260605\thumbnail_assets\VakmFl0DMus.jpg,204144,
vSOYXza3EVU,人生は100年,廃業寸前の定食屋に凍える母子が来店「お水だけでも…」店主「うどん食べな」→数ヶ月後、亡き妻が遺した手紙を開くと…58歳店主が声を上げて泣いた理由【感動する話】,40253,existing,E:\Data\ObsidianVault\02_Channels\シニア朗読\競合リサーチ\サムネ企画検索ポータル_20260605\thumbnail_assets\vSOYXza3EVU.jpg,189311,
8g0aZ2YNlU0,人生逆転ドラマch,「旦那さん中卒？w」社内パーティーで同僚にバカにされる私。「もうすぐ現れるから紹介するね」同僚「え？」,40216,existing,E:\Data\ObsidianVault\02_Channels\シニア朗読\競合リサーチ\サムネ企画検索ポータル_20260605\thumbnail_assets\8g0aZ2YNlU0.jpg,60996,
wCoDRunHxAA,人生劇場放送局,【スカッと】銀行幹部に屈辱を受ける孫娘を見た祖父。翌日、黒服１００人を連れて銀行に乗り込む【シニア】,40170,existing,E:\Data\ObsidianVault\02_Channels\シニア朗読\競合リサーチ\サムネ企画検索ポータル_20260605\thumbnail_assets\wCoDRunHxAA.jpg,63633,
AjYlvdBF8EU,人生は100年,40年続いた父の印刷工場が倒産し大学進学を諦めた17歳。ある日、学校一の美少女「あなたの力になりたい」「え？」→後日、父の元に届いた一本の電話でまさかの展開に…【感動する話】,40009,existing,E:\Data\ObsidianVault\02_Channels\シニア朗読\競合リサーチ\サムネ企画検索ポータル_20260605\thumbnail_assets\AjYlvdBF8EU.jpg,164996,
jClw828OPU8,静かなる英雄たち,市役所の清掃員おじいさんを笑う職員たち、外国の大臣が深々と頭を下げた瞬間言葉を失った。,39991,existing,E:\Data\ObsidianVault\02_Channels\シニア朗読\競合リサーチ\サムネ企画検索ポータル_20260605\thumbnail_assets\jClw828OPU8.jpg,190795,
yvYeJ9NbLFY,人生のドラマTV,「おじさんとこ来るかい？」両親は他界した少女を、倒産寸前のラーメン屋店主が引き取った結果...,39983,existing,E:\Data\ObsidianVault\02_Channels\シニア朗読\競合リサーチ\サムネ企画検索ポータル_20260605\thumbnail_assets\yvYeJ9NbLFY.jpg,239076,
6f1BVAYqDZE,人生逆転ドラマch,｢パパは魚屋です｣授業でゲラゲラ笑われる女子高生。その後，現れた老人の一言に全員が真っ青になる…,39934,existing,E:\Data\ObsidianVault\02_Channels\シニア朗読\競合リサーチ\サムネ企画検索ポータル_20260605\thumbnail_assets\6f1BVAYqDZE.jpg,60805,
tn4Ww9uik9U,感動スカっと人生録,「無理無理！こんなボロい店キャンセルね」小料理屋を侮辱した上司…翌日38億契約破棄に全員が凍りつく,39732,,,0,db_thumbnail_url: HTTPError
pjxeFQwIrUE,人生のシナリオ,「皿洗いは黙れ」22歳の日本人女性を嘲笑したフランス人のシェフ。しかし後日、彼女の衝撃の正体を知ることになる,39731,existing,E:\Data\ObsidianVault\02_Channels\シニア朗読\競合リサーチ\サムネ企画検索ポータル_20260605\thumbnail_assets\pjxeFQwIrUE.jpg,138969,
T_p_O4nrndw,仁義と人生の部屋,ヤクザ「100万なw」新婚旅行でぼったくられた→普段おとなしい嫁が一言「全組員呼んで来い」嫁の正体とは…【スカッとする話】,39730,,,0,db_thumbnail_url: HTTPError
ZiBFpKvSFqI,人生逆転ドラマシアター,「わきまえろよ」高級ホテル駐車場で門前払いされた老夫婦。その直後、支配人が凍りついた,39506,,,0,db_thumbnail_url: HTTPError
S9cFUSLcczE,人生は100年,客ゼロで廃業寸前の洋食店店主、5円玉しかない双子にお腹いっぱいご馳走したら→「この店、明日で終わりだね…」店主「え？」とんでもない結果に…【感動する】,39466,existing,E:\Data\ObsidianVault\02_Channels\シニア朗読\競合リサーチ\サムネ企画検索ポータル_20260605\thumbnail_assets\S9cFUSLcczE.jpg,155883,
sbqe1wol1Xc,人生の輝き,「どうせカス企業だろ？助けてやろうか？w」同窓会で銀行員の同級生に侮辱された女性。「もういいかな」→直後、銀行から1000億円が消えた…,39432,,,0,db_thumbnail_url: HTTPError
pUcPZtRK28I,人生劇場放送局,【スカッと】「中卒はクビw」社員証を粉砕した部長。俺「退職します」→翌日、全社員が驚愕...。【シニア】,39379,existing,E:\Data\ObsidianVault\02_Channels\シニア朗読\競合リサーチ\サムネ企画検索ポータル_20260605\thumbnail_assets\pUcPZtRK28I.jpg,163735,
n4WJZwsDM8c,人生逆転ドラマch,夫「田舎クサい女とは離婚だ！」妻「わかりました」離婚届提出後「お迎えに参りました」と黒塗り高級車が現れ，元夫「え？」,39132,existing,E:\Data\ObsidianVault\02_Channels\シニア朗読\競合リサーチ\サムネ企画検索ポータル_20260605\thumbnail_assets\n4WJZwsDM8c.jpg,63145,
33hk64N3Aok,人生のヒカリ,「ママ、しゃむいよ」中卒が理由で不当解雇された震える母娘、元請けの社長が月給70万円で雇った結果【感動する話】,39117,existing,E:\Data\ObsidianVault\02_Channels\シニア朗読\競合リサーチ\サムネ企画検索ポータル_20260605\thumbnail_assets\33hk64N3Aok.jpg,242688,
q2eyCNRwvJ8,感動スカっと人生録,老人を助けて深夜バス置き去り。上司に罵倒されたOL→翌日、会社の受付に…,39090,,,0,db_thumbnail_url: HTTPError
wBBQ6Y--kW0,人生劇場放送局,【スカッと】「低学歴は今すぐクビだ！」と解雇した部長。翌日、ニュースで俺の正体を知り驚愕。【シニア】,39077,existing,E:\Data\ObsidianVault\02_Channels\シニア朗読\競合リサーチ\サムネ企画検索ポータル_20260605\thumbnail_assets\wBBQ6Y--kW0.jpg,147668,
4IUKu0q51a4,人生はバラ色,「親もさぞかし貧乏なんだろうなw」歓迎会で新入社員を侮辱したエリート部長。「…今呼びますね」電話に出た瞬間、全員が凍り付いた,38956,existing,E:\Data\ObsidianVault\02_Channels\シニア朗読\競合リサーチ\サムネ企画検索ポータル_20260605\thumbnail_assets\4IUKu0q51a4.jpg,186061,
p-ZIoaOO458,心に響く人生ドラマ日誌,25年勤続の私を即日クビにした若造上司。翌日、私の正体が判明し会社が倒産危機に,38929,existing,E:\Data\ObsidianVault\02_Channels\シニア朗読\競合リサーチ\サムネ企画検索ポータル_20260605\thumbnail_assets\p-ZIoaOO458.jpg,139693,
6olPLsaDvWA,人生は七色,雪の夜に見知らぬ女性を理由も聞かず助けた廃業寸前の旅館主。彼女が元トップ弁護士だと知った時、古い旅館の運命が動き出したのでした,38923,existing,E:\Data\ObsidianVault\02_Channels\シニア朗読\競合リサーチ\サムネ企画検索ポータル_20260605\thumbnail_assets\6olPLsaDvWA.jpg,216761,
mXtf9ccUO18,感動スカっと人生録,「夜の仕事だったんでしょ？」結婚式で母を侮辱された私。5分後に流れた動画に、会場の全員が凍り付いた理由とは,38902,,,0,db_thumbnail_url: HTTPError
mXbbp1989MM,お茶の間TV 〈スカッと感動〉,高級寿司店でヤクザに絡まれた老人…老人が落とした1枚の名刺を見て、全員が凍りついた【スカッとする話】,38734,existing,E:\Data\ObsidianVault\02_Channels\シニア朗読\競合リサーチ\サムネ企画検索ポータル_20260605\thumbnail_assets\mXbbp1989MM.jpg,136658,
nB-coDDb2Rg,人生の温もり,雨の夜「お金はないです」骨折した犬を抱えた10歳の少女→獣医が追い出せなかった理由→15年後、白衣の女が現れた【感動する話】,38732,existing,E:\Data\ObsidianVault\02_Channels\シニア朗読\競合リサーチ\サムネ企画検索ポータル_20260605\thumbnail_assets\nB-coDDb2Rg.jpg,252173,
5epvvKMkHT4,人生のシナリオ,港で古びたボロ漁船を無償で直した20歳の漁師の娘。後日、小さな漁村に信じられない奇跡が…【感動する話】,38522,existing,E:\Data\ObsidianVault\02_Channels\シニア朗読\競合リサーチ\サムネ企画検索ポータル_20260605\thumbnail_assets\5epvvKMkHT4.jpg,244952,
xMxp3V5G4Y8,感動スカっと人生録,「月収18万?貧乏でしょｗ」と夫をバカにし笑ったママ友。翌日、彼女の夫の会社はぶっ潰れました,38514,,,0,db_thumbnail_url: HTTPError
cpyCUB6pVeU,人生逆転ドラマシアター,公開侮辱に屈しない69歳窓際社員の逆転劇 — “英語で何か言ってみる？”の侮辱を一言で覆した話,38426,,,0,db_thumbnail_url: HTTPError
Xs11wIe3klE,人生は七色,同窓会で「負け組」と侮辱され、無理やりスピーチをさせられた男。彼の近況報告に同級生たちは顔面蒼白に…【スカッと】,38301,existing,E:\Data\ObsidianVault\02_Channels\シニア朗読\競合リサーチ\サムネ企画検索ポータル_20260605\thumbnail_assets\Xs11wIe3klE.jpg,272095,
VK5Gw9C4AbY,人生劇場放送局,【スカッと】『その格好で“お任せ”？冗談でしょ』銀座の高級寿司店で見下された老婆。「この店、潰そう」翌日、1本の電話が...。【シニア】,38249,existing,E:\Data\ObsidianVault\02_Channels\シニア朗読\競合リサーチ\サムネ企画検索ポータル_20260605\thumbnail_assets\VK5Gw9C4AbY.jpg,154059,
q7oA5r-H0ks,人生のドラマTV,「全部もらうよ」余命一ヶ月の老人が、全財産で貧乏な弁当屋を救った結果...,38202,existing,E:\Data\ObsidianVault\02_Channels\シニア朗読\競合リサーチ\サムネ企画検索ポータル_20260605\thumbnail_assets\q7oA5r-H0ks.jpg,217768,
KaUHVPqh4c0,人生劇場放送局,【スカッと】「やれるもんならw」高級料亭で嘲笑された車椅子の孫娘と老人。翌朝、頭取「10兆円が消えた！」銀行は大崩壊。【シニア】,37899,existing,E:\Data\ObsidianVault\02_Channels\シニア朗読\競合リサーチ\サムネ企画検索ポータル_20260605\thumbnail_assets\KaUHVPqh4c0.jpg,223814,
4_Xq_-yZKtY,愛しき人の人生日記,新年会の貸切予約をドタキャンされた小料理屋のボロボロ親子。大手商社会長が部下80人を引き連れ振舞った結果…,37667,,,0,db_thumbnail_url: HTTPError
wN60W5TzftA,人生スカッと物語,「銀行を変える？お好きにどうぞ!」ボロ通帳の記帳を断られ嘲笑された老婆…その場で1兆円を引き出し、銀行中が凍りつく…,37645,,,0,db_thumbnail_url: HTTPError
TxxOPooAKpo,静かなる英雄たち,「弁償しろ！」高級ホテルで濡れ衣を着せられたおじいさん。「営業停止で」翌日、支配人が凍りついたーー。,37445,existing,E:\Data\ObsidianVault\02_Channels\シニア朗読\競合リサーチ\サムネ企画検索ポータル_20260605\thumbnail_assets\TxxOPooAKpo.jpg,200525,
9ubtoLestcM,人生のシナリオ,廃業寸前の寿司屋の店主が、老人ホームから逃げ出した所持金1000円の逃亡老婆に無料で寿司を御馳走したら…【感動する話】,37378,existing,E:\Data\ObsidianVault\02_Channels\シニア朗読\競合リサーチ\サムネ企画検索ポータル_20260605\thumbnail_assets\9ubtoLestcM.jpg,255547,
mWD3iv_TjBo,人生は七色,廃業寸前のレストランで謎の黒いトマト買い取ると店に大行列ができ始め…「魔法のトマト買ってくだしゃい…」押し売りに来た泥だらけの貧乏双子から買ったトマトを看板メニューにすると奇跡が始まり…【感動する話】,37333,existing,E:\Data\ObsidianVault\02_Channels\シニア朗読\競合リサーチ\サムネ企画検索ポータル_20260605\thumbnail_assets\mWD3iv_TjBo.jpg,274852,
YzTvhzGyJP0,面白きかな人生,「年収150万でスポンサーってバカじゃないの？」同窓会で侮辱された女性。次の瞬間、司会者「ドルですよ」同級生「え？」【面白きかな人生】,36837,existing,E:\Data\ObsidianVault\02_Channels\シニア朗読\競合リサーチ\サムネ企画検索ポータル_20260605\thumbnail_assets\YzTvhzGyJP0.jpg,208148,
N7G36eUgIu0,人生劇場放送局,【スカッと】「貧乏業者とは取引終了w」と二代目大将。「二度と卸しません」ライバル料亭と30億の契約を結んだ結果。【シニア】,36827,existing,E:\Data\ObsidianVault\02_Channels\シニア朗読\競合リサーチ\サムネ企画検索ポータル_20260605\thumbnail_assets\N7G36eUgIu0.jpg,261980,
LmBBWynDfDo,潮見組　人情列伝,入社式に行った娘が坊主で帰宅。組長の父「行くぞ」傘下のヤクザ100人召集し…【感動する話】,36681,existing,E:\Data\ObsidianVault\02_Channels\シニア朗読\競合リサーチ\サムネ企画検索ポータル_20260605\thumbnail_assets\LmBBWynDfDo.jpg,322808,
O-O-Dh4t8VU,人生逆転ドラマシアター,「クビになっちゃった…」と泣いた派遣OLを救ったのは清掃員のおじいさんだった話,36660,,,0,db_thumbnail_url: HTTPError
R7yGMWfzKu0,人生は七色,家出した不登校の女子中学生に勉強を教えたホームレスの老人。彼が、まさか有名大学のレジェンド研究者だったとは…。【感動ストーリー】【逆転ストーリー】,36640,existing,E:\Data\ObsidianVault\02_Channels\シニア朗読\競合リサーチ\サムネ企画検索ポータル_20260605\thumbnail_assets\R7yGMWfzKu0.jpg,288897,
_ko6-2kYOfQ,人生の光と影 朗読館,山で遭難した泥だらけのお爺さんを温泉に入れてあげた17歳の仲居。翌朝、旅館に黒塗りの高級車が続々と到着し...,36605,,,0,db_thumbnail_url: HTTPError
KGqEI3wS0dU,人生のドラマTV,寿司屋で馬鹿にされた夫婦。大将に「出ていけ」と言われ、帰ろうとした瞬間「いいえ、あなたじゃありません。」,36550,existing,E:\Data\ObsidianVault\02_Channels\シニア朗読\競合リサーチ\サムネ企画検索ポータル_20260605\thumbnail_assets\KGqEI3wS0dU.jpg,292673,
qu9Y_IIb0I4,人生は七色,5歳の双子少女がおにぎりをあげたホームレスが実はヤクザ組長！しかし奇跡が始まり…翌日、黒服50人を引き連れ恩返しに現れたことから始まる奇跡と愛の物語【感動する話】,36546,existing,E:\Data\ObsidianVault\02_Channels\シニア朗読\競合リサーチ\サムネ企画検索ポータル_20260605\thumbnail_assets\qu9Y_IIb0I4.jpg,275152,
NUmKOWg1GTo,人生は七色,「金はいいから風呂に入りな」血まみれで銭湯に現れたホームレスに無償で風呂に入れてやった番頭。翌日、この銭湯に衝撃の結末が…,36505,existing,E:\Data\ObsidianVault\02_Channels\シニア朗読\競合リサーチ\サムネ企画検索ポータル_20260605\thumbnail_assets\NUmKOWg1GTo.jpg,184270,
r8N1G531ypc,人生は100年,公園で暮らす32歳ホームレスが楽器が壊れて泣いてる中学生に全財産を差し出した→10年後、公園に美しい女性が現れて…【感動する話】,36202,existing,E:\Data\ObsidianVault\02_Channels\シニア朗読\競合リサーチ\サムネ企画検索ポータル_20260605\thumbnail_assets\r8N1G531ypc.jpg,186669,
vjYQvD0v5JU,人生は100年,妻と両親を失い抜け殻の駅員→真冬の待合室で震える母娘に「中で温まりな」自分の夜食を差し出した結果→5歳の少女「おじちゃん、パパになってくれる？」【感動する話】,36178,existing,E:\Data\ObsidianVault\02_Channels\シニア朗読\競合リサーチ\サムネ企画検索ポータル_20260605\thumbnail_assets\vjYQvD0v5JU.jpg,165541,
vYs5hD0x1JM,人生逆転ドラマシアター,銀行で“ただの老人”を閉店まで放置した結果…翌日、支店が地獄絵図に！,36094,,,0,db_thumbnail_url: HTTPError
EhMUkRWtlZo,人生は七色,家賃3か月滞納で廃業寸前の弁当屋店主の俺が、挫折して地元に戻ってきたハーバード大卒の才女を雇った結果・・・【感動ストーリー】,35950,existing,E:\Data\ObsidianVault\02_Channels\シニア朗読\競合リサーチ\サムネ企画検索ポータル_20260605\thumbnail_assets\EhMUkRWtlZo.jpg,235693,
iInJrzKzXwE,人生を紡ぐ,「中卒ですが働かせて下さい」倒産まであと90日　IQ200の天才少女が現われ　倒産寸前の工場で3ケ月後に起きた大逆転劇！！【感動する話】,35947,existing,E:\Data\ObsidianVault\02_Channels\シニア朗読\競合リサーチ\サムネ企画検索ポータル_20260605\thumbnail_assets\iInJrzKzXwE.jpg,225770,
VzifMAMaejw,感動スカっと人生録,使えない新人清掃員を土下座させた瞬間、その正体に職場が震えた,35809,,,0,db_thumbnail_url: HTTPError
F9L11a4ebOs,人生の輝き,「高卒のくせに生意気だ！」ハーバード大卒社長に解雇された新入社員。翌日、年間取引1000億の契約が突然終了になり社内が地獄絵図に…,35761,,,0,db_thumbnail_url: HTTPError
l7EYsYTEcOU,感動スカっと人生録,仕掛けられた罠で解雇された女性社員。会長が拾った財布から『ある写真』が…,35646,,,0,db_thumbnail_url: HTTPError
rqZbWE8czeU,潮見組　人情列伝,ドタキャンされヤクザ事務所に飛び込み営業に来た貧乏少女「ママ手作りのお弁当買ってください…」「全部買うよ」→翌日、店前に100人のヤクザが現れ…【感動する話】,35615,existing,E:\Data\ObsidianVault\02_Channels\シニア朗読\競合リサーチ\サムネ企画検索ポータル_20260605\thumbnail_assets\rqZbWE8czeU.jpg,294313,
sCpR0g5BWK8,人生は100年,20歳の兄は弟の日記をこっそり見るまでは知らなかった。3週間弟が学校にいかなかった理由とその真実を…【感動する話】,35597,existing,E:\Data\ObsidianVault\02_Channels\シニア朗読\競合リサーチ\サムネ企画検索ポータル_20260605\thumbnail_assets\sCpR0g5BWK8.jpg,126400,
L2bBtbVNx4Q,人生はバラ色,「中卒は仕事できないからクビなww」凄腕エンジニアと知らず派遣社員を侮辱したエリート部長→「   わかりました」速帰宅した結果…,35591,existing,E:\Data\ObsidianVault\02_Channels\シニア朗読\競合リサーチ\サムネ企画検索ポータル_20260605\thumbnail_assets\L2bBtbVNx4Q.jpg,185977,
l2CBW1Iek8w,人生の輝き,「お引き取りください」と銀行から追い出されたホームレスの老人が、支店長に見せた一枚の紙に、若手行員が震え出した理由…,35561,,,0,db_thumbnail_url: HTTPError
gLxnyitjRYw,静かなる英雄たち,「年金でファーストクラス？」チェックインで笑われた老夫婦。だがその30分後、機長が深々と頭を下げた瞬間、全員が凍りついた――。,35542,existing,E:\Data\ObsidianVault\02_Channels\シニア朗読\競合リサーチ\サムネ企画検索ポータル_20260605\thumbnail_assets\gLxnyitjRYw.jpg,235111,
-U4n1bboSpU,人生逆転ストーリー,高級寿司屋で記念日を祝う老夫婦を銀行員が侮辱→「御社の株300億全部売るわ」「貧乏人が、できるもんならw」翌日まさかの大暴落に銀行崩壊！,35506,,,0,db_thumbnail_url: HTTPError
kunFuFDkw08,人生は100年,母の治療費のために17歳で中退し工場勤務の俺を同窓会で嘲笑うエリート同級生「貧乏の匂いは10年経っても抜けねえな」→黙り込んだ俺の前に、一冊の絵本を抱えた女性が現れて…【感動する話】,35494,existing,E:\Data\ObsidianVault\02_Channels\シニア朗読\競合リサーチ\サムネ企画検索ポータル_20260605\thumbnail_assets\kunFuFDkw08.jpg,215271,
fjo1B0eDcLo,人生は100年,廃業寸前の43歳のケーキ屋店主→問屋の駐車場で泣き崩れる女性に「うちで働きませんか？」無一文の男が差し出した一言からとんでもないことになった【感動する話】,35440,existing,E:\Data\ObsidianVault\02_Channels\シニア朗読\競合リサーチ\サムネ企画検索ポータル_20260605\thumbnail_assets\fjo1B0eDcLo.jpg,190154,
BZN-lGOiO2o,潮見組　人情列伝,かつて貧乏だった俺に毎日弁当作ってくれた同級生→20年後、若頭なった俺がヤクザ事務所でボロボロの彼女と再会した結果【感動する話】,35389,existing,E:\Data\ObsidianVault\02_Channels\シニア朗読\競合リサーチ\サムネ企画検索ポータル_20260605\thumbnail_assets\BZN-lGOiO2o.jpg,258749,
q8-Vm0nY_c4,人生劇場放送局,【スカッと】地味な妻と離婚成立、直後に黒塗りの高級車。「会長、お待たせしました」→夫「え？」実は...。【シニア】,35329,existing,E:\Data\ObsidianVault\02_Channels\シニア朗読\競合リサーチ\サムネ企画検索ポータル_20260605\thumbnail_assets\q8-Vm0nY_c4.jpg,210448,
JepOC4QMsnM,人生のヒカリ,「おねぇちゃん......おなかしゅいたよ」大雪の夜、ゴミ捨て場で凍える姉妹に廃業寸前店主が熱々のおむすびを差し出した結果【感動する話】,35159,existing,E:\Data\ObsidianVault\02_Channels\シニア朗読\競合リサーチ\サムネ企画検索ポータル_20260605\thumbnail_assets\JepOC4QMsnM.jpg,299434,
qNraN5Y9taE,人生劇場放送局,【スカッと】「顔だけの高卒女w」ＩＱ200の契約社員と知らず解雇した部長。翌日、特許停止→ライバル会社に転職した結果。【シニア】,35084,existing,E:\Data\ObsidianVault\02_Channels\シニア朗読\競合リサーチ\サムネ企画検索ポータル_20260605\thumbnail_assets\qNraN5Y9taE.jpg,209919,
GZwXm4Ce_cc,人生のシナリオ,父親が刑務所にいる秘密を抱えた17歳少女。15年後→突然現れたその男が、まさかあの人だったとは…【感動する話】,34987,existing,E:\Data\ObsidianVault\02_Channels\シニア朗読\競合リサーチ\サムネ企画検索ポータル_20260605\thumbnail_assets\GZwXm4Ce_cc.jpg,193279,
9dRtZZHNoLs,人生は贈り物,「お母さんを助けてください」大企業会長に助けを求める10歳の少女 → 会長は8年前に勘当した息子の娘と知り衝撃を受けた,34879,existing,E:\Data\ObsidianVault\02_Channels\シニア朗読\競合リサーチ\サムネ企画検索ポータル_20260605\thumbnail_assets\9dRtZZHNoLs.jpg,214297,
qsfql2WI0yE,人生劇場放送局,【スカッと】「底辺がファーストクラス？冗談でしょｗ」再会した直後、ＣＡ「機長、探しましたよ！」→「え？」【シニア】,34863,existing,E:\Data\ObsidianVault\02_Channels\シニア朗読\競合リサーチ\サムネ企画検索ポータル_20260605\thumbnail_assets\qsfql2WI0yE.jpg,224121,
PcBOLiEBh9E,静かなる英雄たち,「味なんて分かるわけないでしょ」高級ワインバーで笑われた老夫婦。「こことは取引停止で」1時間後、ソムリエが凍りついた──。,34836,existing,E:\Data\ObsidianVault\02_Channels\シニア朗読\競合リサーチ\サムネ企画検索ポータル_20260605\thumbnail_assets\PcBOLiEBh9E.jpg,199074,
hdfZj7KqFys,人生劇場放送局,【スカッと】「貧乏人は来ないで！」平手打ちされた老人。翌日、頭取「100兆円が消えた…？」銀行は地獄絵図に！【シニア】,34824,existing,E:\Data\ObsidianVault\02_Channels\シニア朗読\競合リサーチ\サムネ企画検索ポータル_20260605\thumbnail_assets\hdfZj7KqFys.jpg,146453,
e2AEVcxPNXA,人生逆転ストーリー,「この程度の料理で金取るの？」地味な料理店を見下した大企業の御曹司── 翌日“全ブランド不買運動”50億円損失で本社大パニック！,34818,,,0,db_thumbnail_url: HTTPError
gHkkZ3QLvNk,人生は100年,借金800万で廃業寸前のパン屋にボロボロの外国人女性が来店「ヒャクエンデ…ハタラカセテクダサイ」→月収30万円で雇ったらとんでもない結果に…【感動する話】,34598,existing,E:\Data\ObsidianVault\02_Channels\シニア朗読\競合リサーチ\サムネ企画検索ポータル_20260605\thumbnail_assets\gHkkZ3QLvNk.jpg,246152,
CeuASwx_L4A,人生劇場放送局,【スカッと】「全額引き出す？どうぞ貧乏ジジィw」と銀行員。「わかりました」➡直後、1兆円が消え銀行は大混乱に…【シニア】,34487,existing,E:\Data\ObsidianVault\02_Channels\シニア朗読\競合リサーチ\サムネ企画検索ポータル_20260605\thumbnail_assets\CeuASwx_L4A.jpg,150705,
M_5ukZD34DQ,人生逆転ドラマch,｢お父さんフリーター？！w｣授業参観でゲラゲラ笑う保護者達。父｢あなたのタワマン潰しますね｣保護者｢え？｣,34455,existing,E:\Data\ObsidianVault\02_Channels\シニア朗読\競合リサーチ\サムネ企画検索ポータル_20260605\thumbnail_assets\M_5ukZD34DQ.jpg,55155,
xdpwPzstd2I,人生は七色,「テメェは破門だ！」震えるホームレスにこっそり賄いを食わせた若手寿司職人はクビになった。しかし、彼の前に現れた人物によって人生大逆転【感動ストーリー】,34369,existing,E:\Data\ObsidianVault\02_Channels\シニア朗読\競合リサーチ\サムネ企画検索ポータル_20260605\thumbnail_assets\xdpwPzstd2I.jpg,207725,
f_PGd3USGwM,人生のドラマTV,「これあげる！」アラブ人に傘を渡した貧乏少女。翌日、小学校に黒塗りの高級車が集結して...,34254,existing,E:\Data\ObsidianVault\02_Channels\シニア朗読\競合リサーチ\サムネ企画検索ポータル_20260605\thumbnail_assets\f_PGd3USGwM.jpg,273310,
84o8PaBylDU,人生の輝き,「担保がない」と農家のお爺さんの融資を断る支店長。翌日、メガバンクの頭取が彼を更迭していた…,34203,,,0,db_thumbnail_url: HTTPError
vvPcm8mVQeI,人生劇場放送局,【スカッと】「相変わらず貧乏だなw」同窓会で底辺と見下した社長。俺「お前の会社、潰しとくね」同級生「え？」【シニア】,34156,existing,E:\Data\ObsidianVault\02_Channels\シニア朗読\競合リサーチ\サムネ企画検索ポータル_20260605\thumbnail_assets\vvPcm8mVQeI.jpg,67740,
zp8PyW3vx5o,人生の裏側,「悔しかったらヤクザでも何でも呼んでみなさいよw」社長令嬢に嘲笑された清掃員の女性「言いましたね？」→数時間後、30台のバイク集団が現れ…【感動する話】,34066,existing,E:\Data\ObsidianVault\02_Channels\シニア朗読\競合リサーチ\サムネ企画検索ポータル_20260605\thumbnail_assets\zp8PyW3vx5o.jpg,204058,
fUeS_rUXfw8,愛しき人の人生日記,「退職します」会社のパワハラで退職する中卒OL彼女と仲の良かった清掃員の老人が本気を出す…,33953,,,0,db_thumbnail_url: HTTPError
6tEV4BYcia0,お茶の間TV 〈スカッと感動〉,ヤクザがホームレスに優しくした結果、人生最大の報いを受ける事に… 【スカッとする話】 YAKUZA,33870,existing,E:\Data\ObsidianVault\02_Channels\シニア朗読\競合リサーチ\サムネ企画検索ポータル_20260605\thumbnail_assets\6tEV4BYcia0.jpg,158402,
b75ZiZhNyQo,人生ドラマTV,「娘さんを歩けるようにできるよ」ホームレス少年が言った。富豪の父親は驚愕の結末に泣き崩れた【感動する話】,33769,existing,E:\Data\ObsidianVault\02_Channels\シニア朗読\競合リサーチ\サムネ企画検索ポータル_20260605\thumbnail_assets\b75ZiZhNyQo.jpg,250441,
fI3CLI2zmsE,人生逆転ドラマch,無人島で同僚に置き去りにされた私。1人キャンプしていた取引先のイケメンが現れ…,33681,existing,E:\Data\ObsidianVault\02_Channels\シニア朗読\競合リサーチ\サムネ企画検索ポータル_20260605\thumbnail_assets\fI3CLI2zmsE.jpg,84569,
MFWjS6vFrgE,人生のシナリオ,誰にも見舞われない孤独なお爺さんを助けた貧乏な清掃員。後日、一本の電話で彼女の人生が変わることになる,33656,,,0,db_thumbnail_url: HTTPError
VjoVfciEooI,人生色々TV,焼肉屋店主が金無し母娘に腹いっぱい焼肉をご馳走した…後日、廃業寸前の店がまさかの事態に・・・,33360,existing,E:\Data\ObsidianVault\02_Channels\シニア朗読\競合リサーチ\サムネ企画検索ポータル_20260605\thumbnail_assets\VjoVfciEooI.jpg,245072,
oi04851as5Q,人生は七色,「ババアが出しゃばるな！」天才少女の代役で老婆がフィギュアスケートを披露した結果…世界を震撼させるとは…【感動】,33200,existing,E:\Data\ObsidianVault\02_Channels\シニア朗読\競合リサーチ\サムネ企画検索ポータル_20260605\thumbnail_assets\oi04851as5Q.jpg,262504,
DulhTmD-N6g,面白きかな人生,「これが毎日持ってきてた弁当w 白ごはんだけ。ねぇウケない？」同窓会でスマホを回して嘲笑された女性。だが翌朝、晒した側の夫の会社に“全取引停止”ファックスが届いた【面白きかな人生】,33163,existing,E:\Data\ObsidianVault\02_Channels\シニア朗読\競合リサーチ\サムネ企画検索ポータル_20260605\thumbnail_assets\DulhTmD-N6g.jpg,225855,
PQeYqxzubA4,人生逆転ドラマch,高級料亭で障害を持つ娘が軽蔑される。次の瞬間、女将｢お引き取りください｣と追い出されたのは…,33139,existing,E:\Data\ObsidianVault\02_Channels\シニア朗読\競合リサーチ\サムネ企画検索ポータル_20260605\thumbnail_assets\PQeYqxzubA4.jpg,164987,
eTBU5tvRCT8,感動スカっと人生録,"「子は親の鏡って知ってる?w」支店長が侮辱した清掃員→""ある番号""への電話で男の人生が終わった",33056,,,0,db_thumbnail_url: HTTPError
7ry5Htre7Og,人生の糸,老舗そば屋にボロボロの親子が来店「かけ蕎麦を1人前で」娘だけに食べさせる父親を見た店主「余りもんだから食べていきな」と、もう１杯のかけ蕎麦をご馳走した結果…【感動する話】,33046,existing,E:\Data\ObsidianVault\02_Channels\シニア朗読\競合リサーチ\サムネ企画検索ポータル_20260605\thumbnail_assets\7ry5Htre7Og.jpg,273136,
xwEBrF_LQZQ,感動スカっと人生録,「親の月収14万？」同級生に笑われた女子高生。下校時、校門に黒塗りのベンツが停まり…,33028,,,0,db_thumbnail_url: HTTPError
pjH8PSv3JoM,人生のドラマTV,「今晩だけ、いいですか？」見知らぬキャバ嬢を、冴えないサラリーマンが家に泊めてあげた結果...,32802,existing,E:\Data\ObsidianVault\02_Channels\シニア朗読\競合リサーチ\サムネ企画検索ポータル_20260605\thumbnail_assets\pjH8PSv3JoM.jpg,213118,
YBncWnRavuc,人生のシナリオ,借金300万。闇金に追われる看護師を助けた元ヤクザの男→まさかの正体に言葉を失うことになる・・・【感動する話】,32761,existing,E:\Data\ObsidianVault\02_Channels\シニア朗読\競合リサーチ\サムネ企画検索ポータル_20260605\thumbnail_assets\YBncWnRavuc.jpg,215752,
3gcPy6Z56Iw,人生は100年,還暦をむかえた歳の離れた妻と結婚した恋愛経験ゼロの44歳の俺→大口取引の接待の席で上司「お母さん連れてくるなよ」と嘲笑→取引先の外国人妻が俺の妻を見た瞬間…【感動する話】,32726,existing,E:\Data\ObsidianVault\02_Channels\シニア朗読\競合リサーチ\サムネ企画検索ポータル_20260605\thumbnail_assets\3gcPy6Z56Iw.jpg,215027,
ClGIa1jwMck,静かなる英雄たち,掃除係のおばあさんを軽視していた役員たち、彼女が株主総会に現れた瞬間、全員が凍りついた――。,32696,existing,E:\Data\ObsidianVault\02_Channels\シニア朗読\競合リサーチ\サムネ企画検索ポータル_20260605\thumbnail_assets\ClGIa1jwMck.jpg,208645,
AS7N5WYtXfc,人生劇場放送局,【スカッと】「俺の娘に何をした!」父の怒りが大爆発→5秒後、1兆円解約で銀行が阿鼻叫喚。【シニア】,32555,existing,E:\Data\ObsidianVault\02_Channels\シニア朗読\競合リサーチ\サムネ企画検索ポータル_20260605\thumbnail_assets\AS7N5WYtXfc.jpg,213527,
OPwOJnylh7Y,人生はバラ色,「親の葬式ごときで有給取るな！」会社で上司に侮辱された新人OL「…わかりました」翌日上司のデスクが消えていた…,32385,existing,E:\Data\ObsidianVault\02_Channels\シニア朗読\競合リサーチ\サムネ企画検索ポータル_20260605\thumbnail_assets\OPwOJnylh7Y.jpg,223320,
Xcnwmjw7EfU,人生のヒカリ,「10円でこの子にスープだけでもいただけませんか」廃業寸前のラーメン屋店主がガリガリの母娘に特大ラーメンをご馳走した結果,32306,existing,E:\Data\ObsidianVault\02_Channels\シニア朗読\競合リサーチ\サムネ企画検索ポータル_20260605\thumbnail_assets\Xcnwmjw7EfU.jpg,248345,
SWUnaDUPXC8,人生逆転ドラマch,同僚にお花見に誘われ山に置き去りにされた私。1人でいたら取引先のイケメンが彼女と現れ…,32264,existing,E:\Data\ObsidianVault\02_Channels\シニア朗読\競合リサーチ\サムネ企画検索ポータル_20260605\thumbnail_assets\SWUnaDUPXC8.jpg,101799,
a2AE3gj2REo,人生逆転ストーリー,「どうせゴミ企業だろ？融資してやろうかw」同窓会で銀行員の同級生にバカにされた老人「この銀行、潰そう」翌日、500億の口座解約で支店長土下座！,32233,,,0,db_thumbnail_url: HTTPError
5xVNKkUMu3E,人生は七色,「おじいさん待って！」バスで老人を助けた貧乏就活生は大遅刻した。しかし、面接会場に老人が現れて…【感動ストーリー】,32176,existing,E:\Data\ObsidianVault\02_Channels\シニア朗読\競合リサーチ\サムネ企画検索ポータル_20260605\thumbnail_assets\5xVNKkUMu3E.jpg,169017,
yjpbees29A8,人生の輝き,「旦那が中卒ってｗ」結婚式の二次会で学歴主義者の同僚に侮辱される女性「…もう迎えに来てるけど、同じことが言えるの？」同僚「そんな…うそでしょ」,32162,existing,E:\Data\ObsidianVault\02_Channels\シニア朗読\競合リサーチ\サムネ企画検索ポータル_20260605\thumbnail_assets\yjpbees29A8.jpg,239215,
dgL3YOzr-K4,人生色々TV,全身ずぶ濡れ母娘を1000円ポッキリで泊めた赤字経営の民宿大将…その結果まさかの事態に•••,32132,existing,E:\Data\ObsidianVault\02_Channels\シニア朗読\競合リサーチ\サムネ企画検索ポータル_20260605\thumbnail_assets\dgL3YOzr-K4.jpg,198262,
NeluCvoSlbA,愛しき人の人生日記,「大物とは知らず」誠実に対応した新入社員への解雇通知が、会社を崩壊させた裏事情…,32012,,,0,db_thumbnail_url: HTTPError
q3AUKNc57uQ,静かなる英雄たち,「お前のせいだ！」雑用係の老人に失敗の責任を押し付けた料理長。だがお爺さんが鯛の活造りを3分で仕上げると、全員が凍りついた――。,32008,existing,E:\Data\ObsidianVault\02_Channels\シニア朗読\競合リサーチ\サムネ企画検索ポータル_20260605\thumbnail_assets\q3AUKNc57uQ.jpg,236210,
HIxiB3lcoWk,人生劇場放送局,【スカッと】「やれるもんならｗ」高級料亭で老夫婦を見下した頭取の息子。翌日、ニュースを見た頭取が震えだし   。【シニア】,31980,existing,E:\Data\ObsidianVault\02_Channels\シニア朗読\競合リサーチ\サムネ企画検索ポータル_20260605\thumbnail_assets\HIxiB3lcoWk.jpg,210174,
WB-fceBoQck,人生ドラマTV,「今夜、寝る場所がないの」貧しい少女が大富豪に言った。少女の正体を知った瞬間、大富豪は涙が止まらなかった。【感動する話】,31950,existing,E:\Data\ObsidianVault\02_Channels\シニア朗読\競合リサーチ\サムネ企画検索ポータル_20260605\thumbnail_assets\WB-fceBoQck.jpg,197155,
f5Zj4GuQ7cw,人生は100年,20年間俺から手柄を奪い続けた上司「大型案件だから俺がここから引き継ぐよw」俺「…」後日、上司が老舗旅館の美人女社長を大激怒させ「契約は白紙で！」→所長と俺が謝罪に行くとまさかの結果に…【感動する話】,31939,existing,E:\Data\ObsidianVault\02_Channels\シニア朗読\競合リサーチ\サムネ企画検索ポータル_20260605\thumbnail_assets\f5Zj4GuQ7cw.jpg,212826,
jyu8J6H8-ps,お茶の間TV 〈スカッと感動〉,港町で倒れたヤクザに定食をおごる店主…10年後、立ち退きの危機にあのヤクザが現れ…【スカッとする話】【スカッとする話】 YAKUZA,31858,existing,E:\Data\ObsidianVault\02_Channels\シニア朗読\競合リサーチ\サムネ企画検索ポータル_20260605\thumbnail_assets\jyu8J6H8-ps.jpg,140715,
MMQXXJvXOzE,人生のシナリオ,「臭い」と侮辱された農家の祖父がピアノを直した途端…会場は総立ちになった,31751,existing,E:\Data\ObsidianVault\02_Channels\シニア朗読\競合リサーチ\サムネ企画検索ポータル_20260605\thumbnail_assets\MMQXXJvXOzE.jpg,140433,
lM4_Zy1IuDs,人生の輝き,駅のホームで線路に転落した松葉杖の少女を助けて大事な商談に遅刻した女性。だが翌日、少女が松葉杖なしで現れて…,31732,,,0,db_thumbnail_url: HTTPError
4rILcaKb8II,人生劇場放送局,【スカッと】「他銀に変える？ご自由にw」融資を断られた老人。「本当にいいんですね？」１兆円が消え銀行閉鎖に。【シニア】,31626,existing,E:\Data\ObsidianVault\02_Channels\シニア朗読\競合リサーチ\サムネ企画検索ポータル_20260605\thumbnail_assets\4rILcaKb8II.jpg,219047,
vxKNQ8ioyVk,人生逆転ドラマシアター,「貧乏老人がローン？」ボロい服のおじいさんが銀行で門前払い。翌日、全財産を引き出された銀行が大パニック！,31554,,,0,db_thumbnail_url: HTTPError
dMe58iHpf8Q,人生のシナリオ,「500円しかないんです」借金で廃業寸前の定食屋の店主が、家出少女にメンチカツを無料でご馳走したら…【感動する話】,31511,existing,E:\Data\ObsidianVault\02_Channels\シニア朗読\競合リサーチ\サムネ企画検索ポータル_20260605\thumbnail_assets\dMe58iHpf8Q.jpg,230725,
OErz_FL3Gy4,人生逆転ドラマch,俺を見下す元カノと空港で再会した俺。ＣＡ「機長，お疲れ様です！」元カノ「え…？！」,31467,existing,E:\Data\ObsidianVault\02_Channels\シニア朗読\競合リサーチ\サムネ企画検索ポータル_20260605\thumbnail_assets\OErz_FL3Gy4.jpg,85157,
eRgKr3L4bAA,人生は100年,18歳で両親が他界し実家の食堂を閉めた俺。10年後、立ち退き通告で寝込む俺の部屋に来たクールな女上司が握ったおにぎりを一口食べて、俺「なんであなたがこの味を？」【感動する話】,31467,existing,E:\Data\ObsidianVault\02_Channels\シニア朗読\競合リサーチ\サムネ企画検索ポータル_20260605\thumbnail_assets\eRgKr3L4bAA.jpg,181417,
i-_bEYLAxDU,仁義と人生の部屋,元ヤクザの娘と知らず彼女にDVを繰り返す半グレの彼氏。１週間後→アジトに黒塗りの高級車が15台現れ…【スカッと】,31427,existing,E:\Data\ObsidianVault\02_Channels\シニア朗読\競合リサーチ\サムネ企画検索ポータル_20260605\thumbnail_assets\i-_bEYLAxDU.jpg,178246,
1sif-Z9AIiI,静かなる英雄たち,"「派遣は黙ってろ」証券会社でエリート上司に見下された高卒の女性。だが相場が暴落した日、彼女が5,000億円を動かすとーー。",31351,existing,E:\Data\ObsidianVault\02_Channels\シニア朗読\競合リサーチ\サムネ企画検索ポータル_20260605\thumbnail_assets\1sif-Z9AIiI.jpg,141730,
MrjV6Uo68ls,人生劇場放送局,【スカッと】中卒の俺を嘲笑したエリート部長夫婦。妻の正体を知った瞬間、部長夫人「え？」【シニア】,31249,existing,E:\Data\ObsidianVault\02_Channels\シニア朗読\競合リサーチ\サムネ企画検索ポータル_20260605\thumbnail_assets\MrjV6Uo68ls.jpg,148188,
zOGDFr8S_3w,人生逆転ストーリー,「中卒はボーナス無しね」社長の息子が定年社員を嘲笑→退職した瞬間、会社の売上9割が消えた理由とは,31191,,,0,db_thumbnail_url: HTTPError
2NkHiMThS_o,人生のギフト,「お母さん、もう来ないのかな」土砂降りの夜、スーパーの前で置き去りにされた目が見えない少女ー借金まみれの店主が保護した結果【感動する話】,31103,existing,E:\Data\ObsidianVault\02_Channels\シニア朗読\競合リサーチ\サムネ企画検索ポータル_20260605\thumbnail_assets\2NkHiMThS_o.jpg,233786,
EKChExB-q_c,人生のシナリオ,『100円しかないんです』借金3億円の母子を匿った喫茶店の店主→泣き崩れる母親を助けた結果…【感動する話】,31011,,,0,db_thumbnail_url: HTTPError
2HqkLccT0Xs,人生逆転ドラマch,授業参観でボロ作業着の父を見てゲラゲラ笑う保護者たち。父｢10億の寄付はやめます｣保護者｢え？！…｣,30852,existing,E:\Data\ObsidianVault\02_Channels\シニア朗読\競合リサーチ\サムネ企画検索ポータル_20260605\thumbnail_assets\2HqkLccT0Xs.jpg,63515,
q6A9F1prcII,人生は100年,土砂降りの雨の中、傘もささず震えていた8歳の少女にカレー南蛮そばをご馳走→12年後、息子の開店初日に現れたひとりの女性が一口すすった瞬間、ボロボロと涙をこぼし始め…【感動する話】,30771,existing,E:\Data\ObsidianVault\02_Channels\シニア朗読\競合リサーチ\サムネ企画検索ポータル_20260605\thumbnail_assets\q6A9F1prcII.jpg,210565,
jeoR2SBo7tk,人生のドラマTV,車椅子の男性を助ける貧乏就活生。超一流企業の面接に遅刻した結果...,30719,existing,E:\Data\ObsidianVault\02_Channels\シニア朗読\競合リサーチ\サムネ企画検索ポータル_20260605\thumbnail_assets\jeoR2SBo7tk.jpg,259415,
MNMDjO8zwoU,人生ドラマ館,祖母をなくし絶望している喫茶店ギャル店主→ある極寒の夜、少女が「お金ないけど入ってもいいですか？」「もちろんだよ。お食べ！」とご馳走した結果…,30683,existing,E:\Data\ObsidianVault\02_Channels\シニア朗読\競合リサーチ\サムネ企画検索ポータル_20260605\thumbnail_assets\MNMDjO8zwoU.jpg,148796,
PhiHyh2dQq8,静かなる英雄たち,「そんなボロバッグで」高級美術館で嘲笑された老夫婦。「この画家の作品、すべて回収します」その2時間後、館長が凍りついたーー。,30611,existing,E:\Data\ObsidianVault\02_Channels\シニア朗読\競合リサーチ\サムネ企画検索ポータル_20260605\thumbnail_assets\PhiHyh2dQq8.jpg,208664,
eTGuDfdiHyU,静かなる英雄たち,「今すぐ帰って」高級天ぷら屋で冷遇された老夫婦。「契約は今日までだ」翌日、大将が凍りついたーー。,30602,existing,E:\Data\ObsidianVault\02_Channels\シニア朗読\競合リサーチ\サムネ企画検索ポータル_20260605\thumbnail_assets\eTGuDfdiHyU.jpg,174350,
dTHDnIX3UoY,静かなる英雄たち,掃除係のおばあさんをバカにしていた役員たちは、海外投資家が名前を呼んだ瞬間、言葉を失った――。,30578,existing,E:\Data\ObsidianVault\02_Channels\シニア朗読\競合リサーチ\サムネ企画検索ポータル_20260605\thumbnail_assets\dTHDnIX3UoY.jpg,201096,
nHgWwvmTuwI,人生逆転ドラマシアター,「お前なんかクビだ」と言われた64歳女性事務員。最後の給料1万円を寄付した翌朝、黒塗りの車が止まり会社が静まり返った。,30532,,,0,db_thumbnail_url: HTTPError
BLxKvSI_eoY,人生色々TV,分厚い封筒を拾った貧乏少女…落とし主に渡すと10年後まさかの事態に•••,30249,existing,E:\Data\ObsidianVault\02_Channels\シニア朗読\競合リサーチ\サムネ企画検索ポータル_20260605\thumbnail_assets\BLxKvSI_eoY.jpg,209439,
UResShjBfTc,人生の輝き,新入社員に暴言を吐きシャンパンをぶっかけた営業本部長の妻。翌日、会社から夫のデスクが消えていました…,30201,,,0,db_thumbnail_url: HTTPError
d8e6Uehp7ZM,人生逆転ストーリー,「銀行を変える？どうぞご自由に」工場経営42年の社長を嘲笑した銀行員──翌日、50億円解約で支店が崩壊！,29990,,,0,db_thumbnail_url: HTTPError
6y4cYR_oezg,面白きかな人生,「どうせ捨てるものだから」と経営難の弁当屋がホームレスに残った弁当を渡した翌週、100万円分の発注が！【面白きかな人生】,29907,existing,E:\Data\ObsidianVault\02_Channels\シニア朗読\競合リサーチ\サムネ企画検索ポータル_20260605\thumbnail_assets\6y4cYR_oezg.jpg,204662,
FHwqqgywBtc,人生は100年,河川敷の橋の下で絶望していた盲目の元ボクサーを救った17歳の不良少年→3年後、20歳でチャンピオンになるも網膜剥離と診断され…【感動する話】,29870,existing,E:\Data\ObsidianVault\02_Channels\シニア朗読\競合リサーチ\サムネ企画検索ポータル_20260605\thumbnail_assets\FHwqqgywBtc.jpg,161762,
0P-1HJOx6_U,心に響く人生ドラマ日誌,「中卒のおばさんに英語は無理かw」エリート部長に見下されたパート社員。しかし、彼女の一言で会議室が凍り付いた,29672,existing,E:\Data\ObsidianVault\02_Channels\シニア朗読\競合リサーチ\サムネ企画検索ポータル_20260605\thumbnail_assets\0P-1HJOx6_U.jpg,132342,
U7QPeV05KpQ,人生色々TV,次の瞬間…私は息子夫婦の家を土足で上がり、二人をどん底に叩き落とす一言を放ちました…,29654,existing,E:\Data\ObsidianVault\02_Channels\シニア朗読\競合リサーチ\サムネ企画検索ポータル_20260605\thumbnail_assets\U7QPeV05KpQ.jpg,228680,
pdIlwCp0_Kc,感動スカっと人生録,「貧乏くさい服ね」私をバカにした社長夫人の元同級生。翌日、マウント女の夫は顔面蒼白に…,29629,,,0,db_thumbnail_url: HTTPError
QTwRmOvrVAU,人生は100年,大卒の先輩「20人で昇進祝いしてやるよ」レストランを予約。当日お店で待っていると…先輩「最初から誰も行く気ないってさw」俺「……」→1ヶ月後とんでもないことに..【感動する話】,29565,existing,E:\Data\ObsidianVault\02_Channels\シニア朗読\競合リサーチ\サムネ企画検索ポータル_20260605\thumbnail_assets\QTwRmOvrVAU.jpg,236116,
yqF0js8SZG0,仁義と人生の部屋,ヤクザの妻と知らず「おばさん」と笑った女。翌日、店の前に黒塗りの高級車が30台並び…【スカッとする話】,29548,existing,E:\Data\ObsidianVault\02_Channels\シニア朗読\競合リサーチ\サムネ企画検索ポータル_20260605\thumbnail_assets\yqF0js8SZG0.jpg,192871,
UWgbIQrquxQ,静かなる英雄たち,「邪魔」都内の大学病院のロビーで追いやられた作業服の老人。だが外国人医師が深々と頭を下げた瞬間、受付が凍りついた――。,29546,existing,E:\Data\ObsidianVault\02_Channels\シニア朗読\競合リサーチ\サムネ企画検索ポータル_20260605\thumbnail_assets\UWgbIQrquxQ.jpg,227524,
0vEB6_WOT2s,人生色々TV,店主の突き刺す一言で店内に緊張が走った……喫茶店を追い出されたのは一体・・・,29537,existing,E:\Data\ObsidianVault\02_Channels\シニア朗読\競合リサーチ\サムネ企画検索ポータル_20260605\thumbnail_assets\0vEB6_WOT2s.jpg,220348,
On6naxbVeAY,人生ドラマ座,社長「明日から来なくていい」貧乏な派遣OL「わかりました」帰り支度をすると、社長「あなたではありません」この後まさかの結末が...,29515,existing,E:\Data\ObsidianVault\02_Channels\シニア朗読\競合リサーチ\サムネ企画検索ポータル_20260605\thumbnail_assets\On6naxbVeAY.jpg,156389,
rgjVQxihNtk,人生のシナリオ,家賃2ヶ月滞納の餃子屋を継ぐ俺。「東大卒なのに使えない」とボロボロに壊された32歳の女性を雇ったら→廃業寸前の店がとんでもないことに…【感動する話】,29459,existing,E:\Data\ObsidianVault\02_Channels\シニア朗読\競合リサーチ\サムネ企画検索ポータル_20260605\thumbnail_assets\rgjVQxihNtk.jpg,236551,
eirO9vtFrlY,人生の輝き,銀行で支店長の妻に暴言を吐かれコーヒーをぶっかけられる嫁を見た老人→3分後、銀行から1兆円が消え支店長は左遷されていきました…,29378,,,0,db_thumbnail_url: HTTPError
EhU2Xz0qewc,人生はバラ色,「どうせ底辺企業だろ？助けてやろうか？w」同窓会で女性をバカにした大手銀行員の同級生。「   もういいかな」直後、銀行から5000億円引き出した結果…,29377,existing,E:\Data\ObsidianVault\02_Channels\シニア朗読\競合リサーチ\サムネ企画検索ポータル_20260605\thumbnail_assets\EhU2Xz0qewc.jpg,204636,
wQEEukizZDo,人生劇場放送局,【スカッと】「ほら、今すぐ全額返済してみろよ！」工場社長を見下した銀行員。「後悔しないでくださいね？」→3秒で返した結果…。【シニア】,29332,existing,E:\Data\ObsidianVault\02_Channels\シニア朗読\競合リサーチ\サムネ企画検索ポータル_20260605\thumbnail_assets\wQEEukizZDo.jpg,213502,
8b4VyPFzpXo,人生逆転ストーリー,「おじいちゃん、コピー遅いですよ？」と若手社員に嘲られた“再雇用”の老人。彼が動いた瞬間、50億の契約が消滅！,29326,,,0,db_thumbnail_url: HTTPError
Egf9skso_1o,感動スカっと人生録,老人の荷物を守った派遣OL。不当解雇された翌日、黒塗りの車が現れ…,29297,,,0,db_thumbnail_url: HTTPError
KDsI87XzDTE,人生逆転ドラマシアター,「定食屋で絡まれたおじいさん──正体が明かされた瞬間、店内が静まり返った」,29272,,,0,db_thumbnail_url: HTTPError
K446Wsq6EVM,人生のギフト,「皿洗いでも何でもします」2日間何も食べていないホームレスの姉妹にオムライスをご馳走した店主ー10年後、衝撃の展開に...【感動する話】,29208,existing,E:\Data\ObsidianVault\02_Channels\シニア朗読\競合リサーチ\サムネ企画検索ポータル_20260605\thumbnail_assets\K446Wsq6EVM.jpg,263309,
_AJgocCCaUM,感動スカっと人生録,ボロ服を着た貧乏女性が笑いものに―しかし、翌日、全員がその正体に言葉を失う,29174,,,0,db_thumbnail_url: HTTPError
hD7kOcqJnzo,人生劇場放送局,【スカッと】「中卒旦那呼んでみなよw」歓迎会で嘲笑された派遣社員。社長「中卒で悪かったな」→東大卒女部長「え？」【シニア】,29029,existing,E:\Data\ObsidianVault\02_Channels\シニア朗読\競合リサーチ\サムネ企画検索ポータル_20260605\thumbnail_assets\hD7kOcqJnzo.jpg,206962,
W0NnpA3t_is,人生は100年,倒れていた老婆を救って取引先に遅刻→事情を話しても上司「言い訳するな」嘘の噂で会社を追われ面接12社全滅…公園で絶望していたら２人の影が現れて…【感動する話】,28961,existing,E:\Data\ObsidianVault\02_Channels\シニア朗読\競合リサーチ\サムネ企画検索ポータル_20260605\thumbnail_assets\W0NnpA3t_is.jpg,220316,
bO5VLBBi-MU,【スカッと朗読】シニアドラマ館,「母を追い出した息子夫婦——翌日届いた“内容証明”で全てが崩壊」,28872,existing,E:\Data\ObsidianVault\02_Channels\シニア朗読\競合リサーチ\サムネ企画検索ポータル_20260605\thumbnail_assets\bO5VLBBi-MU.jpg,160599,
2qzqfkdgblY,人生色々TV,少女が一人で母の誕生日ケーキを買いに来たが…100円足らなくて諦めた次の瞬間まさかの出来事が・・・,28870,existing,E:\Data\ObsidianVault\02_Channels\シニア朗読\競合リサーチ\サムネ企画検索ポータル_20260605\thumbnail_assets\2qzqfkdgblY.jpg,200130,
8xqf_aFHv48,愛しき人の人生日記,｢あなたにできるの？｣と見下された17歳貧乏整備士。後日､再び現れた老婦人の姿に絶句する…,28819,,,0,db_thumbnail_url: HTTPError
fkZ_rCfNkZQ,人生は100年,ホームレスに3千円渡し後を追ってみた。彼のお金の使い方が衝撃的だった。【感動する話】,28669,existing,E:\Data\ObsidianVault\02_Channels\シニア朗読\競合リサーチ\サムネ企画検索ポータル_20260605\thumbnail_assets\fkZ_rCfNkZQ.jpg,205490,
Y-u_5lfFPWc,お茶の間TV 〈スカッと感動〉,半グレ「立ち退きなw」5分後、50台の黒塗り高級車が現れ..【スカッとする話】 YAKUZA,28587,existing,E:\Data\ObsidianVault\02_Channels\シニア朗読\競合リサーチ\サムネ企画検索ポータル_20260605\thumbnail_assets\Y-u_5lfFPWc.jpg,257617,
_V_PIBp6sCE,人生は七色,「俺の店を壊すな！」財布を落とした老夫婦に無償で鰻を振る舞った大将。しかし翌朝、信じられない光景が…,28514,existing,E:\Data\ObsidianVault\02_Channels\シニア朗読\競合リサーチ\サムネ企画検索ポータル_20260605\thumbnail_assets\_V_PIBp6sCE.jpg,252769,
8fpmnKmhwlg,人生は宝物,真冬の夜、親に追い出されたアザだらけの5歳少女→家に連れ帰り、温かい風呂とご飯を用意した結果…【感動する話】,28505,,,0,db_thumbnail_url: HTTPError
wSP8JquoEvw,人生逆転ドラマch,学生時代，貧乏な俺を助けてくれた生徒会長。数年後，キャバクラで再会した結果…,28480,existing,E:\Data\ObsidianVault\02_Channels\シニア朗読\競合リサーチ\サムネ企画検索ポータル_20260605\thumbnail_assets\wSP8JquoEvw.jpg,92622,
IugJDNwD9B8,人生逆転ストーリー,ファーストクラスで差別され、蹴り飛ばされた日本人女性→5分後、航空会社の株価が暴落！500億円失う事態に！？,28463,,,0,db_thumbnail_url: HTTPError
2vl8FPFGMJU,静かなる英雄たち,「汚い手で触るな！」高級楽器店で店員に腕を掴まれた老人。だが彼が試奏したピアノの音色に、世界的ピアニストが駆けつけ──。,28447,existing,E:\Data\ObsidianVault\02_Channels\シニア朗読\競合リサーチ\サムネ企画検索ポータル_20260605\thumbnail_assets\2vl8FPFGMJU.jpg,162774,
_P2a51UIEGQ,人生色々TV,極寒の夜に現れたボロ服親子を麺屋の頑固親父が雇った結果…チンピラが店を荒らし大ピンチに。しかし・・・,28202,existing,E:\Data\ObsidianVault\02_Channels\シニア朗読\競合リサーチ\サムネ企画検索ポータル_20260605\thumbnail_assets\_P2a51UIEGQ.jpg,257867,
n4wEM1XD4d0,静かなる英雄たち,「新人よりも使えない...」と見下されたシニアインターン。だが彼が、難解な洋書の翻訳を完ぺきにこなすとーー。,28156,existing,E:\Data\ObsidianVault\02_Channels\シニア朗読\競合リサーチ\サムネ企画検索ポータル_20260605\thumbnail_assets\n4wEM1XD4d0.jpg,132953,
FUQLhSiWT4c,人生スカッと物語,「お世話になりました」会社のパワハラで退職する中卒OL彼女と仲の良かった警備員のおじさんが本気を出す…,28123,,,0,db_thumbnail_url: HTTPError
70awSSr5LDo,人生は七色,「お母さんはどこにいるの？」万引きした少年に語りかけると、少年は号泣し、老婆は少年を育てることにした,28122,existing,E:\Data\ObsidianVault\02_Channels\シニア朗読\競合リサーチ\サムネ企画検索ポータル_20260605\thumbnail_assets\70awSSr5LDo.jpg,189573,
HfAdPyngIRE,【スカッと朗読】シニアドラマ館,【スカッと】退院した日に「部屋がない」と言われ追い出された母の逆転劇【シニアライフ】【60代以上の方へ】,27948,existing,E:\Data\ObsidianVault\02_Channels\シニア朗読\競合リサーチ\サムネ企画検索ポータル_20260605\thumbnail_assets\HfAdPyngIRE.jpg,161675,
i0gynEInyf0,人生逆転ドラマch,同級生に誘われた合コンで引立て役にされる俺。昔，俺を振った元カノが現れた結果…,27800,existing,E:\Data\ObsidianVault\02_Channels\シニア朗読\競合リサーチ\サムネ企画検索ポータル_20260605\thumbnail_assets\i0gynEInyf0.jpg,226231,
1jkTyLPt--E,人生逆転ストーリー,「これだから中卒はw」東大卒の女性上司に見下されクビになったた老人──「この会社、潰そう」再会の場で明かされた正体に、役員全員が凍りつく,27784,,,0,db_thumbnail_url: HTTPError
HeN2jeAanGg,人生スカッと物語,「中卒はクビw」女性の正体を知らない新社長。「わかりました」翌日、ライバル会社へ電撃転職した結果…,27772,,,0,db_thumbnail_url: HTTPError
ixj3oMmi_iw,人生劇場放送局,【スカッと】「どうせ、息子も底辺だろw」見下された78歳清掃員。「では、ご確認を」内線を繋ぎ銀行支店長が発狂【シニア】,27768,existing,E:\Data\ObsidianVault\02_Channels\シニア朗読\競合リサーチ\サムネ企画検索ポータル_20260605\thumbnail_assets\ixj3oMmi_iw.jpg,70035,
MINVsOBrp90,人生スカッと物語,事故で車内に取り残された老婆を助け、入社式に遅刻した中卒社員。クビにされた翌日、会社に呼び出されて…,27756,,,0,db_thumbnail_url: HTTPError
AuDceYvV82U,感動スカっと人生録,「高卒の嫁はでしゃばるな」海外重役の前から追い出された彼女ー「通訳します」の一言で女将が言葉を失った,27700,,,0,db_thumbnail_url: HTTPError
R2p0eWjjRBc,潮見組　人情列伝,庭で晩酌中に回覧板を届けに来たボロボロ双子。ヤンキーの青年がSOSの文字に気づいた結果【感動する話】,27574,existing,E:\Data\ObsidianVault\02_Channels\シニア朗読\競合リサーチ\サムネ企画検索ポータル_20260605\thumbnail_assets\R2p0eWjjRBc.jpg,225593,
q4qoRaAvxqQ,人生のギフト,借金1500万円で店を畳むうどん屋の店主ー3日間何も食べていない所持金10円の少女にあたたかいうどんを振る舞った結果...【感動する話】,27469,existing,E:\Data\ObsidianVault\02_Channels\シニア朗読\競合リサーチ\サムネ企画検索ポータル_20260605\thumbnail_assets\q4qoRaAvxqQ.jpg,263578,
msGZYbppzDA,静かなる英雄たち,「不審者でしょ」駅前で笑われた作業服のおじいさん。だがバッジを見た警官が直立し、静かに敬礼した――。,27432,existing,E:\Data\ObsidianVault\02_Channels\シニア朗読\競合リサーチ\サムネ企画検索ポータル_20260605\thumbnail_assets\msGZYbppzDA.jpg,238451,
eB9GPDYxX_w,静かなる英雄たち,「車が汚れるので」高級車の試乗会で冷たくあしらわれた老夫婦。だが隣の車を即決で買うと、冷遇した営業マンが凍りついた――。,27409,existing,E:\Data\ObsidianVault\02_Channels\シニア朗読\競合リサーチ\サムネ企画検索ポータル_20260605\thumbnail_assets\eB9GPDYxX_w.jpg,235713,
jnnlLtLT5mg,静かなる英雄たち,「こんな店、恥ずかしい」父から継いだ小さな寿司屋を嘲笑され、30人分の予約を当日キャンセルされた女将。だが常連の老人が銀行で10億の口座を解約すると――。,27408,existing,E:\Data\ObsidianVault\02_Channels\シニア朗読\競合リサーチ\サムネ企画検索ポータル_20260605\thumbnail_assets\jnnlLtLT5mg.jpg,140447,
10mOHjIQIXI,人生は七色,「女に寿司屋は無理」と嘲笑した男は知らなかった。彼女が老舗高級寿司屋の天才職人だったとは。,27399,existing,E:\Data\ObsidianVault\02_Channels\シニア朗読\競合リサーチ\サムネ企画検索ポータル_20260605\thumbnail_assets\10mOHjIQIXI.jpg,263582,
wpXKS6xrAEk,人生は100年,40分並んだタクシーを老婆に譲りプレゼンに遅刻し会社をクビに→1年後、あの時のおばあさんが現れて「やっと見つけたわ」【感動する話】,27376,existing,E:\Data\ObsidianVault\02_Channels\シニア朗読\競合リサーチ\サムネ企画検索ポータル_20260605\thumbnail_assets\wpXKS6xrAEk.jpg,210645,
N-P_jlikjXg,仁義と人生の部屋,「俺の妻に何をした！」組長の夫の怒りが大爆発→「うちの夫はヤクザ」と威張るボスママ夫婦を破滅に追い込んだ結果…【スカッとする話】,27341,existing,E:\Data\ObsidianVault\02_Channels\シニア朗読\競合リサーチ\サムネ企画検索ポータル_20260605\thumbnail_assets\N-P_jlikjXg.jpg,302738,
QNfvBAh-NCA,人生のシナリオ,"「この問題、間違ってます」沈黙で最強AIを無力化した日本人。AIを黙らせた""問いかけ""がディベート界を崩壊させた瞬間",27300,,,0,db_thumbnail_url: HTTPError
W_uVBGm7rfU,心に響く人生ドラマ日誌,「もう、あなた用無しです」34年勤続のベテラン社員がクビに。翌日100億円損失、クレーム殺到で現場崩壊！,27266,existing,E:\Data\ObsidianVault\02_Channels\シニア朗読\競合リサーチ\サムネ企画検索ポータル_20260605\thumbnail_assets\W_uVBGm7rfU.jpg,194504,
mqV2tSLnXLU,人生の糸,ボロボロの少女に寿司を振る舞ったら店をクビにされた板前。10年後、新しく開いた寿司屋に美女が現れ「あの時の恩を返しにきました！」【感動する話】,27212,existing,E:\Data\ObsidianVault\02_Channels\シニア朗読\競合リサーチ\サムネ企画検索ポータル_20260605\thumbnail_assets\mqV2tSLnXLU.jpg,175704,
7Kq6hDAnA7k,お茶の間TV 〈スカッと感動〉,半グレ詐欺師「1000万振り込め」→ヤクザの祖父「おう、来れたら払たるわ」【スカッとする話】,27198,existing,E:\Data\ObsidianVault\02_Channels\シニア朗読\競合リサーチ\サムネ企画検索ポータル_20260605\thumbnail_assets\7Kq6hDAnA7k.jpg,151819,
jmbVP4iJCkk,人生ドラマ館,体育祭の借り物競走で「一番憧れの人」を引いた陰キャが、全校生徒が恐れる不良ギャル美女の手をひっぱって走った結果…,26933,existing,E:\Data\ObsidianVault\02_Channels\シニア朗読\競合リサーチ\サムネ企画検索ポータル_20260605\thumbnail_assets\jmbVP4iJCkk.jpg,241101,
PiSTNw2Cra8,人生はバラ色,「旦那が底辺でドンマイww」 同窓会で過去いじめてた女を侮辱したエリート銀行員 「旦那に伝えます」翌日、銀行に旦那が現れて…,26908,existing,E:\Data\ObsidianVault\02_Channels\シニア朗読\競合リサーチ\サムネ企画検索ポータル_20260605\thumbnail_assets\PiSTNw2Cra8.jpg,206888,
nk_T0zf3azU,人生逆転ドラマシアター,「話し相手欲しさで来ないでください」と嘲笑されたおじいさん…通帳を見た銀行員が土下座、しかし頭取まで巻き込む事態に⋯,26866,,,0,db_thumbnail_url: HTTPError
jij0RyuOzWI,人生の輝き,「旦那が社長？本当は底辺の貧乏人でしょ？」高校の同窓会でいじめっ子に再会。女性「じゃあ…呼びます」→夫が到着するといじめっ子は土下座し始め…,26802,existing,E:\Data\ObsidianVault\02_Channels\シニア朗読\競合リサーチ\サムネ企画検索ポータル_20260605\thumbnail_assets\jij0RyuOzWI.jpg,233553,
6LQflyo7usI,潮見組　人情列伝,大富豪の祖母に家を追い出され両親の墓前で泣く少女。天涯孤独のヤクザ組長が少女を引き取った結果【感動する話】,26798,existing,E:\Data\ObsidianVault\02_Channels\シニア朗読\競合リサーチ\サムネ企画検索ポータル_20260605\thumbnail_assets\6LQflyo7usI.jpg,257112,
_RV_TDt52UE,面白きかな人生,「弁当300人分キャンセルなｗ」大手建設会社からドタキャンされた弁当屋の女性。「1個1円なら頼んでやる」→「本当ですか？ありがとうございます！」【面白きかな人生】,26712,existing,E:\Data\ObsidianVault\02_Channels\シニア朗読\競合リサーチ\サムネ企画検索ポータル_20260605\thumbnail_assets\_RV_TDt52UE.jpg,231925,
XVOhZhgxNLE,人生逆転ドラマシアター,「汚いジジイを晒してやるｗ」一流百貨店で汚れた服のおじいさんをバカにした銀行員。翌日、１００億円を引き出され銀行が大ピンチ,26487,,,0,db_thumbnail_url: HTTPError
N2tPOfLw-o0,人生はバラ色,「底辺のクソガキが筆頭株主？じゃあ全株売ってみろよw」 セーラー服で重役会議に来た女子高生をゴミ扱いした会長 →「…わかりました」お望み通り親会社ごと買収した結果…,26468,existing,E:\Data\ObsidianVault\02_Channels\シニア朗読\競合リサーチ\サムネ企画検索ポータル_20260605\thumbnail_assets\N2tPOfLw-o0.jpg,235430,
RpS1dUh4vNY,面白きかな人生,「残業してる人って無能じゃんw」Z世代新人に笑われた地味な女性上司→次の瞬間、上司「では残業ゼロの部署に異動で」新人「え？」【面白きかな人生】,26333,existing,E:\Data\ObsidianVault\02_Channels\シニア朗読\競合リサーチ\サムネ企画検索ポータル_20260605\thumbnail_assets\RpS1dUh4vNY.jpg,253509,
Wl_7xAlGxR8,潮見組　人情列伝,ヤクザ事務所に飛込んできた青あざのボロボロ双子姉妹「ママを助けて…！！」「野郎共、行くぞ」若頭が部下300人を引き連れ助けた結果【感動する話】,26273,existing,E:\Data\ObsidianVault\02_Channels\シニア朗読\競合リサーチ\サムネ企画検索ポータル_20260605\thumbnail_assets\Wl_7xAlGxR8.jpg,295553,
nluNrXlYDrs,人生は100年,共同創業した親友に裏切られ、2年分のデータも社員8人も全員奪われた俺。ただ一人だけ地味な清掃員が残った結果…【感動する話】,25857,existing,E:\Data\ObsidianVault\02_Channels\シニア朗読\競合リサーチ\サムネ企画検索ポータル_20260605\thumbnail_assets\nluNrXlYDrs.jpg,200793,
1p7a7mlBywo,心に響く人生ドラマ日誌,方言丸出しの就活生を嘲笑し門前払いした面接官。翌日、彼女が年商100億の大企業の後継者と知り顔面蒼白…,25827,existing,E:\Data\ObsidianVault\02_Channels\シニア朗読\競合リサーチ\サムネ企画検索ポータル_20260605\thumbnail_assets\1p7a7mlBywo.jpg,139853,
SW_IkKIjaII,人生逆転ドラマシアター,「中卒にできる仕事なんてない」東大エリート女上司にクビにされたおじいさん──一年後、料亭の個室で待つ人物を見て絶句,25766,,,0,db_thumbnail_url: HTTPError
hWld2ChK7VQ,【スカッと朗読】シニアドラマ館,【スカッと】真冬の北海道で“無料宿”扱いされた母が、迎えに行かなかった結果【シニアライフ】【60代以上の方へ】,25756,existing,E:\Data\ObsidianVault\02_Channels\シニア朗読\競合リサーチ\サムネ企画検索ポータル_20260605\thumbnail_assets\hWld2ChK7VQ.jpg,188050,
fgaKDgbThrQ,人生は100年,「お父さんって呼んでいいですか？」身勝手な妹が見捨てた8歳と6歳の甥姪を、独身だった俺が愛犬の柴犬と育てた結果→20年後の結婚式で語られた真実…【感動する話】,25731,existing,E:\Data\ObsidianVault\02_Channels\シニア朗読\競合リサーチ\サムネ企画検索ポータル_20260605\thumbnail_assets\fgaKDgbThrQ.jpg,233373,
p_F8IRpQqGI,人生逆転ドラマシアター,用務員のおじいさんに土下座を強要したボスママPTA会長の末路が悲惨すぎた,25676,,,0,db_thumbnail_url: HTTPError
_JWS03GsaOI,人生の輝き,「貧乏人は帰れ」と追い出された老夫婦。だが、夫が取り出した通帳の残高を見て、銀行員全員が震え上がった――。,25648,,,0,db_thumbnail_url: HTTPError
vBLMI4JKatQ,人生ドラマ座,「クソガキが大株主？じゃあ全株売ってみろよ」セーラー服で株主総会に来た15歳少女が追い返したエリート役員→「…わかりました」お望み通り全株（800億）売却した結果…,25629,existing,E:\Data\ObsidianVault\02_Channels\シニア朗読\競合リサーチ\サムネ企画検索ポータル_20260605\thumbnail_assets\vBLMI4JKatQ.jpg,190554,
vFrx0IKlWE0,静かなる英雄たち,「どうせ買わないくせに」高級デパートの試食コーナーで笑われたおじいさん。だが彼の名前が呼ばれた瞬間、スタッフ全員が凍りついたーー。,25617,existing,E:\Data\ObsidianVault\02_Channels\シニア朗読\競合リサーチ\サムネ企画検索ポータル_20260605\thumbnail_assets\vFrx0IKlWE0.jpg,232045,
ChmnEOeogHU,人生は100年,8歳で母を亡くした30歳営業マン。人生最大のプレゼンに向かうバス車内で泣いている9歳の少女を助けた結果…【感動する話】,25589,existing,E:\Data\ObsidianVault\02_Channels\シニア朗読\競合リサーチ\サムネ企画検索ポータル_20260605\thumbnail_assets\ChmnEOeogHU.jpg,187199,
b91xpTUhPpM,人生の輝き,事故で倒れた老婆を助けて面接に遅刻した大学生。面接官に不採用を告げられ絶望する彼女の元に黒塗りの高級車が現れて…,25583,,,0,db_thumbnail_url: HTTPError
lDMNYXotHi8,人生の輝き,蹴り倒される清掃員を庇った新人OLにクビ宣告したエリート部長。直後、清掃員が差し出した封筒に部長は顔面蒼白に…,25518,,,0,db_thumbnail_url: HTTPError
zHfvVRS6s6c,人生は100年,親の病院が経営破綻した途端に俺を捨てた元カノと友人→数年後、陶芸家として成功した俺の授賞式に突然現れ「ずっとすごい人って思ってたよ」俺「どちら様でしょうか？」【感動する話】,25455,existing,E:\Data\ObsidianVault\02_Channels\シニア朗読\競合リサーチ\サムネ企画検索ポータル_20260605\thumbnail_assets\zHfvVRS6s6c.jpg,175247,
UPUdghmO3Nw,人生劇場放送局,【スカッと】「ここ会員制よ？中卒夫婦は出禁w」ホテルオーナーと知らず...「わかりました」→社長夫妻の会社が倒産し...。【シニア】,25436,existing,E:\Data\ObsidianVault\02_Channels\シニア朗読\競合リサーチ\サムネ企画検索ポータル_20260605\thumbnail_assets\UPUdghmO3Nw.jpg,279219,
EAGnzDIlBtc,人生逆転ドラマch,障害を持つ娘が高級フレンチレストランで軽蔑される。次の瞬間、｢二度と来るな」と追い出されたのは...,25401,existing,E:\Data\ObsidianVault\02_Channels\シニア朗読\競合リサーチ\サムネ企画検索ポータル_20260605\thumbnail_assets\EAGnzDIlBtc.jpg,69254,
Woz3e_-W4bo,静かなる英雄たち,「投資も知らない貧乏人」高級鉄板焼きで嘲笑された老婦人。だが翌日、証券会社の会長室で全員が凍りついたーー。,25390,existing,E:\Data\ObsidianVault\02_Channels\シニア朗読\競合リサーチ\サムネ企画検索ポータル_20260605\thumbnail_assets\Woz3e_-W4bo.jpg,140582,
Nmh3Q3RpbYU,感動スカっと人生録,『父は魚屋』クラス全員にゲラゲラ笑われた女子高生。次の瞬間、黒服の老人が現れ凍りつく,25240,,,0,db_thumbnail_url: HTTPError
CN2jhtR1syI,人生ドラマ館,アルバイトを掛け持ちする極貧の中卒ギャルキャバ嬢。大事な仕事の面接を蹴って倒れた妊婦さんを助けて病院へ→迎えに来たスーツの紳士が顔面蒼白で…,25207,existing,E:\Data\ObsidianVault\02_Channels\シニア朗読\競合リサーチ\サムネ企画検索ポータル_20260605\thumbnail_assets\CN2jhtR1syI.jpg,157481,
PwltMUG1Svs,人生のドラマTV,「給料泥棒が！」と解雇された派遣のおじさん。しかし直後、クレームの嵐で損害は10億円以上。「頼む、戻ってきて...」社長が泣いて懇願する事態に...,25179,existing,E:\Data\ObsidianVault\02_Channels\シニア朗読\競合リサーチ\サムネ企画検索ポータル_20260605\thumbnail_assets\PwltMUG1Svs.jpg,276909,
_B604JZe3TQ,人生逆転ストーリー,「汚れた作業服で来るな！」と老人をバカにした銀行員…翌日“500億円”解約宣言で支店が大混乱！,25166,,,0,db_thumbnail_url: HTTPError
55NLORzoWtQ,人生逆転ドラマシアター,「父の年収150万です」お嬢様学校の授業参観で笑うボスママ。老紳士「それ、ドルですよ」と言った瞬間、教室が静まり返った,25142,,,0,db_thumbnail_url: HTTPError
ytKoeZmnjuc,潮見組　人情列伝,「お願い、ママを助けて…」幹部にハメられ組を追われたヤクザの元にお年玉握り締めるボロボロ少女が→翌日、少女の家前に20台の黒塗りの高級車が現れ…【感動する話】,25111,existing,E:\Data\ObsidianVault\02_Channels\シニア朗読\競合リサーチ\サムネ企画検索ポータル_20260605\thumbnail_assets\ytKoeZmnjuc.jpg,261926,
judxJZkErVM,人生は七色,ホームレスに無料で料理を食べさせた男はクビになった。しかし数日後、彼の口座に300万円が振り込まれていて…【感動ストーリー】,24897,existing,E:\Data\ObsidianVault\02_Channels\シニア朗読\競合リサーチ\サムネ企画検索ポータル_20260605\thumbnail_assets\judxJZkErVM.jpg,267893,
X5ss3rqPMzA,人生のドラマTV,理不尽にクビにされた若い女性社員。諦めかけたその時、現れたのはいつもだらしない父だった...,24858,existing,E:\Data\ObsidianVault\02_Channels\シニア朗読\競合リサーチ\サムネ企画検索ポータル_20260605\thumbnail_assets\X5ss3rqPMzA.jpg,236412,
nWvhoroItyc,人生は100年,「俺が引き取る」親戚全員に見捨てられた5歳の少女を35歳独身男が愛情かけて育てた結果…【感動する話】,24850,existing,E:\Data\ObsidianVault\02_Channels\シニア朗読\競合リサーチ\サムネ企画検索ポータル_20260605\thumbnail_assets\nWvhoroItyc.jpg,211532,
KzRnnLWNbpE,人生逆転ドラマch,「就職決まってないとかマジ底辺w」大学の卒業式で同級生に自慢される私。私「入社式でお待ちしてますね」同級生「え？」,24834,existing,E:\Data\ObsidianVault\02_Channels\シニア朗読\競合リサーチ\サムネ企画検索ポータル_20260605\thumbnail_assets\KzRnnLWNbpE.jpg,74105,
L-oTP4lm9SY,人生は100年,新聞配達をする極貧の中卒フリーター。掛け持ちのバイトをクビ覚悟で倒れた妊婦さんを助けて病院へ→迎えに来たスーツの老紳士が顔面蒼白で「君はもしかして…」【感動する話】,24815,existing,E:\Data\ObsidianVault\02_Channels\シニア朗読\競合リサーチ\サムネ企画検索ポータル_20260605\thumbnail_assets\L-oTP4lm9SY.jpg,210252,
gsAcwGzDYPA,感動スカっと人生録,規則を破って老人を助け、即日クビになった新人OL…翌朝、ベンツから降りてきた男の正体,24638,,,0,db_thumbnail_url: HTTPError
fJKpThFXgkc,愛しき人の人生日記,「私、原因分かります」貧しい清掃員の一言が大手IT企業の崩壊危機を救い始める…,24602,existing,E:\Data\ObsidianVault\02_Channels\シニア朗読\競合リサーチ\サムネ企画検索ポータル_20260605\thumbnail_assets\fJKpThFXgkc.jpg,206855,
e6OkI58Nftk,人生逆転ドラマシアター,「そんなに自分を大きく見せたいの？嘘だってバレバレｗ」100万円引き出そうとしたら、警察を呼ばれ銀行を追い出された老婦人。翌日、黒服の集団を連れて銀行に乗り込んだ80歳の反撃,24593,,,0,db_thumbnail_url: HTTPError
89zf9JPWdJY,人生ドラマ座,「席あけろ、爺さん」バスで老人を怒鳴ったチンピラ。数分後、その老人がヤクザの組長だと知り青ざめて土下座,24587,existing,E:\Data\ObsidianVault\02_Channels\シニア朗読\競合リサーチ\サムネ企画検索ポータル_20260605\thumbnail_assets\89zf9JPWdJY.jpg,270505,
w-QBpptVFwU,人生ドラマ座,「こんなクソガキが社長？だったら俺を辞めさせてみろよw」 私服で重役会議に来た18歳の女子大学生がバカにされた→「…いいですよ」お望み通り退職させた結果...,24583,existing,E:\Data\ObsidianVault\02_Channels\シニア朗読\競合リサーチ\サムネ企画検索ポータル_20260605\thumbnail_assets\w-QBpptVFwU.jpg,162499,
2DOA2DdXhrY,人生逆転ドラマシアター,寿司屋で銀行員に笑われた老夫婦が逆襲！ 翌朝、口座を閉じて750億円を一括キャッシュアウト！,24504,,,0,db_thumbnail_url: HTTPError
JSLD2KbXQU8,人生のシナリオ,強面の老人に優しくした新人ナース。しかし、それがキッカケで彼女は解雇された…だが後日、財閥会長が現れ…,24459,existing,E:\Data\ObsidianVault\02_Channels\シニア朗読\競合リサーチ\サムネ企画検索ポータル_20260605\thumbnail_assets\JSLD2KbXQU8.jpg,149158,
fX0akNUJ1rw,人生は100年,妻に先立たれ子もいない閉館寸前のホテル管理人58歳の俺が早朝に倒れていたボロボロの22歳の女を助けたら→3年後、まさかの結末に…【感動する話】,24399,existing,E:\Data\ObsidianVault\02_Channels\シニア朗読\競合リサーチ\サムネ企画検索ポータル_20260605\thumbnail_assets\fX0akNUJ1rw.jpg,252054,
YE2entXGxJE,人生色々TV,俺は見事オーナーとなり店舗へ出向く…何も知らなかった俺が、そこで出会ったのがまさかの人でした…,24367,existing,E:\Data\ObsidianVault\02_Channels\シニア朗読\競合リサーチ\サムネ企画検索ポータル_20260605\thumbnail_assets\YE2entXGxJE.jpg,214774,
mj5m_pDeliQ,面白きかな人生,【肉声朗読】「ゴミ会社への出資停止！今日中に10億返せ！」とエリート銀行員に言われた67歳誘導員。3秒で一括で返済したらその銀行がなくなった？【面白きかな人生】,24326,existing,E:\Data\ObsidianVault\02_Channels\シニア朗読\競合リサーチ\サムネ企画検索ポータル_20260605\thumbnail_assets\mj5m_pDeliQ.jpg,170227,
NwOKTq7KsG0,静かなる英雄たち,「息子に近づかないで」名門大学で叱咤された掃除のおじいさん。だが大学の国際イベントで、海外企業の社長が深々と頭を下げた瞬間――。,24292,existing,E:\Data\ObsidianVault\02_Channels\シニア朗読\競合リサーチ\サムネ企画検索ポータル_20260605\thumbnail_assets\NwOKTq7KsG0.jpg,161227,
rL_8jKpVKOI,人生劇場放送局,【スカッと】「施設育ちの貧乏人w」同窓会で嘲笑された俺。「じゃ、全額引出すね」頭取の娘「ご自由にｗ」結果...。【シニア】,24238,existing,E:\Data\ObsidianVault\02_Channels\シニア朗読\競合リサーチ\サムネ企画検索ポータル_20260605\thumbnail_assets\rL_8jKpVKOI.jpg,223631,
e9iwFcAJ8Q4,人生は七色,廃業寸前のうどん店に現れたボロボロ少女にご馳走すると10年後に奇跡が…「1円でうどんの汁を一口だけくだしゃい」大盛りうどんをご馳走した日から始まる孤独な老店主の奇跡の物語【感動する話】,24223,existing,E:\Data\ObsidianVault\02_Channels\シニア朗読\競合リサーチ\サムネ企画検索ポータル_20260605\thumbnail_assets\e9iwFcAJ8Q4.jpg,247132,
JZUqFFE6bvE,人生の温もり,「この文書…同じ内容ではありません」清掃員の14歳の娘が署名を止めた→役員が青ざめ、会長が頭を下げた理由【感動する話】,24213,existing,E:\Data\ObsidianVault\02_Channels\シニア朗読\競合リサーチ\サムネ企画検索ポータル_20260605\thumbnail_assets\JZUqFFE6bvE.jpg,270942,
3LQf4NlVHUA,静かなる英雄たち,「そんなボロ布で」高級呉服店で冷遇されたおばあさん。だがその生地を光にかざした瞬間、全員が凍りついた――。,24208,existing,E:\Data\ObsidianVault\02_Channels\シニア朗読\競合リサーチ\サムネ企画検索ポータル_20260605\thumbnail_assets\3LQf4NlVHUA.jpg,249354,
tdpvpbgUX0I,静かなる英雄たち,「こんなボロ車で」高級ホテルを追い返された野菜農家のおじいさん。しかし30分後、料理長が凍りついた理由とはーー。,24182,existing,E:\Data\ObsidianVault\02_Channels\シニア朗読\競合リサーチ\サムネ企画検索ポータル_20260605\thumbnail_assets\tdpvpbgUX0I.jpg,240047,
ntwqO-cDJb8,人生劇場放送局,【スカッと】「ボロ農家への融資は無理w」打ち切られた老夫婦。「残念です」銀行の土地を売却した結果。【シニア】,24169,existing,E:\Data\ObsidianVault\02_Channels\シニア朗読\競合リサーチ\サムネ企画検索ポータル_20260605\thumbnail_assets\ntwqO-cDJb8.jpg,216016,
li-XCgwJjHw,愛しき人の人生日記,「万年筆に盗撮カメラがあります！」忘れ物センターの貧しい17歳少女の一言に会長の会社の陰謀が…,24165,,,0,db_thumbnail_url: HTTPError
Pvg40vaTN_o,仁義と人生の部屋,500万円の借金を背負う少女を守った老店主。ヤクザ「組長呼んで潰すぞ！」→老人「俺が…なんだって？」その正体が明かされた瞬間、全員が凍りつき…【スカッとする話】,24154,existing,E:\Data\ObsidianVault\02_Channels\シニア朗読\競合リサーチ\サムネ企画検索ポータル_20260605\thumbnail_assets\Pvg40vaTN_o.jpg,25103,
Tmn0SG0l3mc,人生の光と影 朗読館,信号待ちでエンストした高級車を救った町工場勤務の少女。翌日、ボロ工場に黒塗りの高級車が現れ…,24141,,,0,db_thumbnail_url: HTTPError
vd4gdXSfAIQ,人生逆転ストーリー,「ウチは大手しか相手にしません」作業服の老人を門前払いにしたエリート銀行員──翌日、500億の契約解除で顔面蒼白！,24042,,,0,db_thumbnail_url: HTTPError
xVxwgwWVG7s,人生は100年,社長の葬儀に向かう駅でエレベーター故障に困る車椅子の少女を助けた俺→遅刻した会場で上司「お前は懲戒解雇だ！」その瞬間「パパ！この人だよ！」上司は顔面蒼白でガタガタ震えだし…【感動する話】,23966,existing,E:\Data\ObsidianVault\02_Channels\シニア朗読\競合リサーチ\サムネ企画検索ポータル_20260605\thumbnail_assets\xVxwgwWVG7s.jpg,242292,
9PCxWnXdr2U,感動スカっと人生録,「初めて人に優しくされた…」孤独な会長の人生を変えた貧乏OLー28歳女性が70歳の心を溶かした瞬間,23957,,,0,db_thumbnail_url: HTTPError
chMV7xhClFM,人生のシナリオ,スーパーで財布を盗まれたお爺さんに３万円を渡した貧乏就活生。後日、面接に老人が現れ驚愕の事実が明かされる【感動する話】,23888,existing,E:\Data\ObsidianVault\02_Channels\シニア朗読\競合リサーチ\サムネ企画検索ポータル_20260605\thumbnail_assets\chMV7xhClFM.jpg,187742,
YRzogjFZzBY,人生は七色,路上で出会った声を失った2人の天才音楽家。後日、世界を驚愕させる演奏を繰り広げた,23825,existing,E:\Data\ObsidianVault\02_Channels\シニア朗読\競合リサーチ\サムネ企画検索ポータル_20260605\thumbnail_assets\YRzogjFZzBY.jpg,168213,
jHBM_o1TSG0,人生の縁側,「中卒は不採用だｗ」11回も解雇された私。正体を知らない新任部長。「わかりました」と去った結果、会社がパニックにｗ,23750,existing,E:\Data\ObsidianVault\02_Channels\シニア朗読\競合リサーチ\サムネ企画検索ポータル_20260605\thumbnail_assets\jHBM_o1TSG0.jpg,212537,
sD0DhiOkgis,人生逆転ドラマシアター,高級寿司店で笑われたおばあさんと孫娘、10分後に店内が凍りつく瞬間,23647,,,0,db_thumbnail_url: HTTPError
MWEtI65cVtg,人生ドラマ館,｢汚いし帰ってくれる？w｣入学式で雨に濡れた作業着姿の父をゲラゲラ笑う保護者たち。父「10億の商談は白紙にします」保護者「え…?」,23604,,,0,db_thumbnail_url: HTTPError
AJwB8PR_kEQ,愛しき人の人生日記,廊下で倒れた老人を助けた中卒社員が即日解雇。翌日、黒塗りの高級車が現れて…,23516,,,0,db_thumbnail_url: HTTPError
OtODdgyz2uU,人生の輝き,「怪しい老人」と職務質問で罵倒された男性。しかし彼が取り出した身分証を見た瞬間、警察官は震え上がった――。,23377,,,0,db_thumbnail_url: HTTPError
1NlPkQUT3Bg,人生スカッと物語,「退職します」会社のパワハラで退職する中卒O L　彼女と仲の良かった清掃員の老婆が本気を出す…,23343,,,0,db_thumbnail_url: HTTPError
CZCJsz7W95Y,人生の光と影 朗読館,「クビになっちゃった…」と泣いた派遣OL。仲良しだった清掃員のおじいさんが実は…,23314,existing,E:\Data\ObsidianVault\02_Channels\シニア朗読\競合リサーチ\サムネ企画検索ポータル_20260605\thumbnail_assets\CZCJsz7W95Y.jpg,202353,
vEvSHlf5Jyg,人生劇場放送局,【スカッと】高級ホテルで大株主と知らず見下す男。翌日、全株売却され支配人が震えあがる…【シニア】,23299,existing,E:\Data\ObsidianVault\02_Channels\シニア朗読\競合リサーチ\サムネ企画検索ポータル_20260605\thumbnail_assets\vEvSHlf5Jyg.jpg,144662,
iBJX6nixHhU,人生のヒカリ,「5円でベビーカステラ1こくだしゃい」5円玉を差し出すびしょ濡れの少女に倒産寸前の店主が40個あげた結果【感動する話】,23249,existing,E:\Data\ObsidianVault\02_Channels\シニア朗読\競合リサーチ\サムネ企画検索ポータル_20260605\thumbnail_assets\iBJX6nixHhU.jpg,240736,
tEXdhKph9gw,静かなる英雄たち,「どけ！邪魔だ！」高級料亭の厨房で嘲笑されたおばあさん。だが誰も仕入れられなかった幻の食材を、彼女が競り落とした瞬間――。,23242,existing,E:\Data\ObsidianVault\02_Channels\シニア朗読\競合リサーチ\サムネ企画検索ポータル_20260605\thumbnail_assets\tEXdhKph9gw.jpg,140371,
4sykau9u1Eo,人生は100年,借金で倒産寸前の五十人の部下を抱えた工場長。契約が取れなければ即廃業の商談当日、始発ホームで倒れた老婆を助け１時間２０分遅刻、上司「この無能が！」→直後、会議室の扉が開き…【感動する話】,23204,existing,E:\Data\ObsidianVault\02_Channels\シニア朗読\競合リサーチ\サムネ企画検索ポータル_20260605\thumbnail_assets\4sykau9u1Eo.jpg,272766,
ATQr0CZB2ug,潮見組　人情列伝,ヤクザの組長を助けた青年。翌日、会社をクビになったことを知った組長「今すぐ彼を探し出せ」【感動する話】,23104,existing,E:\Data\ObsidianVault\02_Channels\シニア朗読\競合リサーチ\サムネ企画検索ポータル_20260605\thumbnail_assets\ATQr0CZB2ug.jpg,304624,
QzO39oHdh2A,人生劇場放送局,【スカッと】「IQ？現場に要らんw」少女の正体を知らず解雇したエリート新部長。翌朝、全システムが停止し...。【シニア】,23020,existing,E:\Data\ObsidianVault\02_Channels\シニア朗読\競合リサーチ\サムネ企画検索ポータル_20260605\thumbnail_assets\QzO39oHdh2A.jpg,247823,
wMClf8l87Fk,静かなる英雄たち,「汚い手でさわるな」高級マリーナで嘲笑された掃除のおじいさん。だがオーナーがさじを投げた故障をあっさり直すとーー。,22958,existing,E:\Data\ObsidianVault\02_Channels\シニア朗読\競合リサーチ\サムネ企画検索ポータル_20260605\thumbnail_assets\wMClf8l87Fk.jpg,275526,
eCL4wMhYUb4,人生は七色,【衝撃】クビを宣告されたゴミ収集車の運転手が瀕死のヤクザを救った。3日後、会社に黒塗りの車が30台並んで…,22918,existing,E:\Data\ObsidianVault\02_Channels\シニア朗読\競合リサーチ\サムネ企画検索ポータル_20260605\thumbnail_assets\eCL4wMhYUb4.jpg,255521,
nsAfgnGI6X4,感動スカっと人生録,駅の階段でおばあさんを助け決算会議に遅刻した貧乏契約社員―翌日、銀行の高級車が現れ…,22914,,,0,db_thumbnail_url: HTTPError
_zPLFYc6Ufk,人生は100年,足場から落ちて車椅子生活になった鳶職人の俺。彼女に捨てられ絶望→ある雨の日に毎日病院の中庭の同じベンチに座る女性に声をかけた結果…【感動する話】,22768,existing,E:\Data\ObsidianVault\02_Channels\シニア朗読\競合リサーチ\サムネ企画検索ポータル_20260605\thumbnail_assets\_zPLFYc6Ufk.jpg,217755,
l7j5QeEHXms,お茶の間TV 〈スカッと感動〉,ヤクザの店とは知らず 嫌がらせする半グレ。翌日、父が土下座し「兄貴..すみません！」 【スカッとする話】,22745,existing,E:\Data\ObsidianVault\02_Channels\シニア朗読\競合リサーチ\サムネ企画検索ポータル_20260605\thumbnail_assets\l7j5QeEHXms.jpg,156316,
N_b5O4XwpQc,人生の縁側,高卒の運転手が見抜いた才能――全国最下位の財閥御曹司が東大首席、倒産寸前の家業を救った真実【感動朗読】,22467,existing,E:\Data\ObsidianVault\02_Channels\シニア朗読\競合リサーチ\サムネ企画検索ポータル_20260605\thumbnail_assets\N_b5O4XwpQc.jpg,291294,
9FMIGLvHxec,愛しき人の人生日記,大雪の中倒れていた老人を助け商談に５分遅刻しクビになったOL。翌日､会社からの電話が鳴り止まず…,22440,,,0,db_thumbnail_url: HTTPError
9DCHpp0577E,人生は100年,廃線目前の路線バスを走る65歳の運転手。嵐の山道で倒れた外国人の母子を発見→監査員「止めたらクビだ！」それでも母子を助け退職に追い込まれた翌日→黒塗りの高級車が現れて…【感動する話】,22406,existing,E:\Data\ObsidianVault\02_Channels\シニア朗読\競合リサーチ\サムネ企画検索ポータル_20260605\thumbnail_assets\9DCHpp0577E.jpg,252697,
gnDhl_T70p0,人生劇場放送局,【スカッと】「給料泥棒の中卒はクビよｗ」解雇された翌日、会長「なんてことをした！」→美人上司「え？」【シニア】,22352,existing,E:\Data\ObsidianVault\02_Channels\シニア朗読\競合リサーチ\サムネ企画検索ポータル_20260605\thumbnail_assets\gnDhl_T70p0.jpg,218644,
ljgY7HTiVvA,人生は100年,天涯孤独の26歳介護士が三連勤の深夜2時「俺が残ります」→震える同僚のシングルマザーの代わりに夜勤を引き受けた結果【感動する話】,22270,existing,E:\Data\ObsidianVault\02_Channels\シニア朗読\競合リサーチ\サムネ企画検索ポータル_20260605\thumbnail_assets\ljgY7HTiVvA.jpg,148176,
NjNzilabz5Q,感動スカっと人生録,迷子を警察に届け契約を逃したOL。パワハラ上司にクビと言われた翌朝、高級車が現れ…,22038,,,0,db_thumbnail_url: HTTPError
AK5lTm5TpbM,人生は100年,ドーナツが値上げして20円足りず買えなくて泣いている少女。100円割引チケットを代わりに渡したら→半年後、母を亡くし絶望している時に再びその少女と母親が現れて衝撃の展開に…【感動する話】,22011,existing,E:\Data\ObsidianVault\02_Channels\シニア朗読\競合リサーチ\サムネ企画検索ポータル_20260605\thumbnail_assets\AK5lTm5TpbM.jpg,187676,
mGKjjv99p-g,感動スカっと人生録,作業着で現れた父を笑った婚約者の両親―― 翌日、彼らはすべてを失った,21989,,,0,db_thumbnail_url: HTTPError
ZFnbwKClJHg,人生は100年,廃業寸前・余命半年のラーメン屋の75歳大将。嵐の日にボロボロの親子が来店→10分後「警察を呼んでください」大将「は？」→結果【感動する話】,21970,existing,E:\Data\ObsidianVault\02_Channels\シニア朗読\競合リサーチ\サムネ企画検索ポータル_20260605\thumbnail_assets\ZFnbwKClJHg.jpg,253029,
JzCVZR24zS4,潮見組　人情列伝,「食っていきな」財布を無くしたヤクザにご馳走した寿司屋店主。翌日、廃業寸前の店前に黒塗りの高級車が現れ…【感動する話】,21947,existing,E:\Data\ObsidianVault\02_Channels\シニア朗読\競合リサーチ\サムネ企画検索ポータル_20260605\thumbnail_assets\JzCVZR24zS4.jpg,171704,
Dim9rBdCBLs,お茶の間TV 〈スカッと感動〉,廃業寸前のヤクザに「500円のお小遣いで…ママを助けて」と泣きついた6歳少女→翌日、チンピラが暴れる店を50台の黒塗り高級車が…【スカッとする話】,21945,existing,E:\Data\ObsidianVault\02_Channels\シニア朗読\競合リサーチ\サムネ企画検索ポータル_20260605\thumbnail_assets\Dim9rBdCBLs.jpg,125817,
AeG3aMHk--M,感動スカっと人生録,妊婦を助けて即日クビ、家賃も払えない派遣OLー絶望の中、目の前に黒塗りの高級車が…,21928,,,0,db_thumbnail_url: HTTPError
aD35OoNhrM4,人生劇場放送局,【スカッと】大企業にスカウトされたと知らない部長「中卒おっさんはクビw」と言われ、俺「わかりました」→会社は倒産の危機に。【シニア】,21894,existing,E:\Data\ObsidianVault\02_Channels\シニア朗読\競合リサーチ\サムネ企画検索ポータル_20260605\thumbnail_assets\aD35OoNhrM4.jpg,163261,
iQ9OH6JwF2A,人生の輝き,「中卒は口答えするな！」東大卒社長にクビにされた新人OL。翌朝、500億の契約が白紙になり社長が顔面蒼白に…,21800,,,0,db_thumbnail_url: HTTPError
dgMjKCj-Xpc,愛しき人の人生日記,社長「明日から来なくていい」派遣OL「わかりました」帰り支度を始めた瞬間、社長「…違う、君ではない」全員「え？」,21767,,,0,db_thumbnail_url: HTTPError
gTlNPfqIO-E,人生色々TV,無銭飲食の母親を許した人気ラーメン屋…十年後、ホームレスとなった大将の前に現れたのは・・・,21737,existing,E:\Data\ObsidianVault\02_Channels\シニア朗読\競合リサーチ\サムネ企画検索ポータル_20260605\thumbnail_assets\gTlNPfqIO-E.jpg,191861,
INUCPqf6wRY,人生逆転ドラマシアター,孫の婚約者を試すために銀行へ現れた会長。彼女がクビにされた瞬間──銀行に地獄が訪れた,21716,,,0,db_thumbnail_url: HTTPError
A9-mh7NRhMc,【スカッと朗読】シニアドラマ館,【スカッと】「英語なんて無理でしょ」嘲笑された母が披露宴で放った一言に会場騒然,21709,existing,E:\Data\ObsidianVault\02_Channels\シニア朗読\競合リサーチ\サムネ企画検索ポータル_20260605\thumbnail_assets\A9-mh7NRhMc.jpg,182252,
Cje8qKfbSCk,人生ドラマ座,面接で門前払いした方言丸出しの女性の正体とは！実は“年商1000億企業の後継者”だったとは…,21692,existing,E:\Data\ObsidianVault\02_Channels\シニア朗読\競合リサーチ\サムネ企画検索ポータル_20260605\thumbnail_assets\Cje8qKfbSCk.jpg,148964,
Kr2InWOulRE,人生劇場放送局,【スカッと】同窓会で嘲笑する嫌がらせ主犯の社長夫人。翌日、貧乏だった同級生の正体に驚愕。【シニア】,21691,existing,E:\Data\ObsidianVault\02_Channels\シニア朗読\競合リサーチ\サムネ企画検索ポータル_20260605\thumbnail_assets\Kr2InWOulRE.jpg,151726,
RCF7_TpR69w,人生は七色,「警備員の分際で調子に乗るな！」退職日まで罵倒され続けた老人。翌朝、TV局前を高級車が埋め尽くしパワハラ上司は青ざめた,21532,existing,E:\Data\ObsidianVault\02_Channels\シニア朗読\競合リサーチ\サムネ企画検索ポータル_20260605\thumbnail_assets\RCF7_TpR69w.jpg,194104,
BmVB1A7U1Zc,人生ドラマ館,「ママって呼んでもいい…？」ボロボロの少女を救った翌日、黒塗り高級車が現れ、横暴な養父母が崩れ落ちる…,21532,existing,E:\Data\ObsidianVault\02_Channels\シニア朗読\競合リサーチ\サムネ企画検索ポータル_20260605\thumbnail_assets\BmVB1A7U1Zc.jpg,150528,
vzAQcQPAKrI,人生のヒカリ,交差点でお婆さんのボロ車を修理した16歳女子整備士。翌日、店の前に黒塗りの高級車が次々と現れ...【スカッと朗読】,21474,existing,E:\Data\ObsidianVault\02_Channels\シニア朗読\競合リサーチ\サムネ企画検索ポータル_20260605\thumbnail_assets\vzAQcQPAKrI.jpg,156445,
3P01xkjoKNE,人生劇場放送局,【スカッと】「中卒のくせに逆らうからよ!」ハーバード大卒女社長に解雇された62歳嘱託社員。翌朝、年間１０００億の契約が白紙になり...。【シニア】,21462,existing,E:\Data\ObsidianVault\02_Channels\シニア朗読\競合リサーチ\サムネ企画検索ポータル_20260605\thumbnail_assets\3P01xkjoKNE.jpg,242121,
0RbvcqGkiTw,静かなる英雄たち,「お帰りください」豪華客船の受付で追い返された老夫婦。だが20分後、船長の放送が流れた瞬間、クルー全員が凍りついた――。,21444,existing,E:\Data\ObsidianVault\02_Channels\シニア朗読\競合リサーチ\サムネ企画検索ポータル_20260605\thumbnail_assets\0RbvcqGkiTw.jpg,214683,
Z0sV-P32Ueg,仁義と人生の部屋,「孫を返して欲しけりゃ1億払えw」勘違いでヤクザの娘を誘拐した半グレ→1000人の組員を集結させ、「行くぞ、お前ら！」【スカッとする話】,21267,existing,E:\Data\ObsidianVault\02_Channels\シニア朗読\競合リサーチ\サムネ企画検索ポータル_20260605\thumbnail_assets\Z0sV-P32Ueg.jpg,274958,
ZqyLor_GAKk,感動スカっと人生録,『使えない東大卒』と罵られ続けた新人女性…会長が現れた瞬間、先輩OLの人生は終わった,21203,,,0,db_thumbnail_url: HTTPError
Z3RMqR6AlU4,感動スカっと人生録,25歳OLが「いじめ」で退職届を書いた朝、銀行窓口で、昨日助けたお婆さんが先輩に門前払いされて―,21172,,,0,db_thumbnail_url: HTTPError
DSFK4G-gvy8,人生逆転ストーリー,高級ホテルのバーで老夫婦に席を譲れと命じた傲慢社長。だが数日後、老夫婦の正体を知り顔面蒼白！,21157,existing,E:\Data\ObsidianVault\02_Channels\シニア朗読\競合リサーチ\サムネ企画検索ポータル_20260605\thumbnail_assets\DSFK4G-gvy8.jpg,220043,
fABk0SmOIcQ,人生の輝き,「高校生が大株主？大人をなめんなｗ」制服姿で株主総会にきた16歳の少女を追い出したエリート役員→少女「分かりました」その場で50億円全株を売却した結果,21156,existing,E:\Data\ObsidianVault\02_Channels\シニア朗読\競合リサーチ\サムネ企画検索ポータル_20260605\thumbnail_assets\fABk0SmOIcQ.jpg,227213,
bpDPbNSAGM4,感動スカっと人生録,「雑巾で掃除してろ」と罵倒された新人OL-半年後、彼女を侮辱した代償は想像を絶するものだった,21126,,,0,db_thumbnail_url: HTTPError
jKCj7QGfN2I,人生のヒカリ,ボロ車で高級車ディーラーを訪れた貧乏老夫婦を追い払う店長！その時、1億円の車を契約し,21060,existing,E:\Data\ObsidianVault\02_Channels\シニア朗読\競合リサーチ\サムネ企画検索ポータル_20260605\thumbnail_assets\jKCj7QGfN2I.jpg,185820,
Cnnz_OVr888,愛しき人の人生日記,事故で車内に取り残された老人を助け、入社式に遅刻した中卒社員。クビにされた翌日、会社に呼び出されて…,21004,,,0,db_thumbnail_url: HTTPError
Np3ff2uFEQM,【スカッと朗読】シニアドラマ館,【スカッと】息子に手を上げられた夜。元銀行員の母が静かに家を奪った話【シニアライフ】【60代以上の方へ】,20948,existing,E:\Data\ObsidianVault\02_Channels\シニア朗読\競合リサーチ\サムネ企画検索ポータル_20260605\thumbnail_assets\Np3ff2uFEQM.jpg,147429,
ZQ_tjkzwSQ4,愛しき人の人生日記,おせち120食をドタキャンされた廃業寸前の仕出屋。翌日､100億円の契約破棄で本社がパニックに…,20939,,,0,db_thumbnail_url: HTTPError
ZQfJmePJflI,人生の光と影 朗読館,工場で倒れたお爺さんを助けた低学歴パート主婦。翌日、工場に現れた人物に従業員がざわめき始め…,20877,,,0,db_thumbnail_url: HTTPError
l-MEpzhwC4I,人生は宝物,「私、いらない子なの…？」極寒の夜、片腕を失ったボロボロの車椅子少女がパーキングエリアに置き去りに→娘を亡くした男が保護した結果…【感動する話】,20875,,,0,db_thumbnail_url: HTTPError
MPkUdfZ9aKk,人生色々TV,ラーメン屋と児童養護施設を経営する大将…凍える母娘を助けた結果、悲劇が・・・,20873,existing,E:\Data\ObsidianVault\02_Channels\シニア朗読\競合リサーチ\サムネ企画検索ポータル_20260605\thumbnail_assets\MPkUdfZ9aKk.jpg,268354,
s3WILh5LOCs,人生ドラマ館,「100円で娘のおでんだけでも…」 雨の夜、ずぶ濡れ母娘を助けたギャル店主→家に連れ帰り一緒に暮らした結果…,20843,existing,E:\Data\ObsidianVault\02_Channels\シニア朗読\競合リサーチ\サムネ企画検索ポータル_20260605\thumbnail_assets\s3WILh5LOCs.jpg,240000,
9lmt0MhRbfE,人生逆転ドラマシアター,同窓会で清掃員の格好をした男を「人生の敗北者」と嘲笑う社長夫人とその取り巻き。終宴後、男の前に止まった黒塗りの車を見て膝から崩れ落ちた…,20805,,,0,db_thumbnail_url: HTTPError
dNBKkMf_AfE,人生の輝き,建設現場の落下物から老婆を間一髪で助けて第一志望の大学受験に遅刻した少女。翌日、テレビをつけるとその大学が記者会見を開いていて…,20776,,,0,db_thumbnail_url: HTTPError
CjShNKm5z_g,感動スカっと人生録,同窓会でいじめられていた友人を庇ったら、その主犯女にワインをかけられて…しかし、友人の父親が彼女の社長だった,20760,,,0,db_thumbnail_url: HTTPError
p074qrLY4sI,人生の光と影 朗読館,道に迷うボロボロのお爺さんを助けた義足の女子大生。翌日、彼女の前に黒塗りの高級車が現れ…,20760,,,0,db_thumbnail_url: HTTPError
shedt_3DjSg,人生は七色,「何で黙ってるの？」老人ホームで庭を見つめる認知症扱いされている老人。しかし、老人の秘密を知る7歳の孫娘が現れて…,20746,existing,E:\Data\ObsidianVault\02_Channels\シニア朗読\競合リサーチ\サムネ企画検索ポータル_20260605\thumbnail_assets\shedt_3DjSg.jpg,235601,
12_XdZx_f88,人生のヒカリ,【この子、気味悪いの】母に捨てられた少女がIQ200の天才児だった結果...【感動する話】,20602,existing,E:\Data\ObsidianVault\02_Channels\シニア朗読\競合リサーチ\サムネ企画検索ポータル_20260605\thumbnail_assets\12_XdZx_f88.jpg,251074,
D6pMaxD3Ohg,人生の温もり,「臭い」と避けられた65歳のホームレスが少女を救うため炎の中へ飛び込んだ→所持品から出てきたバッジの正体に全員が泣いた【感動する話】,20530,existing,E:\Data\ObsidianVault\02_Channels\シニア朗読\競合リサーチ\サムネ企画検索ポータル_20260605\thumbnail_assets\D6pMaxD3Ohg.jpg,264781,
MpB1Fkcowv0,人生の温もり,「油臭い手で食材に触るな」三ツ星シェフが屋台の11歳を罵倒→2000万円コンクールで審査員が涙を流した一皿の正体とは…【感動する話】,20528,existing,E:\Data\ObsidianVault\02_Channels\シニア朗読\競合リサーチ\サムネ企画検索ポータル_20260605\thumbnail_assets\MpB1Fkcowv0.jpg,232630,
oWbZRwldbbA,静かなる英雄たち,「さっさとお引き取りください」高級ホテルのバーで冷遇された老夫婦。「今日をもって契約終了いたします」その1時間後、支配人が凍りついたーー。,20503,existing,E:\Data\ObsidianVault\02_Channels\シニア朗読\競合リサーチ\サムネ企画検索ポータル_20260605\thumbnail_assets\oWbZRwldbbA.jpg,209185,
VV7GL_b4eYM,静かなる英雄たち,「そんなボロ印鑑で」銀行を追い返された老夫婦。だが30分後、その印鑑の意味を知った支店長は凍りついた――。,20473,existing,E:\Data\ObsidianVault\02_Channels\シニア朗読\競合リサーチ\サムネ企画検索ポータル_20260605\thumbnail_assets\VV7GL_b4eYM.jpg,214455,
W1-KtesWDQ0,人生逆転ストーリー,「その経歴で面接？」と高級百貨店で嘲笑された女性　10分後、超VIPの電話で外商部長が土下座！,20430,,,0,db_thumbnail_url: HTTPError
E3L0jB5h49M,静かなる英雄たち,「型落ちで十分でしょ」高級家電で冷遇された老夫婦。「最新テレビ100台でしたけど...」その5分後、担当が凍りついたーー。,20408,existing,E:\Data\ObsidianVault\02_Channels\シニア朗読\競合リサーチ\サムネ企画検索ポータル_20260605\thumbnail_assets\E3L0jB5h49M.jpg,206282,
yAH-hki5tuA,人生の輝き,「母子家庭に融資はしない」シングルマザーを追い払った支店長。直後、彼女が出した1枚の書類に支店長が凍りついた…,20314,,,0,db_thumbnail_url: HTTPError
YdI9uQx2rT8,人生はバラ色,「親もバカ面なんだろうなｗw」エリート部長に侮辱された新入社員。「…では内線1番にかけます」電話に出た瞬間、職場全体が凍り付いた…,20233,existing,E:\Data\ObsidianVault\02_Channels\シニア朗読\競合リサーチ\サムネ企画検索ポータル_20260605\thumbnail_assets\YdI9uQx2rT8.jpg,180792,
noiMnpmVr9E,人生はバラ色,「おいガキ、お年玉なら郵便局に行けよw」ランドセルで銀行に来た小学生をバカにした支店長。「…全額引き出します」5000億を移動させた瞬間、銀行が倒産危機に…,20230,existing,E:\Data\ObsidianVault\02_Channels\シニア朗読\競合リサーチ\サムネ企画検索ポータル_20260605\thumbnail_assets\noiMnpmVr9E.jpg,214293,
GC7si7Rbb58,人生の光と影 朗読館,駅で車椅子の老人を助けスーツが破れた女子大生。母の古いスーツを笑われた翌日、助けた老人が会場に現れ全員が凍りつく…,20203,,,0,db_thumbnail_url: HTTPError
XmACxoDBH2w,人生は七色,｢ホームレスはグリーン車から降りろ！｣と追い出されかけたおばあさんを助けた貧乏就活生。数時間後、最終面接に現れたのはまさかの人物で…,20136,existing,E:\Data\ObsidianVault\02_Channels\シニア朗読\競合リサーチ\サムネ企画検索ポータル_20260605\thumbnail_assets\XmACxoDBH2w.jpg,229930,
hI3u97RN61g,人生逆転ドラマch,「彼女と離婚してくれ」親族の集まりで嫁の浮気相手に離婚を迫られる俺。俺親族「全然いいけど」浮気相手「え？」,20131,existing,E:\Data\ObsidianVault\02_Channels\シニア朗読\競合リサーチ\サムネ企画検索ポータル_20260605\thumbnail_assets\hI3u97RN61g.jpg,84145,
AvJJ_6eCVe8,人生スカッと物語,「底辺企業はすぐ潰れるだろw」銀行員に見下された清掃員の老婆。「全社員口座解約します」その直後、支店長が膝から崩れ落ちた…,20014,,,0,db_thumbnail_url: HTTPError
KJ0DZc3kH7A,静かなる英雄たち,「場違いです」高級百貨店の和菓子イベントで嘲笑されたおじいさん。だが彼が、和菓子に切れ目を入れた瞬間、全員が凍りついたーー。,19956,existing,E:\Data\ObsidianVault\02_Channels\シニア朗読\競合リサーチ\サムネ企画検索ポータル_20260605\thumbnail_assets\KJ0DZc3kH7A.jpg,188276,
bOiX-V3pcM4,人生ドラマ館,「ゴミみたいな子」と捨てられた少女を引き取ったパン屋のギャル→3年後、ギャル店主の命の危機に助けてくれたのは…,19948,existing,E:\Data\ObsidianVault\02_Channels\シニア朗読\競合リサーチ\サムネ企画検索ポータル_20260605\thumbnail_assets\bOiX-V3pcM4.jpg,227965,
NT4OBBwqAjE,人生逆転ストーリー,見下されていた料亭の清掃員のおばあさんが流暢なアラビア語を話した瞬間、全員が凍りついた。,19890,,,0,db_thumbnail_url: HTTPError
__wl0v1ff1k,人生は七色,DVから逃げた母娘を助けた貧乏社長。3日後、“覚悟を決めた母親の一言”が社長の人生を変えた,19869,existing,E:\Data\ObsidianVault\02_Channels\シニア朗読\競合リサーチ\サムネ企画検索ポータル_20260605\thumbnail_assets\__wl0v1ff1k.jpg,170166,
Yc8KDLlOjqo,人生逆転ストーリー,「あなたが高級寿司？生意気ね、ファミレスがお似合いよ」同窓会で同級生を見下した女社長　翌日“30億契約白紙”で会社が崩壊！,19734,,,0,db_thumbnail_url: HTTPError
YaxyLVoFoAY,静かなる英雄たち,小さな寿司屋の雑用係のおじいさんがカウンターに立つと客たちは不安そうな顔をしたが、包丁を握った瞬間──。,19713,existing,E:\Data\ObsidianVault\02_Channels\シニア朗読\競合リサーチ\サムネ企画検索ポータル_20260605\thumbnail_assets\YaxyLVoFoAY.jpg,164993,
3c1kh9ySb-M,人生劇場放送局,【スカッと】席札「中卒無能野郎」に会場爆笑。新郎一族に笑い者にされた俺。翌日、美人秘書「社長、あの会社潰しますか？」【シニア】,19687,existing,E:\Data\ObsidianVault\02_Channels\シニア朗読\競合リサーチ\サムネ企画検索ポータル_20260605\thumbnail_assets\3c1kh9ySb-M.jpg,182733,
uJxJpskRk_0,人生は七色,天涯孤独を覚悟していたタクシードライバーの優しさは外国人親子の運命も、そして運転手の人生も変えたのでした,19674,existing,E:\Data\ObsidianVault\02_Channels\シニア朗読\競合リサーチ\サムネ企画検索ポータル_20260605\thumbnail_assets\uJxJpskRk_0.jpg,194769,
y8FdgyjTsss,感動スカっと人生録,「救急に来るな」無能扱いされた女医――しかし、非常事態の夜、名前が呼ばれた理由,19672,,,0,db_thumbnail_url: HTTPError
dhAzXuOjjz0,人生の光と影 朗読館,「貧乏人は帰れ」財布を忘れた老人に弁当をご馳走した貧乏女子高生。翌日、学校前に黒い高級車が現れ…,19625,,,0,db_thumbnail_url: HTTPError
QOUXY3JAVnQ,お茶の間TV 〈スカッと感動〉,母の蕎麦屋にヤクザ「みかじめ料払えないなら壊す」→店の外に黒スーツ250人が無言で待っていた【スカッとする話】 【感動する話】 YAKUZA,19624,existing,E:\Data\ObsidianVault\02_Channels\シニア朗読\競合リサーチ\サムネ企画検索ポータル_20260605\thumbnail_assets\QOUXY3JAVnQ.jpg,241486,
wqC662cjpiw,静かなる英雄たち,「余計なことをするな！」大手商社で嘲笑された掃除のおばあさん。だが、3人の弁護士が見つけられなかった契約書の欠陥を見つけるとーー。,19606,existing,E:\Data\ObsidianVault\02_Channels\シニア朗読\競合リサーチ\サムネ企画検索ポータル_20260605\thumbnail_assets\wqC662cjpiw.jpg,215319,
Ppn04JyLO80,人生ドラマ館,「あの草食べられる？」雪の降る大寒波の夜に橋の下で野宿する4歳の娘と母親→ギャルがたまらず声をかけて温かいお風呂を振舞った結果…,19549,existing,E:\Data\ObsidianVault\02_Channels\シニア朗読\競合リサーチ\サムネ企画検索ポータル_20260605\thumbnail_assets\Ppn04JyLO80.jpg,144426,
fCKkZXTkk6c,静かなる英雄たち,「臭いので帰って」貴金属店で追い返されたおじいさん。「全資産を移します」その翌日、全員が凍りついたーー。,19524,existing,E:\Data\ObsidianVault\02_Channels\シニア朗読\競合リサーチ\サムネ企画検索ポータル_20260605\thumbnail_assets\fCKkZXTkk6c.jpg,201339,
oGx6kKpaERY,人生はバラ色,「こんなボロ店潰れてもいいだろ？今日の宴会キャンセルでw」エリート銀行員に侮辱された若女将──翌日、銀行で5000億円解約した結果w,19486,existing,E:\Data\ObsidianVault\02_Channels\シニア朗読\競合リサーチ\サムネ企画検索ポータル_20260605\thumbnail_assets\oGx6kKpaERY.jpg,168173,
V_GVFlbZCBs,人生劇場放送局,【スカッと】「片親育ちのボロ店はキャンセルw」常連の老人が歩み寄り...「では、契約破棄で」→同級生「え？」【シニア】,19409,existing,E:\Data\ObsidianVault\02_Channels\シニア朗読\競合リサーチ\サムネ企画検索ポータル_20260605\thumbnail_assets\V_GVFlbZCBs.jpg,293761,
IWS7f0GRVEw,面白きかな人生,「邪魔だ！出て行け！」名門病院で罵倒された清掃員、翌朝VIP患者を救ったのは伝説の「神の手」である彼だった【面白きかな人生】,19380,existing,E:\Data\ObsidianVault\02_Channels\シニア朗読\競合リサーチ\サムネ企画検索ポータル_20260605\thumbnail_assets\IWS7f0GRVEw.jpg,185308,
156irjOh0gk,感動スカっと人生録,大富豪令嬢が合格させてくれた貧困少女を見下した瞬間...恩人が明かした「真実」に言葉を失った,19343,,,0,db_thumbnail_url: HTTPError
FRtsrx4KAmg,人生は100年,会社の業績悪化で恩人の部長が退職届を出そうとしたので「俺が辞めます」女性の同僚「私も！」→退職金全額で開いた喫茶店が嫌がらせで廃業寸前に。閉店4日前、15年前に助けた男が店に来て…【感動する話】,19338,existing,E:\Data\ObsidianVault\02_Channels\シニア朗読\競合リサーチ\サムネ企画検索ポータル_20260605\thumbnail_assets\FRtsrx4KAmg.jpg,206073,
tQV57so8ZNg,人生の温もり,大雪の夜「ママ、あれ…わたあめみたい」→凍える母娘を助けた男が、後日マドレーヌを一口食べて手が止まった。24年前と同じ味だった【感動する話】,19332,existing,E:\Data\ObsidianVault\02_Channels\シニア朗読\競合リサーチ\サムネ企画検索ポータル_20260605\thumbnail_assets\tQV57so8ZNg.jpg,269363,
Sn7r0G7Mxbk,静かなる英雄たち,「年金では...」高級家具店で笑われた地味な老夫婦。だがそこに現れた専務が頭を下げた瞬間、空気が凍りついた――。,19280,existing,E:\Data\ObsidianVault\02_Channels\シニア朗読\競合リサーチ\サムネ企画検索ポータル_20260605\thumbnail_assets\Sn7r0G7Mxbk.jpg,172503,
TKRWzaIB-TY,人生は七色,「前科者のお前には無理だ！」元暴走族で服役していた男は親戚の反対を押し切り6歳の姪を引き取ると、人生は思わぬ方向に進んでいくのでした…,19228,existing,E:\Data\ObsidianVault\02_Channels\シニア朗読\競合リサーチ\サムネ企画検索ポータル_20260605\thumbnail_assets\TKRWzaIB-TY.jpg,155017,
USe13xznayY,静かなる英雄たち,「場違いです」高級レストランを追い返された老夫婦。「ではこの店は星★0で」そう告げた瞬間、支配人が凍りついたーー。,19217,existing,E:\Data\ObsidianVault\02_Channels\シニア朗読\競合リサーチ\サムネ企画検索ポータル_20260605\thumbnail_assets\USe13xznayY.jpg,202367,
m5ZgMUIEUoY,仁義と人生の部屋,イジメ少女のヤクザ父「おたくの孫が娘に怪我させた。慰謝料500万や！」→祖母「同業ならウチの顔知っとるよな？」親子の顔が凍りつく...【スカッとする話】,19210,existing,E:\Data\ObsidianVault\02_Channels\シニア朗読\競合リサーチ\サムネ企画検索ポータル_20260605\thumbnail_assets\m5ZgMUIEUoY.jpg,257830,
S0WSd1gcS48,人生は七色,「日本人が出しゃばるな！」着物女性を馬鹿にしたパリの傲慢モデル。しかし、彼女の本当の姿が明かされ顔面蒼白…,19200,existing,E:\Data\ObsidianVault\02_Channels\シニア朗読\競合リサーチ\サムネ企画検索ポータル_20260605\thumbnail_assets\S0WSd1gcS48.jpg,186288,
ToUSiEhoKuY,人生逆転ストーリー,「年金で足りる？」高級天ぷら屋で嘲笑された老夫婦。翌日、女将が凍りついた理由とは…,19131,,,0,db_thumbnail_url: HTTPError
30KLqIAHLVw,人生のヒカリ,「たこやき1こだけくだしゃい」5円玉を差し出す雪に埋もれた少女に廃業寸前の店主が60個あげた結果【感動する話】,19119,existing,E:\Data\ObsidianVault\02_Channels\シニア朗読\競合リサーチ\サムネ企画検索ポータル_20260605\thumbnail_assets\30KLqIAHLVw.jpg,238880,
Ma3ikg_YUEA,静かなる英雄たち,「庶民の飯しか作れない格下の料理人が！」高級料亭のオーナーに蔑まれていた定食屋のおじいさん。だが料亭の厨房が崩壊した日、その老人が包丁を握ると全員が凍りついた――。,18929,existing,E:\Data\ObsidianVault\02_Channels\シニア朗読\競合リサーチ\サムネ企画検索ポータル_20260605\thumbnail_assets\Ma3ikg_YUEA.jpg,195989,
AwGSsV3yP2c,心に響く人生ドラマ日誌,クビにされた契約社員が川に転落した子供を助けた翌日、勤めていた会社が倒産危機に…,18928,existing,E:\Data\ObsidianVault\02_Channels\シニア朗読\競合リサーチ\サムネ企画検索ポータル_20260605\thumbnail_assets\AwGSsV3yP2c.jpg,160650,
HZGmNoyXpIg,人生劇場放送局,【スカッと】「会長、この人たち嘘ついてます」５ヶ国語の詐欺契約書を呼んだ少女。直後、爆笑した重役達が凍りつく...。【シニア】,18922,existing,E:\Data\ObsidianVault\02_Channels\シニア朗読\競合リサーチ\サムネ企画検索ポータル_20260605\thumbnail_assets\HZGmNoyXpIg.jpg,239134,
Qvd4y3GfNYU,感動スカっと人生録,「あなたの席、明日からありません」クビになった派遣OL—最後に残した“アクセス履歴”で役員が凍った,18908,,,0,db_thumbnail_url: HTTPError
uPairaebjAc,人生の輝き,「どんな親に育てられたらこうなるんだよw」銀行で支店長に侮辱された新入社員。直後、彼女は呟いた「…こちらです」,18890,,,0,db_thumbnail_url: HTTPError
8BXrXI8dyjM,静かなる英雄たち,「中卒の小娘に何ができる？」老舗仲卸で蔑まれた22歳の女性。だがマグロ解体ショーで誰もが諦めた瞬間「——私が、やります」彼女が包丁を握ると――。,18866,existing,E:\Data\ObsidianVault\02_Channels\シニア朗読\競合リサーチ\サムネ企画検索ポータル_20260605\thumbnail_assets\8BXrXI8dyjM.jpg,168763,
u-e0wM6UN6c,人生ドラマ館,貧乏女子高生に弁当をあげた同級生ギャル→8年後、ギャルのピンチに駆け付けたのは…,18865,existing,E:\Data\ObsidianVault\02_Channels\シニア朗読\競合リサーチ\サムネ企画検索ポータル_20260605\thumbnail_assets\u-e0wM6UN6c.jpg,263788,
ds4wuEIlpnc,人生色々TV,受付で不採用を言い渡された…その夜、黒塗り高級車が現れ降りてきたのがとんでもない人物でした•••,18853,,,0,db_thumbnail_url: HTTPError
zKhcy_b9LQA,人生スカッと物語,「銀行を変えたい？やれるもんなら、お好きにどうぞw」老婆を見下し 300万の融資を断る銀行員…翌朝、支店長の膝がガクガク崩れ落ち…,18726,,,0,db_thumbnail_url: HTTPError
OwSTA28ngQM,人生逆転ドラマch,｢古くさい服ねw｣同窓会でゲラゲラ笑われる地味な彼女。数分後，夫が現れ友人全員が命乞いする…,18725,existing,E:\Data\ObsidianVault\02_Channels\シニア朗読\競合リサーチ\サムネ企画検索ポータル_20260605\thumbnail_assets\OwSTA28ngQM.jpg,73397,
sCTp8JhQNm0,人生逆転ドラマch,俺を見下す同級生とばったり再会した俺。同級生妹「一目惚れしました！」同級生「え…？！」,18669,existing,E:\Data\ObsidianVault\02_Channels\シニア朗読\競合リサーチ\サムネ企画検索ポータル_20260605\thumbnail_assets\sCTp8JhQNm0.jpg,89000,
8uNAucDOO1A,人生の輝き,「身の程を知りなさい！」町工場で横柄な態度を取った大手上場企業の社長妻。翌日、夫の会社は全ての取引先を失いました…,18593,,,0,db_thumbnail_url: HTTPError
Zs1R_wgw32s,人生ドラマ座,【スカッとする話】「エラそうに社食を使うな！」元上司に罵声を浴びせられた作業服の女性→彼女の正体を明かすと…,18581,existing,E:\Data\ObsidianVault\02_Channels\シニア朗読\競合リサーチ\サムネ企画検索ポータル_20260605\thumbnail_assets\Zs1R_wgw32s.jpg,253969,
-T1ekOvleL8,人生のドラマTV,ボロボロの老婆「50円でスープだけでも...」貧乏な店主がタダで特製ラーメンを振る舞った結果...,18565,existing,E:\Data\ObsidianVault\02_Channels\シニア朗読\競合リサーチ\サムネ企画検索ポータル_20260605\thumbnail_assets\-T1ekOvleL8.jpg,260463,
UNPQKPp2AmQ,人生は七色,「お前はクビだ」傲慢な部長に急遽クビを宣告された清掃員の老婆。しかしその翌日、老婆は会社のピンチを救うことになる【人生は七色】,18534,existing,E:\Data\ObsidianVault\02_Channels\シニア朗読\競合リサーチ\サムネ企画検索ポータル_20260605\thumbnail_assets\UNPQKPp2AmQ.jpg,256416,
QGSbH8XFbIc,人生ドラマTV,「おばあちゃん、その廃屋を50万円で買ってください！」捨てられた天才少女の驚くべき提案,18530,existing,E:\Data\ObsidianVault\02_Channels\シニア朗読\競合リサーチ\サムネ企画検索ポータル_20260605\thumbnail_assets\QGSbH8XFbIc.jpg,343078,
XCOerJZn1eA,人生逆転ストーリー,「明日から来なくていいわ。あなたクビだから」社長になりすましメールで新人を追い出した先輩　「社長は私の父で、今一緒にいますが？」「…えっ？」,18494,,,0,db_thumbnail_url: HTTPError
pjRZaSZ863k,人生は100年,妊娠7ヶ月の女性が無人駅の階段から転落→通りかかった18歳3人が線路に飛び降りた結果【感動する話】,18468,existing,E:\Data\ObsidianVault\02_Channels\シニア朗読\競合リサーチ\サムネ企画検索ポータル_20260605\thumbnail_assets\pjRZaSZ863k.jpg,247630,
ZQlqw42j23Y,人生は七色,賄賂の濡れ衣を着させられた若手議員は、高架下のホームレスに出会った事ですべてが変わった,18425,existing,E:\Data\ObsidianVault\02_Channels\シニア朗読\競合リサーチ\サムネ企画検索ポータル_20260605\thumbnail_assets\ZQlqw42j23Y.jpg,193372,
H38MBo-nFaI,人生色々TV,「いいから食べて」所持金500円の汚れた母娘…10年後、浮浪者となった屋台店長の前に現れたのは・・・,18423,,,0,db_thumbnail_url: HTTPError
eff4mAQ-voU,感動スカっと人生録,最終便を譲った派遣社員。成果を横取りされ倉庫送り―３日後届いた封筒には…,18308,,,0,db_thumbnail_url: HTTPError
rIp7nsVX1DI,人生の光と影 朗読館,駅で妊婦を助けてプレゼンに遅刻した新人OL。叱られた翌朝、社長室に呼ばれ…,18303,,,0,db_thumbnail_url: HTTPError
EU6esl6TVpU,人生逆転ストーリー,「こんな古い通帳、偽物でしょw」銀行で嘲笑された70代男性→次の瞬間、明かされた老人の正体に絶句！,18221,,,0,db_thumbnail_url: HTTPError
vuD_g5gVXMg,人生は七色,発達障害だと見捨てられたボロボロ少女を廃業寸前の魚屋で引き取ったら実は天才だった…。魚屋の52歳独身男が引き取りマグロ解体師に育て、やがて親子になる愛と絆の感動物語【感動する話】,18204,existing,E:\Data\ObsidianVault\02_Channels\シニア朗読\競合リサーチ\サムネ企画検索ポータル_20260605\thumbnail_assets\vuD_g5gVXMg.jpg,266301,
h-F8AUPJH-o,人生逆転ドラマシアター,見下されていた一流百貨店の清掃員のお爺さんが流暢なアラビア語を話し始めた途端、全員が愕然とした。,18144,,,0,db_thumbnail_url: HTTPError
AlgRx1U0mWQ,静かなる英雄たち,「ご希望に添えません」豪華寝台特急で冷遇された老夫婦。だが終着駅に黒塗りの高級車が5台並んでいるとーー。,18140,existing,E:\Data\ObsidianVault\02_Channels\シニア朗読\競合リサーチ\サムネ企画検索ポータル_20260605\thumbnail_assets\AlgRx1U0mWQ.jpg,226079,
_YSf0YEPTk4,お茶の間TV 〈スカッと感動〉,ヤクザ店員が極貧少女に腹いっぱい食わせた結果..【スカッとする話】 YAKUZA,18110,existing,E:\Data\ObsidianVault\02_Channels\シニア朗読\競合リサーチ\サムネ企画検索ポータル_20260605\thumbnail_assets\_YSf0YEPTk4.jpg,142948,
3e9NOH9snk0,人生逆転ドラマch,真冬に氷水をかけられた貧乏女子高生。20年後，同窓会で再会した結果…,18085,existing,E:\Data\ObsidianVault\02_Channels\シニア朗読\競合リサーチ\サムネ企画検索ポータル_20260605\thumbnail_assets\3e9NOH9snk0.jpg,64222,
e5fWlEG2ja0,人生は七色,両親の離婚で一人ぼっちになった少年を救った看板娘と、時を経て、大きな奇跡を生むことに【感動ストーリー】,17953,existing,E:\Data\ObsidianVault\02_Channels\シニア朗読\競合リサーチ\サムネ企画検索ポータル_20260605\thumbnail_assets\e5fWlEG2ja0.jpg,214195,
t58U2ph5sFw,静かなる英雄たち,「目障りなのよ」高級鮨店で女性専務に嘲笑された皿洗いのおじいさん。だが重要会食で料理長が倒れ、彼が静かに包丁を握ると──。,17930,existing,E:\Data\ObsidianVault\02_Channels\シニア朗読\競合リサーチ\サムネ企画検索ポータル_20260605\thumbnail_assets\t58U2ph5sFw.jpg,191926,
6diaEj_tako,人生逆転ドラマシアター,「中卒の貧乏人は、夫の銀行に来ないでよｗ恥ずかしいから」同窓会で頭取の妻にバカにされた私（60歳）、「最後の用事だけ済ませて、二度と行きません」→銀行パニック、家庭崩壊の末路,17916,,,0,db_thumbnail_url: HTTPError
ZFl6uddhdnQ,人生は七色,「評価は最低ランクの『１』です」日本人バイオリニストの少女が海外の音楽スクールで絶望…しかし、音楽会の巨匠に認められて奇跡の大逆転,17910,existing,E:\Data\ObsidianVault\02_Channels\シニア朗読\競合リサーチ\サムネ企画検索ポータル_20260605\thumbnail_assets\ZFl6uddhdnQ.jpg,158284,
H9HKR6cxDcs,静かなる英雄たち,「お引き取りください」高級デパートで追い返された老夫婦。だが外商担当が駆け寄り「この方が最初の会員です」と告げた瞬間――。,17885,existing,E:\Data\ObsidianVault\02_Channels\シニア朗読\競合リサーチ\サムネ企画検索ポータル_20260605\thumbnail_assets\H9HKR6cxDcs.jpg,211367,
PsDBGXxWBzE,人生色々TV,意識不明の老人を助けた貧しい母娘…後日、ボロアパートの前に高級車が現れドアから・・・,17860,,,0,db_thumbnail_url: HTTPError
MYT_jaDWaxA,人生逆転ドラマシアター,振込依頼書をビリビリにされた老人が起こした“銀行崩壊劇”【800億円流出】,17769,,,0,db_thumbnail_url: HTTPError
-9pAWm_KTMU,人生は七色,「シングルマザーが出しゃばるな！」と侮辱された母親。しかし、息子のたった一枚の作文が全てを変えた…,17765,existing,E:\Data\ObsidianVault\02_Channels\シニア朗読\競合リサーチ\サムネ企画検索ポータル_20260605\thumbnail_assets\-9pAWm_KTMU.jpg,192140,
9e0l2N133H8,静かなる英雄たち,「邪魔だ、どけ！」大学病院で蔑まれた清掃員のおじいさん。だが誰も成功できなかった手術を、その老人が執刀すると、医師たちは凍りついた――。,17678,existing,E:\Data\ObsidianVault\02_Channels\シニア朗読\競合リサーチ\サムネ企画検索ポータル_20260605\thumbnail_assets\9e0l2N133H8.jpg,126897,
BIcw8FCtlSA,人生劇場放送局,【スカッと】同窓会で友達を見下す男は知らなかった。貧乏だった彼が直属の上司だということを。【シニア】,17669,existing,E:\Data\ObsidianVault\02_Channels\シニア朗読\競合リサーチ\サムネ企画検索ポータル_20260605\thumbnail_assets\BIcw8FCtlSA.jpg,151585,
ODZ3FkJAlvQ,人生の輝き,「中卒ごときがやってる工場なんていつでも潰せるからなｗ」女性を脅す高学歴社長。女性「やめてください！」→本当に工場を潰した結果、会社が倒産した…,17664,existing,E:\Data\ObsidianVault\02_Channels\シニア朗読\競合リサーチ\サムネ企画検索ポータル_20260605\thumbnail_assets\ODZ3FkJAlvQ.jpg,234631,
iIrhMN2i1iw,人生逆転ドラマシアター,理不尽に耐え続けた清掃員が逆転する瞬間…内線1番で全てがひっくり返った話,17586,,,0,db_thumbnail_url: HTTPError
dwllrFE0iY8,人生のシナリオ,「貯金があと3ヶ月で底をつく…」全財産を注ぎ込んだ挑戦が失敗に終わり絶望したフランス人シェフが、22歳の日本人女子大生を雇ったら…【感動する話】,17580,existing,E:\Data\ObsidianVault\02_Channels\シニア朗読\競合リサーチ\サムネ企画検索ポータル_20260605\thumbnail_assets\dwllrFE0iY8.jpg,69280,
w5jIhroSHIo,静かなる英雄たち,「邪魔なんで」大手商社で見下された掃除のおじいさん。だが5時間後、彼がプライベートジェットで現れるとーー。,17571,existing,E:\Data\ObsidianVault\02_Channels\シニア朗読\競合リサーチ\サムネ企画検索ポータル_20260605\thumbnail_assets\w5jIhroSHIo.jpg,163182,
ury8zc4IK3A,感動スカっと人生録,『お前のミスだ。お前が払え！』上司のせいで28万円請求される貧乏OL…その時、3か月前に助けた老人の一言に会社が凍り付いた,17450,,,0,db_thumbnail_url: HTTPError
te9KX1A7JNk,人生は七色,バス停で困り果てる老人に、2000円のタクシー代を渡した貧乏女子高生。後日、夢のアイドル大手事務所に入ることになる【人生は七色】,17380,existing,E:\Data\ObsidianVault\02_Channels\シニア朗読\競合リサーチ\サムネ企画検索ポータル_20260605\thumbnail_assets\te9KX1A7JNk.jpg,195798,
c8ZC21RLw_8,人生ドラマ館,来月、廃業するラーメン屋に「1番安いラーメンください」と10円玉を差し出す7歳の少女。赤字だけど毎日ラーメンを食べさせたら→閉店日、まさかの出来事に…,17362,existing,E:\Data\ObsidianVault\02_Channels\シニア朗読\競合リサーチ\サムネ企画検索ポータル_20260605\thumbnail_assets\c8ZC21RLw_8.jpg,146105,
7fKTFUFTBvg,人生ドラマ座,「全額出金？片親育ちのガキがwどうぞご自由に」病気の母の為に預金を下ろしに来た作業着姿の少女を嘲笑し、見下した新人銀行員。翌日、5000億円の解約で支店が崩壊の危機に。亡き父が残した財産とは...,17323,existing,E:\Data\ObsidianVault\02_Channels\シニア朗読\競合リサーチ\サムネ企画検索ポータル_20260605\thumbnail_assets\7fKTFUFTBvg.jpg,245421,
_FK7cZlECcY,【スカッと朗読】シニアドラマ館,【スカッと】給食室の娘と嘲られた花嫁が、結婚式で尊厳を取り戻した日【シニアライフ】【60代以上の方へ】,17313,existing,E:\Data\ObsidianVault\02_Channels\シニア朗読\競合リサーチ\サムネ企画検索ポータル_20260605\thumbnail_assets\_FK7cZlECcY.jpg,176228,
kYs_N9TfUVU,人生の輝き,関西弁丸出しの就活生を侮辱し門前払いした面接官。翌日、会社から面接官のデスクが消えていました…,17275,,,0,db_thumbnail_url: HTTPError
GW_YtypoLJ4,人生逆転ストーリー,「下請けなんて、いくらでもいるだろw」小さな町工場を切った大企業部長の末路——“特許の壁”で50億契約が消滅！,17270,,,0,db_thumbnail_url: HTTPError
sge68QcRfkU,人生の光と影 朗読館,車にひかれる寸前の妊婦を助けて面接に遅刻した女子大生。数日後、社長から届いた一通の手紙で全てが変わる…,17220,,,0,db_thumbnail_url: HTTPError
s5XRgUmYZ_I,人生ドラマTV,捨てられた赤ちゃんを拾って育てた聴覚障害の青年。赤ん坊が社長の娘と知らず...彼の運命は激動の人生に変わる【感動する話】,17213,existing,E:\Data\ObsidianVault\02_Channels\シニア朗読\競合リサーチ\サムネ企画検索ポータル_20260605\thumbnail_assets\s5XRgUmYZ_I.jpg,255584,
5znTLPRrqKM,静かなる英雄たち,「格安の宴会予約でしょ？」高級ホテルで冷遇された老夫婦。その10分後、支配人が凍りついた理由とは――。,17181,existing,E:\Data\ObsidianVault\02_Channels\シニア朗読\競合リサーチ\サムネ企画検索ポータル_20260605\thumbnail_assets\5znTLPRrqKM.jpg,198020,
XBu4b9-M8Os,面白きかな人生,「ブ●は銀行にいらねぇよ」と副支店長に罵られた新人行員。翌朝、解約希望者5km総額10兆円の大行列で取締役全員土下座【面白きかな人生】,17180,existing,E:\Data\ObsidianVault\02_Channels\シニア朗読\競合リサーチ\サムネ企画検索ポータル_20260605\thumbnail_assets\XBu4b9-M8Os.jpg,236828,
2WJVks7GQD8,人生の温もり,柔道で暴漢を投げ飛ばした女子高生→翌日ベンツの列が学校に来た【感動する話】,17150,existing,E:\Data\ObsidianVault\02_Channels\シニア朗読\競合リサーチ\サムネ企画検索ポータル_20260605\thumbnail_assets\2WJVks7GQD8.jpg,244818,
nr0xPsl018A,静かなる英雄たち,「中卒に技術がわかるわけない」IT企業で見下された契約社員の女性。だがシステム障害の窮地で、バカにされていた老人と彼女だけが会社を救えたーー,17103,existing,E:\Data\ObsidianVault\02_Channels\シニア朗読\競合リサーチ\サムネ企画検索ポータル_20260605\thumbnail_assets\nr0xPsl018A.jpg,172857,
em1xDptWaxE,人生の輝き,道路に財布を落としたお爺さんを見つけ、代わりに拾ってあげた就活生。そのせいで大手銀行の最終面接当日に大遅刻した結果…,17029,,,0,db_thumbnail_url: HTTPError
2hlqwUvuKA0,人生の温もり,「これ、お父さんの夢の車…？」14歳の少女が父のために3年間修理した、30年眠った赤い車の物語【感動する話】,17013,existing,E:\Data\ObsidianVault\02_Channels\シニア朗読\競合リサーチ\サムネ企画検索ポータル_20260605\thumbnail_assets\2hlqwUvuKA0.jpg,239802,
uFYBdF4Z0nU,人生はバラ色,「パン屋のバイトが30兆？笑わせるな帰れよw」 古いエプロン姿で銀行に来た女性を嘲笑した支店長 翌日、全額引き出しで銀行が倒産,16937,existing,E:\Data\ObsidianVault\02_Channels\シニア朗読\競合リサーチ\サムネ企画検索ポータル_20260605\thumbnail_assets\uFYBdF4Z0nU.jpg,209037,
2s65y7GLrkQ,人生劇場放送局,【スカッと】入院中の俺を「クビだ」と笑った部長。俺は会社の基幹システムを完全停止。直後、部長の携帯を着信拒否した結果…。【シニア】,16922,existing,E:\Data\ObsidianVault\02_Channels\シニア朗読\競合リサーチ\サムネ企画検索ポータル_20260605\thumbnail_assets\2s65y7GLrkQ.jpg,157055,
Hxqa2lnRSXM,人生ドラマ座,「親無しのゴミは帰れ！悔しかったら“親”呼んでみろw」社長の娘と知らずに新人歓迎会で新入社員の女性を見下した部長。社長の娘「今呼びますね。」部長「え？」,16874,existing,E:\Data\ObsidianVault\02_Channels\シニア朗読\競合リサーチ\サムネ企画検索ポータル_20260605\thumbnail_assets\Hxqa2lnRSXM.jpg,177455,
wZLSFbCOPtU,人生は100年,赤字続きで廃業寸前の銭湯を継いだ俺。軒先に、母を失った少女がうずくまっていた「帰っても…誰もいないんです」→元ヤンの母に事情を話した結果…【朗読・スカッと】,16873,existing,E:\Data\ObsidianVault\02_Channels\シニア朗読\競合リサーチ\サムネ企画検索ポータル_20260605\thumbnail_assets\wZLSFbCOPtU.jpg,213265,
3hH9av8sRmY,愛しき人の人生日記,「英語できないだろ？」アメリカ顧客の前でバカにされた契約社員…しかし彼女が口を開くと会議室が凍りついた,16812,,,0,db_thumbnail_url: HTTPError
d_8TU_LGQAY,感動スカっと人生録,会長助けて商談遅刻。左遷された3日後、清掃員が・・・,16762,,,0,db_thumbnail_url: HTTPError
Dy8NuJHk9VA,人生劇場放送局,【スカッと】「底辺企業に席いる？」祝賀会で笑われた女性。直後、会長からの電話で会場全員が震えだし...。【シニア】,16743,existing,E:\Data\ObsidianVault\02_Channels\シニア朗読\競合リサーチ\サムネ企画検索ポータル_20260605\thumbnail_assets\Dy8NuJHk9VA.jpg,221115,
sS7qMwW56Rg,人生劇場放送局,【スカッと】同窓会で嫌がらせする社長夫人の同級生。翌日、旦那の会社をぶっ壊してやりました。【シニア】,16732,existing,E:\Data\ObsidianVault\02_Channels\シニア朗読\競合リサーチ\サムネ企画検索ポータル_20260605\thumbnail_assets\sS7qMwW56Rg.jpg,164032,
85BZT6BXVcM,人生は100年,受験当日、駅で破水した妊婦さんを助けた15歳。試験は1科目しか受けられず不合格→夢を諦めかけた時、助けた妊婦さんの父親が現れて…【感動する話】,16698,existing,E:\Data\ObsidianVault\02_Channels\シニア朗読\競合リサーチ\サムネ企画検索ポータル_20260605\thumbnail_assets\85BZT6BXVcM.jpg,180537,
NRG0ScZoDO0,人生逆転ドラマシアター,【教訓】孫が働く銀行で起きた出来事に、祖父が示した「人の価値は数字では測れない」という答え,16667,,,0,db_thumbnail_url: HTTPError
hc9ErcCmkEw,心に響く人生ドラマ日誌,会長の孫娘とは知らずに新人を侮辱した社長夫人。翌日、黒塗りの高級車が現れ…,16628,existing,E:\Data\ObsidianVault\02_Channels\シニア朗読\競合リサーチ\サムネ企画検索ポータル_20260605\thumbnail_assets\hc9ErcCmkEw.jpg,140420,
F1iSLlZgsYs,静かなる英雄たち,「そんな契約ありません」保険会社で冷たくあしらわれたおばあさん。だが書類の片隅に書かれた“ある名前”を見て支店長が凍りついたーー。,16595,existing,E:\Data\ObsidianVault\02_Channels\シニア朗読\競合リサーチ\サムネ企画検索ポータル_20260605\thumbnail_assets\F1iSLlZgsYs.jpg,238428,
k1dDzyjl65s,静かなる英雄たち,「例の弁当キャンセルで」電話一本で100食がゴミに。泣き崩れる店主を見た常連の老人が静かに立ち上がった。翌週、男の30億円の事業が一瞬で白紙に――。,16589,existing,E:\Data\ObsidianVault\02_Channels\シニア朗読\競合リサーチ\サムネ企画検索ポータル_20260605\thumbnail_assets\k1dDzyjl65s.jpg,184150,
2PqZbnQZTRc,人生は100年,廃業寸前の焼肉屋が新幹線がトラブルで立ち往生している台湾人女性を助けたら→後日、とんでもないことに…【感動する話】,16580,existing,E:\Data\ObsidianVault\02_Channels\シニア朗読\競合リサーチ\サムネ企画検索ポータル_20260605\thumbnail_assets\2PqZbnQZTRc.jpg,238642,
f-5UaRSUWkY,人生は宝物,「気味が悪い子ね」と親戚に捨てられたボロボロの少女 → 実はIQ200の天才だった結果...【感動する話】,16579,,,0,db_thumbnail_url: HTTPError
_7VfxhxZBSw,お茶の間TV 〈スカッと感動〉,闇金ヤクザ「金返せジジイ!博打で遊んでやろうかw」→「明日伺いますね」組長も震える老人の正体とは..【スカッとする話】 YAKUZA,16566,existing,E:\Data\ObsidianVault\02_Channels\シニア朗読\競合リサーチ\サムネ企画検索ポータル_20260605\thumbnail_assets\_7VfxhxZBSw.jpg,250699,
2oow7iDlNjA,人生の輝き,「お支払いは100万円だけど大丈夫かしら？ｗ」高級料亭の女将に見下される女性。女性「…わかりました」→翌日、女将からの着信があり…,16547,existing,E:\Data\ObsidianVault\02_Channels\シニア朗読\競合リサーチ\サムネ企画検索ポータル_20260605\thumbnail_assets\2oow7iDlNjA.jpg,213292,
JKOPVQhZ_9g,人生劇場放送局,【スカッと】「小銭は迷惑です！」おばあちゃんのための預金を拒否された孫娘。翌朝、５０００億を地方の信金に移した結果...【シニア】,16489,existing,E:\Data\ObsidianVault\02_Channels\シニア朗読\競合リサーチ\サムネ企画検索ポータル_20260605\thumbnail_assets\JKOPVQhZ_9g.jpg,215306,
nTAdvjUmfi4,心に響く人生ドラマ日誌,高級寿司屋で門前払いされた祖父と孫娘。 しかし店の奥にいた紳士の一言で、店主が凍りつく,16451,existing,E:\Data\ObsidianVault\02_Channels\シニア朗読\競合リサーチ\サムネ企画検索ポータル_20260605\thumbnail_assets\nTAdvjUmfi4.jpg,143158,
RRbDk2TDtXM,人生逆転ドラマch,「ダサ女には場違いw」高級レストランでゲラゲラ笑う元同級生。元同級生の夫「まさかあなたは…」元同級生「え?」,16431,existing,E:\Data\ObsidianVault\02_Channels\シニア朗読\競合リサーチ\サムネ企画検索ポータル_20260605\thumbnail_assets\RRbDk2TDtXM.jpg,64211,
tLhq82kPcM0,心に響く人生ドラマ日誌,「もういらないからｗ」ママ友副社長の独断で長年続く取引が中止。お望み通り、納品やめた結果会社が崩壊危機に…,16419,existing,E:\Data\ObsidianVault\02_Channels\シニア朗読\競合リサーチ\サムネ企画検索ポータル_20260605\thumbnail_assets\tLhq82kPcM0.jpg,142008,
BSVrIoifj8Y,人生は100年,"行きつけの定食屋で会う""鉄の女""上司「最高の筑前煮を作れたらデートしてあげる」俺「やります！」→料理経験ゼロから1ヶ月猛特訓した結果…【感動する話】",16418,existing,E:\Data\ObsidianVault\02_Channels\シニア朗読\競合リサーチ\サムネ企画検索ポータル_20260605\thumbnail_assets\BSVrIoifj8Y.jpg,225818,
sZaPM1B7S5c,感動スカっと人生録,『媚売るな』とお局3人に罵られた新人OLー数日後、買収先会長が視察に現れた瞬間、お局たちは…,16409,,,0,db_thumbnail_url: HTTPError
0fu9TMroHpM,心に響く人生ドラマ日誌,実は売上1位のメニュー開発者と知らず見下した部長、彼女が店を去った翌日、会社が崩壊危機に…,16356,existing,E:\Data\ObsidianVault\02_Channels\シニア朗読\競合リサーチ\サムネ企画検索ポータル_20260605\thumbnail_assets\0fu9TMroHpM.jpg,208995,
NuLQ-Y8UA3E,人生は100年,廃業届を出す寸前の58歳のタクシー運転手が見知らぬ母子に全財産5万円を渡した→2週間後、ラジオを聞いていたらとんでもない結果に…【感動する話】,16348,existing,E:\Data\ObsidianVault\02_Channels\シニア朗読\競合リサーチ\サムネ企画検索ポータル_20260605\thumbnail_assets\NuLQ-Y8UA3E.jpg,255132,
BbEGjJDW0ZU,静かなる英雄たち,「汚ねえな」タワマンで住人に嘲笑された掃除のおじいさん。だが3日後、重役として相手の職場に現れると――。,16325,existing,E:\Data\ObsidianVault\02_Channels\シニア朗読\競合リサーチ\サムネ企画検索ポータル_20260605\thumbnail_assets\BbEGjJDW0ZU.jpg,193756,
KvXLKxC9d3w,人生逆転ドラマシアター,予約したのに“消された”老夫婦の静かな抗議——高級寿司店で消された名前と食べられなかった一貫の真実,16270,,,0,db_thumbnail_url: HTTPError
-Iq8cFAYReI,人生ドラマ館,廃業寸前のラーメン屋にボロボロの双子が来店「50円でスープだけ…」ギャル店主「大盛り2ついっちゃお！」→20年後のクリスマス、双子が再来店…実はこの子達,16254,existing,E:\Data\ObsidianVault\02_Channels\シニア朗読\競合リサーチ\サムネ企画検索ポータル_20260605\thumbnail_assets\-Iq8cFAYReI.jpg,251311,
q4JpcokGk2A,静かなる英雄たち,「その汚い手で肉を触るな」高級焼肉店の厨房で罵倒されたおじいさん。だが世界的評論家を招いたイベントで、彼が姿を現すと――。,16247,existing,E:\Data\ObsidianVault\02_Channels\シニア朗読\競合リサーチ\サムネ企画検索ポータル_20260605\thumbnail_assets\q4JpcokGk2A.jpg,200193,
oNiC5Rf8BGs,仁義と人生の部屋,「全部潰してやる」ヤクザが脅した老女→翌日、1人で事務所に乗り込み果たし状を叩きつけた瞬間、全員が凍りついた【スカッとする話】,16212,,,0,db_thumbnail_url: HTTPError
Jq977ViZ3yg,人生のシナリオ,借金600万円で廃業寸前のおでん屋に全財産50円しかない少女が来店→無料で大根のおでんを出した結果…【感動する話】,16209,existing,E:\Data\ObsidianVault\02_Channels\シニア朗読\競合リサーチ\サムネ企画検索ポータル_20260605\thumbnail_assets\Jq977ViZ3yg.jpg,248501,
T8h4QAKo8lA,面白きかな人生,「責任は全部おまえだ！」部長に10億の濡れ衣を着せられ即解雇になったシングルマザー→娘「大丈夫。明日その会社潰れるから」母「え？」【面白きかな人生】,16191,existing,E:\Data\ObsidianVault\02_Channels\シニア朗読\競合リサーチ\サムネ企画検索ポータル_20260605\thumbnail_assets\T8h4QAKo8lA.jpg,187691,
IIIwEGkLCBw,感動スカっと人生録,「あなたの代わりはいくらでもいます」突然クビになった派遣ＯＬ－3億の不正を黙ってみていた理由とは…,16188,,,0,db_thumbnail_url: HTTPError
Uo45QYX4ug8,人生は七色,「誰か救急車を！！」いつもの配達先で独り身の老人を救った貧乏な新聞配達員はやがて大きな奇跡を生む,16173,existing,E:\Data\ObsidianVault\02_Channels\シニア朗読\競合リサーチ\サムネ企画検索ポータル_20260605\thumbnail_assets\Uo45QYX4ug8.jpg,202386,
zV3uGrtuynQ,人生逆転ドラマシアター,銀行で3億円を引き出そうとしたら、ボケ老人の戯言と嘲笑されたおじいさん。全財産3000億円を引き出すと、銀行が破綻する事態にまで発展！,16169,,,0,db_thumbnail_url: HTTPError
wQrWVk8T63M,人生は七色,「強制退去だ！」家賃が払えず廃業寸前のケーキ屋。所持金100円の貧乏少年に誕生日ケーキを作った翌日、店の前にまさかの光景が…【感動ストーリー】,16169,existing,E:\Data\ObsidianVault\02_Channels\シニア朗読\競合リサーチ\サムネ企画検索ポータル_20260605\thumbnail_assets\wQrWVk8T63M.jpg,181994,
8va0-beTxWU,人生の光と影 朗読館,台風で倒れたおばあさんを助けた貧乏な女子高生。翌日、学校の前に黒塗りの高級車が現れて...,16097,,,0,db_thumbnail_url: HTTPError
RmTfvG3AETU,人生逆転ドラマシアター,「バイトしてんの？甲斐性なしの旦那呼んでみなよｗ」同窓会で銀行役員婦人の同級生に家族を見下された私60歳）、「あなた、あの銀行の奥様がお呼びです」10分後…,16057,,,0,db_thumbnail_url: HTTPError
ogBARijQ8d8,お茶の間TV 〈スカッと感動〉,「「夫はヤクザよ。貧乏人は帰れw」割烹で好き放題する女。私「じゃあ、その組潰しますね w」お望み通りにした結果..【スカッとする話】 YAKUZA,16053,,,0,db_thumbnail_url: HTTPError
FBPJgDUNcw4,人生逆転ドラマシアター,「中卒の清掃員のくせに私に逆らうの？」東大卒女部長にクビにされた清掃員のおじいさん70歳──翌日、100億の契約破棄！罪のなすりつけ合いで会社崩壊！,15973,,,0,db_thumbnail_url: HTTPError
Cfz_E1-TDWI,感動スカっと人生録,「文句あるなら証拠を持ってこい」会議室でクビにされた28歳派遣社員…翌朝、ある人のたった一言で全員が凍り付いた,15952,,,0,db_thumbnail_url: HTTPError
aNecpvMj9sU,感動スカっと人生録,「貧乏人」と同級生に罵られた母子家庭の女子高生。授業参観に黒塗りの車が停まり…,15944,,,0,db_thumbnail_url: HTTPError
vit_Fct6f2E,人生のギフト,「おばあちゃんに持って帰るの」閉店間近の弁当屋に現れたボロ服の少女→祖母の分だけ買う姿に店主がもう一箱渡した結果、10年後衝撃の再会に…【感動する話】,15934,existing,E:\Data\ObsidianVault\02_Channels\シニア朗読\競合リサーチ\サムネ企画検索ポータル_20260605\thumbnail_assets\vit_Fct6f2E.jpg,275737,
9xtYRiSR3po,お茶の間TV 〈スカッと感動〉,半グレ「掃除のジジイw」→組長登場「その方は日本極道界の神だぞ…」震え上がるガキ共へ、元伝説の若頭が教える「本当のケジメ」とは？【スカッとする話】 YAKUZA,15821,existing,E:\Data\ObsidianVault\02_Channels\シニア朗読\競合リサーチ\サムネ企画検索ポータル_20260605\thumbnail_assets\9xtYRiSR3po.jpg,286049,
0n_vQ3Ksgkg,人生ドラマ座,「中卒がピアノなんて弾けるのw？」創業パーティーで重役の前で晒された26歳OL…最初の1音で会場全体が凍りついた、声を失った,15813,existing,E:\Data\ObsidianVault\02_Channels\シニア朗読\競合リサーチ\サムネ企画検索ポータル_20260605\thumbnail_assets\0n_vQ3Ksgkg.jpg,194771,
ft9FcDODnSU,人生逆転ドラマシアター,【教訓】還暦の同窓会で気づいた「人の価値は肩書きでは決まらない」,15781,,,0,db_thumbnail_url: HTTPError
B1BsKIZFHPo,面白きかな人生,豪雨の峠でエンスト車を修理してくれた整備士見習いの女性。翌朝、工場に黒塗りの高級車が殺到し…【面白きかな人生】,15747,,,0,db_thumbnail_url: HTTPError
NzQGHWYojVU,人生ドラマ座,「お荷物社員！」と罵られ続けた66歳…退職日の一言で社員600人全員が崩れ落ちた置き土産とは｜朗読,15730,existing,E:\Data\ObsidianVault\02_Channels\シニア朗読\競合リサーチ\サムネ企画検索ポータル_20260605\thumbnail_assets\NzQGHWYojVU.jpg,138288,
0p0E-sRHtOA,人生の光と影 朗読館,路上でお爺さんの壊れた車椅子を修理してあげた18歳の工業女子高校生。翌日、大手メーカー企業の会長が学校に現れ...,15641,,,0,db_thumbnail_url: HTTPError
iEk7saA7VZM,人生逆転ドラマシアター,高学歴の女役員に見下されクビにされた中卒の男──1年後、高級料亭で再会し元女上司が凍りついた,15608,,,0,db_thumbnail_url: HTTPError
_nDu-beICZo,愛しき人の人生日記,実は営業1位の実力者と知らず派遣社員と見下した新社長。即日退職し着信拒否した結果、会社は倒産の危機に！,15542,,,0,db_thumbnail_url: HTTPError
-xn5D1aeO18,人生逆転ドラマシアター,「私の父は頭取よ？悔しいなら会長でも呼んでみなさいよ」と銀行員に見下された清掃員のおばあさん。「…わかりました」と即電話をかけた結果…,15536,,,0,db_thumbnail_url: HTTPError
C4y3B6GANqc,人生の光と影 朗読館,交通事故にあった老人を助けた貧乏な女子大生。翌日、就職面接に遅刻し不合格になったあと一本の電話が…,15530,,,0,db_thumbnail_url: HTTPError
7USBhBS1vPg,人生色々TV,浮浪者に１枚のビスケットを渡した少女が夜逃げの事態に…極貧となり段ボールで過ごす母娘の前に現れたのは•••,15511,,,0,db_thumbnail_url: HTTPError
tliiu3nKQmw,心に響く人生ドラマ日誌,「底辺企業に席はないｗ」祝賀会で嘲笑された女性。数分後、会長からの電話で全員蒼白,15471,existing,E:\Data\ObsidianVault\02_Channels\シニア朗読\競合リサーチ\サムネ企画検索ポータル_20260605\thumbnail_assets\tliiu3nKQmw.jpg,199290,
R8e_nHbkzm4,人生の輝き,町工場で若いエンジニアに手作業の職人たちを侮辱される工場長。だがある日、工場長の元にJAXAから緊急依頼が入った理由とは…,15432,,,0,db_thumbnail_url: HTTPError
i-BVqr491jA,感動スカっと人生録,「無能なババア」と罵倒された食堂の女性…正体を知り男は青ざめた,15415,,,0,db_thumbnail_url: HTTPError
04dnAGpgUfw,人生逆転ドラマch,助けを求めるボロスーツのおばさんに夕食を渡した貧乏女子高生。翌日，校庭に黒塗りの高級車が現れ…,15396,existing,E:\Data\ObsidianVault\02_Channels\シニア朗読\競合リサーチ\サムネ企画検索ポータル_20260605\thumbnail_assets\04dnAGpgUfw.jpg,155945,
Gs25-L84-O0,人生は七色,困窮家庭で育った少女が魅せた優しさが、やがて大きな奇跡を生む,15390,existing,E:\Data\ObsidianVault\02_Channels\シニア朗読\競合リサーチ\サムネ企画検索ポータル_20260605\thumbnail_assets\Gs25-L84-O0.jpg,172290,
y8pIqEkuIAI,人生はバラ色,「親無しのガキが大株主？だったら全員クビにしてみろよｗ」株主総会に来た制服姿の少女を門前払いしたエリート役員。「ではお望み通りに」その場で役員解任決議決定w,15351,existing,E:\Data\ObsidianVault\02_Channels\シニア朗読\競合リサーチ\サムネ企画検索ポータル_20260605\thumbnail_assets\y8pIqEkuIAI.jpg,229765,
ISdGRKMZc70,人生逆転ドラマシアター,一流企業の部長が、“社員食堂のお婆さん”を嘲笑 → 翌日、土下座で全社員が静まり返った理由,15343,,,0,db_thumbnail_url: HTTPError
Gx3Llg7DXZ4,人生は100年,入院中、困っている老婆に全財産を渡した結果→会社から電話が来て、仕事クビになった【感動する話】,15316,existing,E:\Data\ObsidianVault\02_Channels\シニア朗読\競合リサーチ\サムネ企画検索ポータル_20260605\thumbnail_assets\Gx3Llg7DXZ4.jpg,225696,
LnwKLSXy4HQ,愛しき人の人生日記,初出勤3分で解雇された貧乏な新入社員。翌日、10兆円の契約が消滅し会社が崩壊した…,15297,existing,E:\Data\ObsidianVault\02_Channels\シニア朗読\競合リサーチ\サムネ企画検索ポータル_20260605\thumbnail_assets\LnwKLSXy4HQ.jpg,206180,
vSvVPe9uhd8,人生は七色,「私が吹きます」全員に嘲笑された老警備員の天才的な神演奏が始まると大歓声に包まれ…突然倒れた世界的サックス奏者代役で名乗り出た老人の大逆転物語【感動する話】,15240,existing,E:\Data\ObsidianVault\02_Channels\シニア朗読\競合リサーチ\サムネ企画検索ポータル_20260605\thumbnail_assets\vSvVPe9uhd8.jpg,268338,
1fQQxusT7bA,感動スカっと人生録,誰も泊まらない旅館に現れた、泥だらけの老人を泊めた女将が呼んだ５５年越しの奇跡に涙が止まらない,15167,,,0,db_thumbnail_url: HTTPError
yMgTQLTqukk,人生のシナリオ,ヤクザの組長を救った極貧の22歳女子大生。翌日、見知らぬ黒い服の男たちに連れ去られて...【感動する話】,15149,existing,E:\Data\ObsidianVault\02_Channels\シニア朗読\競合リサーチ\サムネ企画検索ポータル_20260605\thumbnail_assets\yMgTQLTqukk.jpg,233588,
7lypAg0_-vU,人生ドラマ座,「そんな貧乏くさい弁当いらないんだよ！300個全部キャンセルねw」弁当屋を見下したエリート男の末路──翌日“500億円の契約破棄”で業界が凍りつく,15099,existing,E:\Data\ObsidianVault\02_Channels\シニア朗読\競合リサーチ\サムネ企画検索ポータル_20260605\thumbnail_assets\7lypAg0_-vU.jpg,248074,
Qr69dHedPrY,静かなる英雄たち,バスで理不尽に怒鳴られたおじいさん。その後、彼を助けた女性が面接に現れると...,15066,existing,E:\Data\ObsidianVault\02_Channels\シニア朗読\競合リサーチ\サムネ企画検索ポータル_20260605\thumbnail_assets\Qr69dHedPrY.jpg,250028,
xZmXrGLgsRQ,人生は100年,「出来立てだ。食ってけ」借金280万の豆腐屋が軒下の少女に差し出した一丁→数日後、黒塗りの高級車が現れて【感動する話】,15033,existing,E:\Data\ObsidianVault\02_Channels\シニア朗読\競合リサーチ\サムネ企画検索ポータル_20260605\thumbnail_assets\xZmXrGLgsRQ.jpg,140306,
cQIzR8sn17Y,人生ドラマ館,親戚をたらい回しにされる喋れない双子姉妹を赤字経営のたこ焼き屋のギャルが引き取った結果…,15030,existing,E:\Data\ObsidianVault\02_Channels\シニア朗読\競合リサーチ\サムネ企画検索ポータル_20260605\thumbnail_assets\cQIzR8sn17Y.jpg,155514,
CeqV1Ebc7lQ,静かなる英雄たち,「中国語なんて分かるはずない」掃除婦のおばあさんを笑った若手社員。だが彼女の完璧な北京語の返しに全員が凍りついた――。,15029,existing,E:\Data\ObsidianVault\02_Channels\シニア朗読\競合リサーチ\サムネ企画検索ポータル_20260605\thumbnail_assets\CeqV1Ebc7lQ.jpg,152493,
odVnm-nThEs,人生色々TV,後日、彼女に最悪なことが起きました…しかし、まさかの救世主が現れて・・・,15003,existing,E:\Data\ObsidianVault\02_Channels\シニア朗読\競合リサーチ\サムネ企画検索ポータル_20260605\thumbnail_assets\odVnm-nThEs.jpg,309167,
4tx6H_kLxUg,人生の温もり,17年前のいじめっ子が私の部下になった→「楽しかったよね」…私は一日も忘れていない【感動する話】,15000,existing,E:\Data\ObsidianVault\02_Channels\シニア朗読\競合リサーチ\サムネ企画検索ポータル_20260605\thumbnail_assets\4tx6H_kLxUg.jpg,209284,
UlDSJiI5_04,感動スカっと人生録,迷子のおばあさんを介抱し上司に罵倒された新人。翌朝、ホテルに高級車が現れ…,14983,,,0,db_thumbnail_url: HTTPError
dbdG7WyVWq4,人生の温もり,凍える夜、母のたい焼き屋台を救うため駅前に立った10歳の娘→「一個だけでも…」毎晩買う老紳士の秘密が…【感動する話】,14952,existing,E:\Data\ObsidianVault\02_Channels\シニア朗読\競合リサーチ\サムネ企画検索ポータル_20260605\thumbnail_assets\dbdG7WyVWq4.jpg,253873,
-Sax3xpgZnM,人生ドラマTV,「おじさんも迷子なの？ 」少女は大富豪に人生で大切なことを教えた。彼は母娘に救われ勇気をもらった結果...【癒される話】,14948,existing,E:\Data\ObsidianVault\02_Channels\シニア朗読\競合リサーチ\サムネ企画検索ポータル_20260605\thumbnail_assets\-Sax3xpgZnM.jpg,269106,
a62HFIpgjEE,人生の輝き,「通訳は俺がやるｗ」エリート課長に会議室を追い出された派遣社員。取引先「彼女はどこですか？」直接指名されて入室した結果…,14919,existing,E:\Data\ObsidianVault\02_Channels\シニア朗読\競合リサーチ\サムネ企画検索ポータル_20260605\thumbnail_assets\a62HFIpgjEE.jpg,230710,
C7OW2viVAjM,人生のシナリオ,世界大会で嘲笑された日本人少女。だが次の瞬間、彼女の一言でシンガポールの会場を震撼させた,14860,existing,E:\Data\ObsidianVault\02_Channels\シニア朗読\競合リサーチ\サムネ企画検索ポータル_20260605\thumbnail_assets\C7OW2viVAjM.jpg,143410,
A9Sc1_Lg7g4,静かなる英雄たち,「場違いでは？」高級相続セミナーでバカにされた老夫婦。だがゲストの投資家が老人に深々と頭を下げた瞬間、全員が凍りついた――。,14830,existing,E:\Data\ObsidianVault\02_Channels\シニア朗読\競合リサーチ\サムネ企画検索ポータル_20260605\thumbnail_assets\A9Sc1_Lg7g4.jpg,223058,
_o4JrC4ihC4,静かなる英雄たち,「何もするな」高級旅館で無視された掃除のおばあさん。だが外国人の要人が深々とお辞儀をした瞬間、全員が凍りついた――。,14828,existing,E:\Data\ObsidianVault\02_Channels\シニア朗読\競合リサーチ\サムネ企画検索ポータル_20260605\thumbnail_assets\_o4JrC4ihC4.jpg,198749,
OK5aZTwl1C4,静かなる英雄たち,高級デパートで冷たくあしらわれた農家のおばあちゃん。だが翌日、新聞を見た店長は震え上がった――。,14825,existing,E:\Data\ObsidianVault\02_Channels\シニア朗読\競合リサーチ\サムネ企画検索ポータル_20260605\thumbnail_assets\OK5aZTwl1C4.jpg,223076,
HZvaLbh5Urw,静かなる英雄たち,"""ただの庭掃除""と軽視されたおじいさん、彼が差し出したの名刺に高級ホテルの支配人が凍りついた。",14815,existing,E:\Data\ObsidianVault\02_Channels\シニア朗読\競合リサーチ\サムネ企画検索ポータル_20260605\thumbnail_assets\HZvaLbh5Urw.jpg,196811,
im31wGvQvpU,潮見組　人情列伝,母親助けるため単身ヤクザ事務所に殴り込んだ少女。組長「気に入った」翌日、母親を苦しめる関東最大のヤクザ事務所に組員総出で乗り込んだ結果【感動する話】,14747,existing,E:\Data\ObsidianVault\02_Channels\シニア朗読\競合リサーチ\サムネ企画検索ポータル_20260605\thumbnail_assets\im31wGvQvpU.jpg,300787,
hgtqC93XVz0,人生の温もり,三つ子が泣いた「世界で一番大きいオムライス」閉店寸前の小さな店で起きた奇跡【感動する話】,14713,existing,E:\Data\ObsidianVault\02_Channels\シニア朗読\競合リサーチ\サムネ企画検索ポータル_20260605\thumbnail_assets\hgtqC93XVz0.jpg,257197,
AMEUDo_GgkA,人生逆転ドラマch,「どんな親か見てみたいw」新人歓迎会で上司にバカにされる私。私「お父さん，部下が呼んでます」上司「え？」,14674,existing,E:\Data\ObsidianVault\02_Channels\シニア朗読\競合リサーチ\サムネ企画検索ポータル_20260605\thumbnail_assets\AMEUDo_GgkA.jpg,61176,
xPXiM69fiWk,人生は七色,「いいから食ってけ」無一文で表れた母娘を救った一杯のうどん。倒産寸前のボロボロのうどん屋店主と母娘が奇跡を起こすー,14655,existing,E:\Data\ObsidianVault\02_Channels\シニア朗読\競合リサーチ\サムネ企画検索ポータル_20260605\thumbnail_assets\xPXiM69fiWk.jpg,186012,
rE6iHIRpnxA,【スカッと朗読】シニアドラマ館,「もう親じゃない」と追い出された母。3日後、家も仕事も全て失った息子夫婦の末路,14648,existing,E:\Data\ObsidianVault\02_Channels\シニア朗読\競合リサーチ\サムネ企画検索ポータル_20260605\thumbnail_assets\rE6iHIRpnxA.jpg,152052,
8R4BleB6ZbY,人生の光と影 朗読館,見捨てられたお婆さんを助けた病院の実習生。翌日、明かされた正体に病院中が震撼した…,14629,,,0,db_thumbnail_url: HTTPError
MM48XEyT1U0,感動スカっと人生録,車椅子の老人を助け3分遅刻→左遷された28歳OL。数日後、会社の前に黒塗りの車が…,14615,,,0,db_thumbnail_url: HTTPError
AUbR0xOT_Oo,面白きかな人生,「ジジイの退職金10円なｗ」嘲笑う社長…後日、68歳の男が取引先の契約額3倍に変更して辞めた【面白きかな人生】,14574,existing,E:\Data\ObsidianVault\02_Channels\シニア朗読\競合リサーチ\サムネ企画検索ポータル_20260605\thumbnail_assets\AUbR0xOT_Oo.jpg,199119,
jDOF23U1n7w,人生逆転ドラマch,親のせいでブス女と政略結婚させられる俺，2人きりになった途端，ブス女「実は私…」,14561,existing,E:\Data\ObsidianVault\02_Channels\シニア朗読\競合リサーチ\サムネ企画検索ポータル_20260605\thumbnail_assets\jDOF23U1n7w.jpg,221747,
8_EGzDLRgrg,人生ドラマ座,「中卒くん、英語で何かしゃべってみろよw」エリート部長に見下された若手契約社員。海外VIPの前で話した一言で会議室全体が凍りつく,14544,existing,E:\Data\ObsidianVault\02_Channels\シニア朗読\競合リサーチ\サムネ企画検索ポータル_20260605\thumbnail_assets\8_EGzDLRgrg.jpg,236598,
cziYpYFzJOw,人生はバラ色,「田舎臭くてウチには合わないよw」 方言丸出しの就活生を嘲笑し門前払いした敏腕面接官 面接直後、社長から電話「娘の面接どうだった？」,14517,existing,E:\Data\ObsidianVault\02_Channels\シニア朗読\競合リサーチ\サムネ企画検索ポータル_20260605\thumbnail_assets\cziYpYFzJOw.jpg,173188,
Viy5PQ6JrVc,静かなる英雄たち,「引っ込んでろ！」研修医に罵倒された掃除のおじいさん。だが3時間後、彼らが全患者を救うとーー。,14511,existing,E:\Data\ObsidianVault\02_Channels\シニア朗読\競合リサーチ\サムネ企画検索ポータル_20260605\thumbnail_assets\Viy5PQ6JrVc.jpg,200008,
n-RJKXrkkc4,人生劇場放送局,【スカッと】「人生の敗北者w」同窓会で嘲笑する支店長。直後、清掃員が出した１枚の名刺に震え上がる。【シニア】,14480,existing,E:\Data\ObsidianVault\02_Channels\シニア朗読\競合リサーチ\サムネ企画検索ポータル_20260605\thumbnail_assets\n-RJKXrkkc4.jpg,219028,
lQB_FJ-z_Ks,人生は100年,父が経営する床屋にボサボサ頭の少女が来店「100円で可愛くしてほしい…」→父「いいよ。おいで」カット後に少女の自宅までついて行くとまさかの展開に…【感動する話】,14447,existing,E:\Data\ObsidianVault\02_Channels\シニア朗読\競合リサーチ\サムネ企画検索ポータル_20260605\thumbnail_assets\lQB_FJ-z_Ks.jpg,209298,
-AGqFbgsUJc,人生逆転ドラマch,｢こいつ臭くない？w｣教室でゲラゲラ笑われる女子高生。その後，現れたスーツの男の一言に全員が真っ青に…,14414,existing,E:\Data\ObsidianVault\02_Channels\シニア朗読\競合リサーチ\サムネ企画検索ポータル_20260605\thumbnail_assets\-AGqFbgsUJc.jpg,62823,
501WHbhrXyA,人生のドラマTV,「これを直すだけでご飯をくれるのかい？」全員に嘲笑されたホームレスの老婆が、誰も直せなかったベンツを5分で直した結果...,14413,existing,E:\Data\ObsidianVault\02_Channels\シニア朗読\競合リサーチ\サムネ企画検索ポータル_20260605\thumbnail_assets\501WHbhrXyA.jpg,279386,
XARum5H2-VM,人生の光と影 朗読館,近所の海で溺れる子を救った貧乏OL。数日後、助けた子の父親の“正体”に全員が震えた...,14396,,,0,db_thumbnail_url: HTTPError
9olujGORdog,人生色々TV,家出して一文無のずぶ濡れ老婆に大将が寿司と汁をご馳走したら…廃業寸前の店が異常事態に・・・,14327,,,0,db_thumbnail_url: HTTPError
yPh8qr8nD6c,人生逆転ドラマch,美女同級生の家に偶然配達に行ったバイトの俺，異変に気づき自分の家に連れて帰った結果…,14244,existing,E:\Data\ObsidianVault\02_Channels\シニア朗読\競合リサーチ\サムネ企画検索ポータル_20260605\thumbnail_assets\yPh8qr8nD6c.jpg,84308,
kyZuvB41DdY,人生劇場放送局,【スカッと】「たった1000円！ボケてます？」嘲笑した銀行員。「後悔しないでくださいね」1000億解約した結果...【シニア】【総集編】,14220,existing,E:\Data\ObsidianVault\02_Channels\シニア朗読\競合リサーチ\サムネ企画検索ポータル_20260605\thumbnail_assets\kyZuvB41DdY.jpg,158204,
XgtrrMVZC5g,愛しき人の人生日記,「あ、お姉ちゃんだ！」少女を助け面接に遅刻した貧乏就活生…不採用になった翌日､電話がかかってきて…,14205,,,0,db_thumbnail_url: HTTPError
LSA1k5jYQUs,人生逆転ドラマch,昔俺を救ってくれた学校一の美女同級生。10年後，社食で怒鳴られる彼女と再会した結果…,14201,existing,E:\Data\ObsidianVault\02_Channels\シニア朗読\競合リサーチ\サムネ企画検索ポータル_20260605\thumbnail_assets\LSA1k5jYQUs.jpg,82899,
pmfkiIaghow,感動スカっと人生録,100社全滅の32歳.職歴無し、面接直前に全財産1000円が消えた瞬間,14197,,,0,db_thumbnail_url: HTTPError
v6nEgnPSYeo,感動スカっと人生録,迎車30分遅刻で客が激怒。解雇を覚悟した女性タクシー運転手の前に、黒塗りの車が…,14155,,,0,db_thumbnail_url: HTTPError
PW5RfZACCFk,人生はバラ色,「お前みたいなギャルが解約？ご勝手にどうぞw」 病気の祖母の為、預金を下ろすギャルを見下すエリート銀行員。 直後、8000億円出金で銀行が大混乱に…,14154,existing,E:\Data\ObsidianVault\02_Channels\シニア朗読\競合リサーチ\サムネ企画検索ポータル_20260605\thumbnail_assets\PW5RfZACCFk.jpg,215356,
1nk5pPTHt2Y,人生色々TV,「温かいうちに」浮浪者へ自腹でコーヒーを渡したバイト…翌日、店長が激怒でクビになると・・・,14142,,,0,db_thumbnail_url: HTTPError
A6lHnmSI9Cg,静かなる英雄たち,「汚い手で触るな」高級パン屋を追い出された掃除係のおばあさん。だが閉店寸前のパン屋で震える手が生地に触れた瞬間、全員が言葉を失った――。,14126,existing,E:\Data\ObsidianVault\02_Channels\シニア朗読\競合リサーチ\サムネ企画検索ポータル_20260605\thumbnail_assets\A6lHnmSI9Cg.jpg,193851,
UbHNQ1DxRNQ,人生の光と影 朗読館,倒れたお爺さんを助けて面接を逃した貧乏就活生。翌日、会社からの電話で“あの声”が聞こえてきて…,14103,,,0,db_thumbnail_url: HTTPError
mDD8cZCEHiI,面白きかな人生,「こんな残飯食えるか！」と罵倒された社食のおばあさん。翌朝、年商300億の筆頭株主と分かり取締役全員青ざめた【面白きかな人生】,14066,,,0,db_thumbnail_url: HTTPError
Tts-235wRiY,人生の輝き,会社から解雇されたOLが横断歩道で倒れている妊婦を助けた翌日、勤めていた会社が倒産していた…,14031,,,0,db_thumbnail_url: HTTPError
sWCJdpi8WQM,面白きかな人生,「お前の名前なんかで通らんし俺が出しといたｗ」と渾身の企画を奪われた新人OL。翌朝、50社から指名殺到！助けた相手の正体に上司蒼白【面白きかな人生】,14030,existing,E:\Data\ObsidianVault\02_Channels\シニア朗読\競合リサーチ\サムネ企画検索ポータル_20260605\thumbnail_assets\sWCJdpi8WQM.jpg,206771,
lbHL1pJHFuE,人生のドラマTV,「26歳差の恋愛なんて財産目的に決まってる」大富豪の私は、息子の彼女の本性を暴くため、アルバイトに変装しました。,14016,existing,E:\Data\ObsidianVault\02_Channels\シニア朗読\競合リサーチ\サムネ企画検索ポータル_20260605\thumbnail_assets\lbHL1pJHFuE.jpg,213917,
xdpK9OT72eY,人生逆転ドラマシアター,高級店で鼻で笑った若手銀行員が気づいた“老兵の本気”――7000億円の報復劇,13989,,,0,db_thumbnail_url: HTTPError
H61_xzCZWdY,人生ドラマ館,授業参観でボロ服清掃員の父を見てゲラゲラ笑う保護者たち。父｢10億の支援はやめます｣保護者｢え？！…｣,13985,,,0,db_thumbnail_url: HTTPError
ljj-Yr67fws,人生の輝き,「名前も知らない大学とか通う意味ないｗ」一流企業の最終面接で、ドイツ語の超難問を出す早稲田大卒のエリート面接官。後日、男性「孫が世話になったな…」面接官「嘘…」,13952,existing,E:\Data\ObsidianVault\02_Channels\シニア朗読\競合リサーチ\サムネ企画検索ポータル_20260605\thumbnail_assets\ljj-Yr67fws.jpg,209188,
HAk65zf333w,人生はバラ色,「私の父は頭取よ？あなたは？w」エリート銀行員に見下された女性清掃員「父はこの銀行の…」支店が閉鎖に…,13950,existing,E:\Data\ObsidianVault\02_Channels\シニア朗読\競合リサーチ\サムネ企画検索ポータル_20260605\thumbnail_assets\HAk65zf333w.jpg,195228,
ajHNBp_rFxs,人生ドラマ座,実は営業1位の実力者と知らずに見下された派遣社員がクビに。翌日、会社が倒産危機に,13884,existing,E:\Data\ObsidianVault\02_Channels\シニア朗読\競合リサーチ\サムネ企画検索ポータル_20260605\thumbnail_assets\ajHNBp_rFxs.jpg,225049,
v_-UK30q6ZA,人生逆転ストーリー,銀行で5時間放置された老人→翌日、10秒ごとに1億ずつがライバル銀行に振り込まれ…支店長土下座！,13872,,,0,db_thumbnail_url: HTTPError
QpqzhwQRl58,感動スカっと人生録,「通訳なんてAIで十分」と切り捨てた部長——二百億の商談が止まった瞬間、『外された彼女』が現れた,13860,existing,E:\Data\ObsidianVault\02_Channels\シニア朗読\競合リサーチ\サムネ企画検索ポータル_20260605\thumbnail_assets\QpqzhwQRl58.jpg,222100,
hNbpdD9hZy8,人生の光と影 朗読館,交通事故の老婦人を救うため学費を差し出した医学生。後日、面接室で現れた人物を見て固まる…,13826,,,0,db_thumbnail_url: HTTPError
V9WaqmChceo,人生のギフト,「捨てるなら…ください」廃棄処分のお弁当を見つめるボロ服の少女 →店長がたらふくご飯をご馳走した結果【感動する話】,13809,existing,E:\Data\ObsidianVault\02_Channels\シニア朗読\競合リサーチ\サムネ企画検索ポータル_20260605\thumbnail_assets\V9WaqmChceo.jpg,205289,
qqc7byaHmZI,人生のドラマTV,アメリカ人教師が日本人の少女を恥ずかしめるため演奏会出場を命じた。しかし、少女のトランペットの音色が全米を震撼させることとなる...。,13754,existing,E:\Data\ObsidianVault\02_Channels\シニア朗読\競合リサーチ\サムネ企画検索ポータル_20260605\thumbnail_assets\qqc7byaHmZI.jpg,201914,
EedrgDAQ8TI,潮見組　人情列伝,破水した妊婦を搬送する救急車を妨害する改造車。絶体絶命のピンチに特攻服を纏ったバイク軍団が集結し…【感動する話】,13714,existing,E:\Data\ObsidianVault\02_Channels\シニア朗読\競合リサーチ\サムネ企画検索ポータル_20260605\thumbnail_assets\EedrgDAQ8TI.jpg,354823,
fd5e1ysWE8o,感動スカっと人生録,初出勤5分遅刻で即クビになった「施設育ちの新人」──翌日、その上司は言葉を失った,13696,,,0,db_thumbnail_url: HTTPError
1ua-OtKhGPU,感動スカっと人生録,"大雨で部長を救出→翌日『邪魔だった』と全員の前で嘘つかれクビになったOL,3か月後の衝撃",13691,,,0,db_thumbnail_url: HTTPError
gQfdINnAaZc,面白きかな人生,「無能OLはクビだ！」二代目社長に追い出されたOL。翌朝、全社員退職で40億損失に社長蒼白【面白きかな人生】,13678,existing,E:\Data\ObsidianVault\02_Channels\シニア朗読\競合リサーチ\サムネ企画検索ポータル_20260605\thumbnail_assets\gQfdINnAaZc.jpg,200306,
faiYmsE6lvA,人生劇場放送局,【スカッと】銀行幹部達に侮辱された清掃員の妻、頭取「俺の妻に何をした！」→5分後、幹部たちは阿鼻叫喚し人生終了【シニア】,13675,existing,E:\Data\ObsidianVault\02_Channels\シニア朗読\競合リサーチ\サムネ企画検索ポータル_20260605\thumbnail_assets\faiYmsE6lvA.jpg,154719,
gs09npN97iY,人生の輝き,「止まってください！」交差点で動けなくなっているお婆さんを助けて受験に間に合わなかった女子高生。翌朝、少女のスマホに１本の着信が…,13660,,,0,db_thumbnail_url: HTTPError
Ifcm2QoULqo,人生はバラ色,「お前いる意味ないし早く辞めたら？w」次期社長候補の上司から罵倒された派遣OL→「じゃあ辞めます」お望み通り辞めた結果…,13651,existing,E:\Data\ObsidianVault\02_Channels\シニア朗読\競合リサーチ\サムネ企画検索ポータル_20260605\thumbnail_assets\Ifcm2QoULqo.jpg,187605,
MkmuTKI3dVw,人生はバラ色,「30兆円？頭おかしいのｗ」田舎から来た女性清掃員を嘘つき扱いし追い返したエリート銀行員→翌日、全額出金で銀行が倒産w,13635,existing,E:\Data\ObsidianVault\02_Channels\シニア朗読\競合リサーチ\サムネ企画検索ポータル_20260605\thumbnail_assets\MkmuTKI3dVw.jpg,212128,
KeYcAUr8N8o,お茶の間TV 〈スカッと感動〉,「貧乏くさい店は潰れろ」300食キャンセルで店主を嘲笑う男。その常連客は伝説のヤクザ組長だと知らず地獄絵図に..【スカッとする話】,13624,existing,E:\Data\ObsidianVault\02_Channels\シニア朗読\競合リサーチ\サムネ企画検索ポータル_20260605\thumbnail_assets\KeYcAUr8N8o.jpg,164828,
xODimRgVpLo,面白きかな人生,「あの子だけ浮いてない？」内定者の中で異質だった女性が「見てて恥ずかしいんだけど」と蔑まされた→翌朝、会社の全採用データが…！【面白きかな人生】,13586,existing,E:\Data\ObsidianVault\02_Channels\シニア朗読\競合リサーチ\サムネ企画検索ポータル_20260605\thumbnail_assets\xODimRgVpLo.jpg,289722,
dBvOfysbvmE,人生の温もり,「お父さんのおにぎり、もう要らない」娘はそう言って消えた→15年後、双子の孫娘が持ってきた手紙に書かれていた本当の意味とは【感動する話】,13527,existing,E:\Data\ObsidianVault\02_Channels\シニア朗読\競合リサーチ\サムネ企画検索ポータル_20260605\thumbnail_assets\dBvOfysbvmE.jpg,242209,
yt1uWuvgokQ,感動スカっと人生録,妊婦を助けて面接に遅刻した貧乏就活生。『古臭い正義感』と面接官に罵倒された結果…,13519,,,0,db_thumbnail_url: HTTPError
R--no6Ch8Ec,人生のヒカリ,電車事故から年配男性を助けた家なし親なしの超貧乏17歳女子高生。次の日、黒塗りの高級車が現れて...【スカッと朗読】,13518,existing,E:\Data\ObsidianVault\02_Channels\シニア朗読\競合リサーチ\サムネ企画検索ポータル_20260605\thumbnail_assets\R--no6Ch8Ec.jpg,151305,
MZfsw_YhYu0,人生は100年,ボロボロの汚いホームレスを助けた女の子→20年後、借金に困っているとヤクザのおじさんが現れて…【感動する話】,13515,existing,E:\Data\ObsidianVault\02_Channels\シニア朗読\競合リサーチ\サムネ企画検索ポータル_20260605\thumbnail_assets\MZfsw_YhYu0.jpg,136876,
3mURL03o4-E,人生逆転ドラマch,「英語で言ってみw」同僚に無茶ぶりされる中卒の彼女。たったひと言で全員が凍りついた...,13481,existing,E:\Data\ObsidianVault\02_Channels\シニア朗読\競合リサーチ\サムネ企画検索ポータル_20260605\thumbnail_assets\3mURL03o4-E.jpg,64943,
Aab5tDI5T3I,感動スカっと人生録,「こんなボロい店の弁当、キャンセルね」見下された女性…翌日、100億の契約破棄に男は言葉を失った,13473,,,0,db_thumbnail_url: HTTPError
H60fRTc-IyQ,仁義と人生の部屋,少年をイジメから助けたヤクザ。彼の名前を聞いた時、まさかの事実が発覚→２週間後、少年の自宅に20台の高級車が...【感動する話】,13472,,,0,db_thumbnail_url: HTTPError
PjNux0BS2N8,静かなる英雄たち,「早くしろよ」高級ホテルで見下された売店のおばあさん。だがその5時間後、「企画は白紙で」創立イベントの壇上に彼女が現れるとーー。,13458,existing,E:\Data\ObsidianVault\02_Channels\シニア朗読\競合リサーチ\サムネ企画検索ポータル_20260605\thumbnail_assets\PjNux0BS2N8.jpg,204516,
fb1qe4trSk4,静かなる英雄たち,「邪魔だ、触るな」大手ディーラーで蔑まれた洗車係のおじいさん。誰も直せず絶望した瞬間「15分だけ、時間をくれ」老人が静かに言うとーー。,13427,existing,E:\Data\ObsidianVault\02_Channels\シニア朗読\競合リサーチ\サムネ企画検索ポータル_20260605\thumbnail_assets\fb1qe4trSk4.jpg,201450,
RMWzsOdYgkE,人生ドラマ館,「貧乏人が高級品に触らないで」高級百貨店で女子高生を軽蔑した店員…翌朝、百貨店の社長が店に来て明かされた正体に泣いて謝罪することに…,13406,,,0,db_thumbnail_url: HTTPError
zNeohGQJZ2Y,人生劇場放送局,【スカッと】「偉そうに社食を使うな！」社長に罵倒された作業服の女性「私、労基の人間ですが」→社長「え？」【シニア】,13406,existing,E:\Data\ObsidianVault\02_Channels\シニア朗読\競合リサーチ\サムネ企画検索ポータル_20260605\thumbnail_assets\zNeohGQJZ2Y.jpg,209760,
BjtA1xCiJ7I,人生のギフト,赤字まみれで差し押さえられる定食屋の店主ー財布を盗まれた耳が聞こえない少年に無料で定食を振る舞った結果…【感動する話】,13370,existing,E:\Data\ObsidianVault\02_Channels\シニア朗読\競合リサーチ\サムネ企画検索ポータル_20260605\thumbnail_assets\BjtA1xCiJ7I.jpg,252204,
Yra_dIyi3zs,人生逆転ストーリー,「私のパパは専務よ？」嘱託を見下した娘が68歳社員を切った結果、会社が崩壊寸前に…。「今すぐ彼を連れ戻せ！」帰国した社長の一喝で専務親子が顔面蒼白！,13314,,,0,db_thumbnail_url: HTTPError
nIsvqlBYZo4,静かなる英雄たち,美術品オークション会場で笑われた老夫婦。閉会後、屋外に停まっていた3台のリムジンに全員が絶句――。,13312,existing,E:\Data\ObsidianVault\02_Channels\シニア朗読\競合リサーチ\サムネ企画検索ポータル_20260605\thumbnail_assets\nIsvqlBYZo4.jpg,216877,
J1wdnLQ0tk0,人生はバラ色,「親がバカだから派遣してんだろw」東大卒社長に侮辱された女性派遣社員。「話しますか？」とスマホで呼び出した結果、社内が地獄絵図に…,13267,existing,E:\Data\ObsidianVault\02_Channels\シニア朗読\競合リサーチ\サムネ企画検索ポータル_20260605\thumbnail_assets\J1wdnLQ0tk0.jpg,214490,
iCuVLhyksm4,人生逆転ドラマシアター,軽トラックで来店したおじいさんを追い出した輸入高級車ディーラーの店長。翌日本国CEOから連絡があり⋯,13265,,,0,db_thumbnail_url: HTTPError
I6HCB-xFvuI,人生の輝き,「俺の父親は社長だぞ？悔しいなら創業者でも呼んでみろよｗ」とコネ社員に見下された清掃員の女性。女性「…わかりました。」即電話をかけた結果…,13256,existing,E:\Data\ObsidianVault\02_Channels\シニア朗読\競合リサーチ\サムネ企画検索ポータル_20260605\thumbnail_assets\I6HCB-xFvuI.jpg,222936,
2Dh0ail3Afo,人生スカッと物語,「葬式ごときで有給取るな！」部長に侮辱された新人OL。「…わかりました」→辞表を出すと翌日、会社中が凍りついた…,13243,existing,E:\Data\ObsidianVault\02_Channels\シニア朗読\競合リサーチ\サムネ企画検索ポータル_20260605\thumbnail_assets\2Dh0ail3Afo.jpg,219252,
xPuu267Opqc,人生ドラマTV,【生き別れ】路地裏の屋台に通う謎の老人…60年間探し続けた妹がそこにいた,13235,existing,E:\Data\ObsidianVault\02_Channels\シニア朗読\競合リサーチ\サムネ企画検索ポータル_20260605\thumbnail_assets\xPuu267Opqc.jpg,223136,
EBJ2te4iHRc,人生のギフト,「2日間何も食べていなくて…」事故で車いすになり、職を失った母がお弁当屋に現れ→住み込みで雇った結果【感動する話】,13208,existing,E:\Data\ObsidianVault\02_Channels\シニア朗読\競合リサーチ\サムネ企画検索ポータル_20260605\thumbnail_assets\EBJ2te4iHRc.jpg,247373,
AIV_5ZdMZfU,面白きかな人生,「父親がフリーターってｗ」授業参観でゲラゲラ笑う保護者達。父「ではあなたのタワマン潰します」保護者「え？」【面白きかな人生】,13175,existing,E:\Data\ObsidianVault\02_Channels\シニア朗読\競合リサーチ\サムネ企画検索ポータル_20260605\thumbnail_assets\AIV_5ZdMZfU.jpg,228874,
Icf46jEbqu0,静かなる英雄たち,「臭いから出ていけ」ファーストクラスで隣の青年実業家に侮辱されたおじいさん。だが着陸して2時間後、青年が凍りついた理由とはーー。,13148,existing,E:\Data\ObsidianVault\02_Channels\シニア朗読\競合リサーチ\サムネ企画検索ポータル_20260605\thumbnail_assets\Icf46jEbqu0.jpg,208688,
IR9UVtGrrfw,人生の光と影 朗読館,道端で倒れたお婆さんを助けた貧乏な就活女子大生。翌日、一流企業の面接に遅刻してしまった結果...,13119,,,0,db_thumbnail_url: HTTPError
N9olt6YrwPM,感動スカっと人生録,歩道橋で子供を助け商談に遅刻した派遣社員、罵倒され契約終了―数日後、電話が鳴り止まず…,13079,,,0,db_thumbnail_url: HTTPError
xdO9KCTKOsU,人生は七色,「おじちゃん、弾いてみて」駅のピアノを毎日見つめるホームレス老人が、７歳の少年に頼まれ震える指で弾き始めた次の瞬間、駅にいた全員が涙した理由とは…,13069,existing,E:\Data\ObsidianVault\02_Channels\シニア朗読\競合リサーチ\サムネ企画検索ポータル_20260605\thumbnail_assets\xdO9KCTKOsU.jpg,334895,
HGtycvoHwv0,人生のヒカリ,「助けてください！ひったくりだ！」お金を盗まれたお爺さんに1000円を渡した女子高生。翌日彼女が姿を消し...,13037,existing,E:\Data\ObsidianVault\02_Channels\シニア朗読\競合リサーチ\サムネ企画検索ポータル_20260605\thumbnail_assets\HGtycvoHwv0.jpg,160686,
H-iN56-JKfM,人生ドラマTV,学年ビリの貧乏高校生が、余命１年の塾講師に出会い...東京大学に合格！しかし合格発表２日前、講師は意識不明となった。彼女の想いが奇跡を起こす感動物語【ビリギャル東大】,13019,existing,E:\Data\ObsidianVault\02_Channels\シニア朗読\競合リサーチ\サムネ企画検索ポータル_20260605\thumbnail_assets\H-iN56-JKfM.jpg,272827,
7oL84ZF-5Tc,人生はバラ色,「こんな汚い店で新年会？全部キャンセルでww」老舗料亭を侮辱した銀行員──翌日銀行に電話「1000億円契約破棄で」支店が閉鎖に…,13008,existing,E:\Data\ObsidianVault\02_Channels\シニア朗読\競合リサーチ\サムネ企画検索ポータル_20260605\thumbnail_assets\7oL84ZF-5Tc.jpg,189656,
yGIRUgbSsS4,人生色々TV,彼女の家庭が最悪の事態へ…人生に絶望しかけたその時、突如高級車が現れて降りてきたのが・・・,12970,,,0,db_thumbnail_url: HTTPError
gL5BEBWGwMY,心に響く人生ドラマ日誌,「クビです」給食の残りを児童に分けた新人教師を即日解雇した校長…数日後に訪れた黒塗りの車に青ざめる,12957,existing,E:\Data\ObsidianVault\02_Channels\シニア朗読\競合リサーチ\サムネ企画検索ポータル_20260605\thumbnail_assets\gL5BEBWGwMY.jpg,145137,
Lu3qqzfLEzc,人生のヒカリ,「ここ、座っていいですか」ボロボロの義足少女にシングルの父が返事したら彼女を涙させた【感動する話】,12917,existing,E:\Data\ObsidianVault\02_Channels\シニア朗読\競合リサーチ\サムネ企画検索ポータル_20260605\thumbnail_assets\Lu3qqzfLEzc.jpg,232911,
1ouVHAfaJfs,人生は100年,土砂降りの雨の中ぐったりしているお爺さんに全財産1680円を渡した貧乏女子高生。次の日、学校の前に黒塗りの高級車が現れて...【感動する話】,12916,existing,E:\Data\ObsidianVault\02_Channels\シニア朗読\競合リサーチ\サムネ企画検索ポータル_20260605\thumbnail_assets\1ouVHAfaJfs.jpg,176572,
mNmqr7CWKbc,人生スカッと物語,財布を忘れたお婆さんに電車代250円を払った貧乏学生。翌日、アパートの前に黒塗りの高級車が現れて・・・,12886,,,0,db_thumbnail_url: HTTPError
9LlMp0HuDic,人生の輝き,熱中症で倒れた老人を助け、仕事に遅刻した女性。「この会社にお前は必要ない！」社長に解雇され途方に暮れていると…老人「どうしたんですか？」女性「実は…」→翌週、1兆円の融資が白紙になり,12837,existing,E:\Data\ObsidianVault\02_Channels\シニア朗読\競合リサーチ\サムネ企画検索ポータル_20260605\thumbnail_assets\9LlMp0HuDic.jpg,228801,
gTTSBLHK2kM,人生のヒカリ,深夜、倒れたお婆さんを助けた貧乏女性警備員。後日、職場に世界の黒塗り高級車ロールスロイスが列をなして現れ...,12800,existing,E:\Data\ObsidianVault\02_Channels\シニア朗読\競合リサーチ\サムネ企画検索ポータル_20260605\thumbnail_assets\gTTSBLHK2kM.jpg,137251,
H1cbcC0Z90Y,人生の光と影 朗読館,大きな荷物のお爺さんを助けて会議に遅刻した新人OL―。叱責された翌朝、会社の前に黒塗りの車が並び…,12790,,,0,db_thumbnail_url: HTTPError
OUdYIESkVeU,人生は七色,「空気」と呼ばれた孤独な新人キャバ嬢の運命は、老人を救った事で思わぬ方向に動き出す,12787,existing,E:\Data\ObsidianVault\02_Channels\シニア朗読\競合リサーチ\サムネ企画検索ポータル_20260605\thumbnail_assets\OUdYIESkVeU.jpg,200863,
bv8y2bTQmlA,人生のシナリオ,借金で潰れる寿司屋がホームレス母娘に寿司を握った→1週間後、漆黒の高級車が店の前に止まり..【感動する話】,12750,existing,E:\Data\ObsidianVault\02_Channels\シニア朗読\競合リサーチ\サムネ企画検索ポータル_20260605\thumbnail_assets\bv8y2bTQmlA.jpg,227819,
xYZ9GxyiwnE,静かなる英雄たち,「邪魔するな」外資系企業で嘲笑された掃除のおじいさん。だが翌日、彼が株主総会で同時通訳をするとーー。,12738,existing,E:\Data\ObsidianVault\02_Channels\シニア朗読\競合リサーチ\サムネ企画検索ポータル_20260605\thumbnail_assets\xYZ9GxyiwnE.jpg,212096,
_ZsYofJqQjI,人生は100年,交通事故で亡くなった父から継いだ弁当屋が廃業寸前→雨の日にずぶ濡れのホームレスに売れ残りのお弁当を温めて渡したら、まさかの展開に…【感動する話】,12660,existing,E:\Data\ObsidianVault\02_Channels\シニア朗読\競合リサーチ\サムネ企画検索ポータル_20260605\thumbnail_assets\_ZsYofJqQjI.jpg,206531,
5EY5FvgOqbI,感動スカっと人生録,川で溺れた子供を助けた貧乏女子大生ーびしょ濡れのまま最終面接に現れた結果..,12636,,,0,db_thumbnail_url: HTTPError
UWXIr0QC8yw,愛しき人の人生日記,私の正体を知らずに恵方巻き180本をドタキャンした大企業の部長。翌日、仕出屋の女性店主の正体に凍りつく…,12617,,,0,db_thumbnail_url: HTTPError
uc1iAWbpFrU,【スカッと朗読】シニアドラマ館,【スカッと】無断バーベキューで火事を起こした息子夫婦が、名義を知って凍りついた理由【シニアライフ】【60代以上の方へ】,12606,existing,E:\Data\ObsidianVault\02_Channels\シニア朗読\競合リサーチ\サムネ企画検索ポータル_20260605\thumbnail_assets\uc1iAWbpFrU.jpg,184517,
7pPcJSBiLdw,人生ドラマ館,高級寿司店でボスママに侮辱されたシングルファーザー　5分後、１本の電話で駆け付けた人物に店内が凍り付く…,12577,,,0,db_thumbnail_url: HTTPError
5GDQ5r5PPzU,感動スカっと人生録,「一階なんて底辺ね⁉」ボスママに見下された瞬間、歓迎パ―ディーに現れた男に全員が凍り付いた,12520,,,0,db_thumbnail_url: HTTPError
kw-YCqdquUo,人生ドラマ館,「100円で髪切ってください」貧乏少年の髪をカットしたギャル美容師。翌日、店に警察が現れて…,12502,existing,E:\Data\ObsidianVault\02_Channels\シニア朗読\競合リサーチ\サムネ企画検索ポータル_20260605\thumbnail_assets\kw-YCqdquUo.jpg,218718,
LUneTsKmWG4,人生は七色,「俺は夢を見てるのか？」娘の命日にピアノを弾いた訳ありヤクザ…彼が目にした驚愕の光景とは？【感動ストーリー】,12455,existing,E:\Data\ObsidianVault\02_Channels\シニア朗読\競合リサーチ\サムネ企画検索ポータル_20260605\thumbnail_assets\LUneTsKmWG4.jpg,177553,
WrCFXcr6Jpc,静かなる英雄たち,「もう役に立たない」と言われた図書館司書、外国人作家の訪問で全員が言葉を失う...。,12414,existing,E:\Data\ObsidianVault\02_Channels\シニア朗読\競合リサーチ\サムネ企画検索ポータル_20260605\thumbnail_assets\WrCFXcr6Jpc.jpg,207095,
5ulCrwP8cB8,静かなる英雄たち,「邪魔なんだよ」廃業寸前のケータリング会社で蔑まれた掃除のおばあさん。だがスタッフ全員が逃げた300人の宴会に、おばあさんが現れると——。,12409,existing,E:\Data\ObsidianVault\02_Channels\シニア朗読\競合リサーチ\サムネ企画検索ポータル_20260605\thumbnail_assets\5ulCrwP8cB8.jpg,200456,
CjnOaKFmaIA,静かなる英雄たち,「時代遅れですよ」不動産会社で嘲笑されたおじいさん。解雇通知の次の日、社長が頭を下げて助けを求めた理由とは――。,12403,existing,E:\Data\ObsidianVault\02_Channels\シニア朗読\競合リサーチ\サムネ企画検索ポータル_20260605\thumbnail_assets\CjnOaKFmaIA.jpg,203662,
DqDhB0rIiEI,人生の光と影 朗読館,雪道で老夫婦を助け“遅刻”した17歳の少女。翌日、理不尽に解雇されるが…,12392,,,0,db_thumbnail_url: HTTPError
p8FRjfvOrJ4,人生逆転ストーリー,高級ホテルの支配人に罵倒された清掃員のおばあさん──翌朝、本社からの一本の電話で全てが覆った理由とは,12389,,,0,db_thumbnail_url: HTTPError
3mPe4U0NGJw,人生の輝き,「ジャージなんて場違い」と嘲笑された祖父は世界的な◯◯だった──。運動会で見せた神の手に全員震える…,12378,,,0,db_thumbnail_url: HTTPError
a8sVWM0DY8M,人生の光と影 朗読館,廃業寸前の旅館にお爺いさんを泊めてあげた女将。翌朝、入った一本の予約電話の内容に涙が止まらない…,12376,,,0,db_thumbnail_url: HTTPError
9tzMG7mPKpQ,人生劇場放送局,【スカッと】「無能の新人は来なくていいw」重要会談で置き去りにされた研究員。取引先社長「御社とは契約終了で」→部長「は？」【シニア】,12355,existing,E:\Data\ObsidianVault\02_Channels\シニア朗読\競合リサーチ\サムネ企画検索ポータル_20260605\thumbnail_assets\9tzMG7mPKpQ.jpg,266144,
YkmSzFnzJxc,人生は七色,「子供に近づくな！」遊具の前に立っていたホームレスは人々に罵倒された。しかし老人が見せた技術で奇跡が起こる,12338,existing,E:\Data\ObsidianVault\02_Channels\シニア朗読\競合リサーチ\サムネ企画検索ポータル_20260605\thumbnail_assets\YkmSzFnzJxc.jpg,241941,
zGBF60CszOM,人生の輝き,「預金なんてたかが数万円だろ？」と高級寿司店でエリートサラリーマンに嘲笑された老人。翌朝、会社に１本の電話が入り、彼らは顔面蒼白に…,12311,,,0,db_thumbnail_url: HTTPError
0G-8bmPqCro,心に響く人生ドラマ日誌,「親の顔が見てみたいわw」取引先の部長に侮辱された新入社員 しかし10分後、会議室の全員が顔面蒼白,12291,existing,E:\Data\ObsidianVault\02_Channels\シニア朗読\競合リサーチ\サムネ企画検索ポータル_20260605\thumbnail_assets\0G-8bmPqCro.jpg,143094,
IICIeDga79k,人生ドラマ館,コンビニで財布を無くし会計できずに泣いていた外国人に女子高生ギャルが「大丈夫ですか？」→全額奢って家まで連れ帰った結果…,12281,existing,E:\Data\ObsidianVault\02_Channels\シニア朗読\競合リサーチ\サムネ企画検索ポータル_20260605\thumbnail_assets\IICIeDga79k.jpg,141328,
ReZovG2v1TM,潮見組　人情列伝,路地裏で倒れるヤクザを守る5歳の少女「おじさんをいじめないで！」命がけの行動が人生を180度変えることに…【感動する話】,12239,existing,E:\Data\ObsidianVault\02_Channels\シニア朗読\競合リサーチ\サムネ企画検索ポータル_20260605\thumbnail_assets\ReZovG2v1TM.jpg,318633,
F7nzNuaJwbM,人生ドラマ館,「お前に迎えなんて来るわけねぇだろw」バスに置き去りにされた地味な転校　30分後、VIPとしていじめっ子の前に現れ…,12236,,,0,db_thumbnail_url: HTTPError
sd8bndgtddo,人生の光と影 朗読館,高級レストランで蔑まれたお爺さんを助けたシングルマザー。翌日、レストランの前に黒塗りの高級車が現れ…,12171,,,0,db_thumbnail_url: HTTPError
INnk1ys6NEM,人生逆転ストーリー,「明日から来なくていいよ」新人の作り話を信じた部長に解雇された嘱託の老人→翌週“会社が持たない！”社長が震えながら土下座した理由とは,12124,,,0,db_thumbnail_url: HTTPError
QnDRMwcZjiA,人生ドラマ座,「子会社？負け組の集まりだろw」銀行員の同期に侮辱された女性。「気が済んだ？」→翌日、彼の銀行から500億円が消えて…,12106,existing,E:\Data\ObsidianVault\02_Channels\シニア朗読\競合リサーチ\サムネ企画検索ポータル_20260605\thumbnail_assets\QnDRMwcZjiA.jpg,239336,
TgcH9cWdxPk,人生逆転ドラマシアター,【教訓】お見合いの席で人を見下したその先で気づく「本当に大切なもの」,12062,existing,E:\Data\ObsidianVault\02_Channels\シニア朗読\競合リサーチ\サムネ企画検索ポータル_20260605\thumbnail_assets\TgcH9cWdxPk.jpg,275295,
avbHSBFppew,人生は100年,借金5200万円で2週間後に取り壊される廃業寸前の老舗旅館→嵐の夜に訪れた外国人客を泊めると→１週間「ここを取り壊すだと！！正気か！？」と突然激昂しだし、とんでもない事態に…【感動する話】,12044,existing,E:\Data\ObsidianVault\02_Channels\シニア朗読\競合リサーチ\サムネ企画検索ポータル_20260605\thumbnail_assets\avbHSBFppew.jpg,227582,
Xpz4-lASg3M,潮見組　人情列伝,父の工場を守るためヤクザに助けを求めた貧乏中学生。組長「気に入った」翌日、組員総出で悪徳元請けに乗込んだ結果【感動する話】,12041,existing,E:\Data\ObsidianVault\02_Channels\シニア朗読\競合リサーチ\サムネ企画検索ポータル_20260605\thumbnail_assets\Xpz4-lASg3M.jpg,315469,
onkA3yckHT8,人生スカッと物語,線路内で倒れたおばあさんを助けた母子家庭の少女。翌日、人生が大逆転した奇跡の話,12033,,,0,db_thumbnail_url: HTTPError
SQyqNa_T6Mc,静かなる英雄たち,「邪魔だ！出ていけ！」高級ホテルの厨房で嘲笑されたおじいさん。だが海外要人を招いた晩餐会で、彼が姿を現すと――。【総集編】【スカッと】【感動する話】,12025,existing,E:\Data\ObsidianVault\02_Channels\シニア朗読\競合リサーチ\サムネ企画検索ポータル_20260605\thumbnail_assets\SQyqNa_T6Mc.jpg,143880,
qs_1JlGwcQo,人生はバラ色,「お前なんかもう用無しだよw」入社2年目の22歳派遣OLを笑いながらクビにした若造部長→翌日、全取引先から契約打ち切り500億の損害で会社崩壊,12008,existing,E:\Data\ObsidianVault\02_Channels\シニア朗読\競合リサーチ\サムネ企画検索ポータル_20260605\thumbnail_assets\qs_1JlGwcQo.jpg,230742,
yFr9EJRUKeo,人生の温もり,10円しかない6歳の少女に「お話はタダだよ」と紙芝居を見せ続けた男…20年後、絵本の最後のページを見た瞬間【感動する話】,11991,existing,E:\Data\ObsidianVault\02_Channels\シニア朗読\競合リサーチ\サムネ企画検索ポータル_20260605\thumbnail_assets\yFr9EJRUKeo.jpg,296504,
F3Y1D4vrwY0,人生ドラマ館,深夜のコンビニに母の介護疲れでボロボロの双子姉妹 → ギャルが家へ連れ帰り、料理を振舞った結果…,11971,existing,E:\Data\ObsidianVault\02_Channels\シニア朗読\競合リサーチ\サムネ企画検索ポータル_20260605\thumbnail_assets\F3Y1D4vrwY0.jpg,265125,
UquvFmIsQzA,人生逆転ストーリー,「年金で足ります？」高級寿司店で侮辱された老夫婦──翌朝、大将が土下座した理由とは,11955,,,0,db_thumbnail_url: HTTPError
wAGTWQ8-hZg,人生のヒカリ,駅で倒れた老人を助けた貧乏女子就活生。日本最大手企業の面接に遅刻した結果...【スカッと朗読】,11951,existing,E:\Data\ObsidianVault\02_Channels\シニア朗読\競合リサーチ\サムネ企画検索ポータル_20260605\thumbnail_assets\wAGTWQ8-hZg.jpg,164829,
57JpwAlxJmk,人生は七色,「お姉ちゃんは悪くないよ」両親のいないOLが絶望を味わった夜、公園で出会った老人との会話で彼女の人生が動き出す,11936,existing,E:\Data\ObsidianVault\02_Channels\シニア朗読\競合リサーチ\サムネ企画検索ポータル_20260605\thumbnail_assets\57JpwAlxJmk.jpg,184384,
iPYXMqQftKY,涙のひととき,【感動する話】入社20年目、地下2階に16年間飛ばされた平社員の俺。エリート女上司に2日で仕上げた資料を渡すと「あなたがなぜ平社員なの？」その後、まさかの展開に営業部長の顔が真っ青に…,11928,existing,E:\Data\ObsidianVault\02_Channels\シニア朗読\競合リサーチ\サムネ企画検索ポータル_20260605\thumbnail_assets\iPYXMqQftKY.jpg,183482,
7nMmCCwotRY,人生ドラマ館,高級百貨店のオーナーが、ギャル清掃員の懐中時計を見て「それ...なんで持ってるの？」,11873,existing,E:\Data\ObsidianVault\02_Channels\シニア朗読\競合リサーチ\サムネ企画検索ポータル_20260605\thumbnail_assets\7nMmCCwotRY.jpg,135526,
l9HtdEximUg,人生の輝き,銀行で支店長に水をぶっかけられる孫娘を見た老人「仕方がないですね」→翌朝、銀行は跡形もなくなっていた…,11861,,,0,db_thumbnail_url: HTTPError
x4YVyQFdAUM,人生は100年,俺が働く会社で清掃員をする母。ある日バケツが倒れ社長令嬢のスーツを汚してしまい「あなたクビです」→後日、社長室に呼び出された俺と母。令嬢が俺の左頬のアザを見ると突然涙し…【感動する話】,11841,existing,E:\Data\ObsidianVault\02_Channels\シニア朗読\競合リサーチ\サムネ企画検索ポータル_20260605\thumbnail_assets\x4YVyQFdAUM.jpg,179077,
dtV-AzChFbg,人生の輝き,頭取の孫だとは知らず、銀行で暴言を吐き散らした支店長の妻。翌日、夫は僻地へ左遷されていきました…,11840,,,0,db_thumbnail_url: HTTPError
fVIzhn-UzvQ,人生の光と影 朗読館,田んぼで倒れたお爺いさんを助けた貧乏な女子高生。数日後、全校生徒が凍りつく事態に…,11807,,,0,db_thumbnail_url: HTTPError
oGcvyVRLP90,感動スカっと人生録,同窓会で「清掃員⁈」と嘲笑した成功者たち、翌日届いた『契約解除通知』を見た瞬間,11780,,,0,db_thumbnail_url: HTTPError
mp72f26DRSE,人生色々TV,「お代はいいから食べて」財布を盗られフラフラの老婆…この出会いが奇跡を呼ぶとは、まだ誰も知らない・・・,11760,,,0,db_thumbnail_url: HTTPError
EQa6ADRuHjs,静かなる英雄たち,「黙ってろ！邪魔だ！」高級イタリアンの厨房で嘲笑されたおじいさん。彼らは知らなかった、彼が伝説の料理人だとはーー。,11745,existing,E:\Data\ObsidianVault\02_Channels\シニア朗読\競合リサーチ\サムネ企画検索ポータル_20260605\thumbnail_assets\EQa6ADRuHjs.jpg,205824,
1oWs5Imxo2k,人生のギフト,「この子は俺の家族だ」両親が亡くなり親戚に見捨てられた少女→廃業寸前の蕎麦屋の店主が引き取った結果、信じられない展開に…【感動する話】,11699,existing,E:\Data\ObsidianVault\02_Channels\シニア朗読\競合リサーチ\サムネ企画検索ポータル_20260605\thumbnail_assets\1oWs5Imxo2k.jpg,256877,
GnQAVjJYVFw,静かなる英雄たち,「お会計、大丈夫ですか？」三つ星レストランで質素な老夫婦を笑った料理長。「もう卸しません」だが老人の言葉に凍りついた——。,11691,existing,E:\Data\ObsidianVault\02_Channels\シニア朗読\競合リサーチ\サムネ企画検索ポータル_20260605\thumbnail_assets\GnQAVjJYVFw.jpg,175329,
rQbzOFzUmuA,人生の光と影 朗読館,「あなたの席、明日からありません」クビになった派遣OL。最後に残した“アクセス履歴”で役員が凍った…,11675,existing,E:\Data\ObsidianVault\02_Channels\シニア朗読\競合リサーチ\サムネ企画検索ポータル_20260605\thumbnail_assets\rQbzOFzUmuA.jpg,194147,
RIbtMdpsMUs,静かなる英雄たち,「お帰りください」高級寝具店であしらわれた老夫婦。「寝具1000セットだけど」30分後、担当者が凍りついたーー。,11644,existing,E:\Data\ObsidianVault\02_Channels\シニア朗読\競合リサーチ\サムネ企画検索ポータル_20260605\thumbnail_assets\RIbtMdpsMUs.jpg,141091,
c7i6vuTHc80,人生の光と影 朗読館,財布を忘れた難聴の少女にお寿司屋をご馳走した見習いの女性職人。後日、黒塗りの車から現れた人物に全員が息を呑む…,11641,,,0,db_thumbnail_url: HTTPError
aBNK10eqlFE,潮見組　人情列伝,除け者の俺に唯一優しくしてくれた同級生と炊き出しで再会。放っておけず組長の俺が家に連れ帰った結果【感動する話】,11637,existing,E:\Data\ObsidianVault\02_Channels\シニア朗読\競合リサーチ\サムネ企画検索ポータル_20260605\thumbnail_assets\aBNK10eqlFE.jpg,287228,
QIFy5rDjD20,面白きかな人生,「女のくせに忌引きで休むな！」理不尽に罵られたOL→退職決意後、社長「お前、何をしたのか分かってるのか？」上司「え？」【面白きかな人生】,11627,existing,E:\Data\ObsidianVault\02_Channels\シニア朗読\競合リサーチ\サムネ企画検索ポータル_20260605\thumbnail_assets\QIFy5rDjD20.jpg,210250,
QbiiJasSVTI,人生の光と影 朗読館,公園で倒れたホームレスを看病し面接で門前払いされた女子大生。翌日、彼女が助けた老人の“正体”を知り全員が凍りつく…,11597,,,0,db_thumbnail_url: HTTPError
SP3IJ831x2Y,人生スカッと物語,「中卒はクビｗ」契約社員を嘲笑したエリート部長。 翌日、電話が鳴り響き会社中が凍りついた…,11583,,,0,db_thumbnail_url: HTTPError
jlbleKxv1Y0,仁義と人生の部屋,「ボケたババアは家で寝てろ」老婆に熱燗をかけたヤクザ→組長が現れ、老婆「あんた、組員にどういう教育してんだい？」全員凍りつく【スカッとする話】,11564,existing,E:\Data\ObsidianVault\02_Channels\シニア朗読\競合リサーチ\サムネ企画検索ポータル_20260605\thumbnail_assets\jlbleKxv1Y0.jpg,258021,
8FSE-5GLQZE,人生ドラマ館,ファミレスで会計できず泣いていたボロボロの姉妹を助けたギャル、あの日から3年後、妹が大病を患う→3年越しにある人物が現れ、ギャルと姉妹に奇跡が…,11551,existing,E:\Data\ObsidianVault\02_Channels\シニア朗読\競合リサーチ\サムネ企画検索ポータル_20260605\thumbnail_assets\8FSE-5GLQZE.jpg,172594,
lBylDDiltMk,【スカッと朗読】シニアドラマ館,【スカッと】月25万円を払う母に『小銭で偉そう』と言った息子夫婦の末路【シニアライフ】【60代以上の方へ】,11499,existing,E:\Data\ObsidianVault\02_Channels\シニア朗読\競合リサーチ\サムネ企画検索ポータル_20260605\thumbnail_assets\lBylDDiltMk.jpg,154699,
05mDSgvrltQ,人生逆転ドラマシアター,銀行員に笑われたおじいさん──わずか千円の取引が、やがて巨大銀行を震撼させることになる。,11482,,,0,db_thumbnail_url: HTTPError
Knt22Gh02ao,人生逆転ストーリー,「マジで邪魔なんだけど！」グリーン車で社長令嬢に杖を蹴られ、倒れ込んだ老婦人。数日後、彼女の“正体”を知り全員が凍りついた――,11482,,,0,db_thumbnail_url: HTTPError
ktCBhuxNhP0,面白きかな人生,「作業着で高級寿司とか笑えるｗ」DQNカップルに嘲笑された女性。翌日、彼女が父の秘書だと判明！しかも…【面白きかな人生】,11479,existing,E:\Data\ObsidianVault\02_Channels\シニア朗読\競合リサーチ\サムネ企画検索ポータル_20260605\thumbnail_assets\ktCBhuxNhP0.jpg,211252,
N9oAT8nqPow,人生ドラマ館,廃業寸前のおにぎり屋に所持金10円のボロボロの少女が来店「お米１粒だけでも…」ギャル店主「座ってて」→大盛りおにぎり定食をご馳走した結果…,11449,existing,E:\Data\ObsidianVault\02_Channels\シニア朗読\競合リサーチ\サムネ企画検索ポータル_20260605\thumbnail_assets\N9oAT8nqPow.jpg,243331,
P3Non1wgAps,【スカッと朗読】シニアドラマ館,【スカッと】芝居だと見捨てられた母が、家を消して息子夫婦を現実に戻した日【シニアライフ】【60代以上の方へ】,11434,existing,E:\Data\ObsidianVault\02_Channels\シニア朗読\競合リサーチ\サムネ企画検索ポータル_20260605\thumbnail_assets\P3Non1wgAps.jpg,171993,
DkObI04zj6c,人生のギフト,「僕はいいから妹に」借金1000万円で廃業寸前のカレー屋に現れたボロ服の兄妹→一皿のカレーを妹に譲る兄に店主がもう一皿出した結果、10年後まさかの展開に…【感動する話】,11431,existing,E:\Data\ObsidianVault\02_Channels\シニア朗読\競合リサーチ\サムネ企画検索ポータル_20260605\thumbnail_assets\DkObI04zj6c.jpg,259041,
zX62Te0ce5Q,人生の温もり,廃業寸前のおでん屋台、67歳の店主が鍋に蓋をしかけたとき「おでん、一本だけください」→百円玉ひとつを差し出した少女→娘を亡くした店主が関わった結果…【感動する話】,11407,existing,E:\Data\ObsidianVault\02_Channels\シニア朗読\競合リサーチ\サムネ企画検索ポータル_20260605\thumbnail_assets\zX62Te0ce5Q.jpg,259810,
8WsCvc3Io-4,人生ドラマ館,廃業寸前のパン屋に引きこもりの少女が来店「日給100円でいいので働かせてください」店主「月給15万円で雇う」→1ヶ月後、まさかの展開に…,11401,existing,E:\Data\ObsidianVault\02_Channels\シニア朗読\競合リサーチ\サムネ企画検索ポータル_20260605\thumbnail_assets\8WsCvc3Io-4.jpg,210794,
hT9KML7RZmY,人生ドラマTV,【涙腺崩壊】記憶喪失の元彼と新幹線で隣席に…3歳娘が「パパ」と呼んだ瞬間、5年間の真実が動き出す,11398,existing,E:\Data\ObsidianVault\02_Channels\シニア朗読\競合リサーチ\サムネ企画検索ポータル_20260605\thumbnail_assets\hT9KML7RZmY.jpg,218431,
zzWtScCcpic,人生は七色,「どうかしてください！」行きつけの銭湯で慌てふためく大学生が老人を助けた結果…,11360,existing,E:\Data\ObsidianVault\02_Channels\シニア朗読\競合リサーチ\サムネ企画検索ポータル_20260605\thumbnail_assets\zzWtScCcpic.jpg,157134,
h4VRBJb5Sv4,潮見組　人情列伝,一人のヤクザに助けを求めた貧乏ないじめられっ子「お願い、助けて…」翌日、少女のピンチに100台の黒塗りの高級車が現れ…【感動する話】,11351,existing,E:\Data\ObsidianVault\02_Channels\シニア朗読\競合リサーチ\サムネ企画検索ポータル_20260605\thumbnail_assets\h4VRBJb5Sv4.jpg,314305,
o_tO_WOGsrs,人生色々TV,1分後に現れた父を見て、エリート部長は廃人と化しました…,11347,,,0,db_thumbnail_url: HTTPError
SiMrv2YgVY4,感動スカっと人生録,「定食全部キャンセルね！」常連OLが店主を救うが、数日後、暴言男の会社が10億円契約破棄に凍りつく,11309,,,0,db_thumbnail_url: HTTPError
lk4CCVzVayU,人生劇場放送局,【スカッと】「葬式ごときで有給取るな！」と罵倒された中途社員。「了解しました」翌日、デスクごと部長が消えて…。【シニア】,11299,existing,E:\Data\ObsidianVault\02_Channels\シニア朗読\競合リサーチ\サムネ企画検索ポータル_20260605\thumbnail_assets\lk4CCVzVayU.jpg,211804,
UZAiq7TsviQ,人生の光と影 朗読館,バス賃がなく困るお婆さんにそっと小銭を渡した大学生。後日、その“恩返し”に涙が止まらなくなる…,11283,,,0,db_thumbnail_url: HTTPError
d97X1G1MJrU,人生逆転ドラマシアター,清掃員のお婆さんに牛乳をかけた部長は知らなかった。彼女がヤクザ組長の妻だったとは,11273,,,0,db_thumbnail_url: HTTPError
l1HJ_PN6P0o,人生逆転ストーリー,「中卒の契約社員に社員旅行の席は無いわよ」社長令嬢に嘲笑された67歳 → 空港で“ファーストクラス優先搭乗”した瞬間、社員全員が凍りついた,11251,existing,E:\Data\ObsidianVault\02_Channels\シニア朗読\競合リサーチ\サムネ企画検索ポータル_20260605\thumbnail_assets\l1HJ_PN6P0o.jpg,221114,
-9BLJt2qFkY,お茶の間TV 〈スカッと感動〉,「ボロ銭湯埋めんぞ 判子押せや」少女が守る番台に地上げ迫り暴れるヤクザ。 ボロ布の常連老人が一言→ 全極道が震え上がり組員土下座【スカッとする話】 YAKUZA,11240,existing,E:\Data\ObsidianVault\02_Channels\シニア朗読\競合リサーチ\サムネ企画検索ポータル_20260605\thumbnail_assets\-9BLJt2qFkY.jpg,217435,
3fYR76O-1Ck,感動スカっと人生録,「中卒は雇うな」新役員のたった一言でクビになった28歳女性ー3か月後、拾った社長は…,11238,,,0,db_thumbnail_url: HTTPError
bX6uokovqUM,愛しき人の人生日記,障害を持つ娘が高級寿司屋で軽蔑された 次の瞬間、店主が「お帰りください」と追い出したのは...,11235,,,0,db_thumbnail_url: HTTPError
yMXadHjF6-g,人生ドラマ館,「元ヤンの父なんてかわいそうw」授業参観でゲラゲラ笑う保護者たち　父「御社との取引は白紙で」保護者「え？…」,11201,,,0,db_thumbnail_url: HTTPError
e7Wr__7UeYY,人生のヒカリ,ホームレスの母娘にラーメンをご馳走した貧乏店主。3分後→「お金の代わりに...」,11160,existing,E:\Data\ObsidianVault\02_Channels\シニア朗読\競合リサーチ\サムネ企画検索ポータル_20260605\thumbnail_assets\e7Wr__7UeYY.jpg,128606,
h9jIojHuaDA,人生の光と影 朗読館,道に迷う老婆を助けた義足の女子大生を嘲笑した人々。翌日、黒塗りの高級車から降りた人物に空気が一変し…,11134,,,0,db_thumbnail_url: HTTPError
vjyyaS7RUSE,人生色々TV,財布を奪われた老人に食費千円を渡した貧しい女子高生…後日、スーツ姿の男性が目の前に現れると・・・,11132,,,0,db_thumbnail_url: HTTPError
m0OQtbMPDEs,人生のシナリオ,「お母さんを助けてください」破門された老ヤクザに3000円を渡した女子高生。翌週、アパートに黒塗りの車が次々と現れて...【感動する話】,11112,existing,E:\Data\ObsidianVault\02_Channels\シニア朗読\競合リサーチ\サムネ企画検索ポータル_20260605\thumbnail_assets\m0OQtbMPDEs.jpg,202038,
NuZ6w3Cg3UA,人生はバラ色,「親も相当貧乏なんだろうなw」飲み会で新入社員を侮辱した東大卒課長。「…今から呼びます」電話に出た瞬間、全員が凍り付く,11104,existing,E:\Data\ObsidianVault\02_Channels\シニア朗読\競合リサーチ\サムネ企画検索ポータル_20260605\thumbnail_assets\NuZ6w3Cg3UA.jpg,230576,
WT7we54T9M8,静かなる英雄たち,「みすぼらしい」老舗旅館で嘲笑された駐車係のおじいさん。だが海外の要人が深々と頭を下げた瞬間、全員が凍りついた――。,11059,existing,E:\Data\ObsidianVault\02_Channels\シニア朗読\競合リサーチ\サムネ企画検索ポータル_20260605\thumbnail_assets\WT7we54T9M8.jpg,170270,
-65t3r4qvXI,仁義と人生の部屋,元ヤクザ5人の人生を救った組長の息子が8000万の冤罪→全員が仕事を辞め命懸けの恩返し…【スカッとする話】,11044,existing,E:\Data\ObsidianVault\02_Channels\シニア朗読\競合リサーチ\サムネ企画検索ポータル_20260605\thumbnail_assets\-65t3r4qvXI.jpg,168689,
Ps0AiPZ5jII,面白きかな人生,「ここは勝ち組の社交場なんだぞｗ」高級ホテルで横柄な上司に追い出されたシングルマザー。次の瞬間、黒服100人が「お嬢様こちらです」上司「え…」【面白きかな人生】,11025,existing,E:\Data\ObsidianVault\02_Channels\シニア朗読\競合リサーチ\サムネ企画検索ポータル_20260605\thumbnail_assets\Ps0AiPZ5jII.jpg,236363,
V5DdjzpZM5k,人生ドラマ館,車に轢かれそうな少年を助け、義足になったギャル、15年後、親友の結婚式で感動の再会、会場は騒然とする…,11023,existing,E:\Data\ObsidianVault\02_Channels\シニア朗読\競合リサーチ\サムネ企画検索ポータル_20260605\thumbnail_assets\V5DdjzpZM5k.jpg,201746,
MKev-nFGS4Q,人生逆転ストーリー,「うちは狭いので」車椅子の老女を追い払った銀行――「支店長を出しなさい」翌朝、百人の黒服が銀行を包囲した理由とは,11020,,,0,db_thumbnail_url: HTTPError
9JUhkAHQav4,潮見組　人情列伝,両親亡くし施設に入れられそうな片腕の少女。「うちでこき使うわ」極道の妻に引き取られた結果【感動する話】,11020,existing,E:\Data\ObsidianVault\02_Channels\シニア朗読\競合リサーチ\サムネ企画検索ポータル_20260605\thumbnail_assets\9JUhkAHQav4.jpg,252599,
8B7sAfjBX6Q,潮見組　人情列伝,夏祭りでたこ焼き50パックをドタキャンされた貧乏母娘。「ママが一生懸命作ったのに…」「全部もらうよ」パトロール中の組長が全て買い取った結果【感動する話】,11018,existing,E:\Data\ObsidianVault\02_Channels\シニア朗読\競合リサーチ\サムネ企画検索ポータル_20260605\thumbnail_assets\8B7sAfjBX6Q.jpg,342701,
tN0cMZ53Fsw,人生は100年,時給950円の55歳のアルバイトが水族館の閉館5分前に来た双子を独断で入館させたら…翌朝オーナー激怒「お前クビだ！」→1週間後、黒塗りの高級車から和服の老婦人が降りてきて…【感動する話】,11017,existing,E:\Data\ObsidianVault\02_Channels\シニア朗読\競合リサーチ\サムネ企画検索ポータル_20260605\thumbnail_assets\tN0cMZ53Fsw.jpg,197911,
bXN5vLdsQOg,愛しき人の人生日記,義父になるとは知らず、倒れていた老人を助けたOL。翌日､会社の前に黒塗りの高級車が現れて…,10999,,,0,db_thumbnail_url: HTTPError
-nXZPKPgDw0,人生逆転ストーリー,「小銭しか持ってないの？」エリート銀行員にバカにされた老夫婦──翌朝、「3000億解約」で支店中が凍りつく,10984,,,0,db_thumbnail_url: HTTPError
1edKZUxGtas,お茶の間TV 〈スカッと感動〉,取引先会長の妻と知らず、ワインをぶっかけるボスママ。「悔しい？私には逆らえないよねw」私「確かめてみます？」ママ友が凍りつく【スカッとする話】,10973,existing,E:\Data\ObsidianVault\02_Channels\シニア朗読\競合リサーチ\サムネ企画検索ポータル_20260605\thumbnail_assets\1edKZUxGtas.jpg,156923,
2xet0FwZFY0,人生は100年,毒親に家を追い出されヤクザ事務所に拾われた俺。 組長「生きててくれたか」 俺「え？」→19年後、若頭になった俺が実家に突撃すると…【感動する話】,10958,existing,E:\Data\ObsidianVault\02_Channels\シニア朗読\競合リサーチ\サムネ企画検索ポータル_20260605\thumbnail_assets\2xet0FwZFY0.jpg,212225,
stZtcWcCrh4,静かなる英雄たち,「お引き取りください」孫の卒業祝いに高級寿司店で冷遇された祖父。だが翌朝、大将が市場の業者から取引停止を告げられると――。,10953,existing,E:\Data\ObsidianVault\02_Channels\シニア朗読\競合リサーチ\サムネ企画検索ポータル_20260605\thumbnail_assets\stZtcWcCrh4.jpg,213649,
gEIL9UE4XRQ,心に響く人生ドラマ日誌,東大卒エリート上司にクビにされた中卒のおじいさん、翌日、100億契約が消滅し倒産危機に,10919,existing,E:\Data\ObsidianVault\02_Channels\シニア朗読\競合リサーチ\サムネ企画検索ポータル_20260605\thumbnail_assets\gEIL9UE4XRQ.jpg,133429,
7SaxiwbgneM,人生の輝き,駅のホームで転落した車イスの少女を助けて大事な商談に遅刻した女性。数日後、インターホンが鳴り玄関を開けると、少女が自分の足で立って現れ…,10878,,,0,db_thumbnail_url: HTTPError
S9eND8cstxM,人生は100年,借金完済で苦労をかけて最愛の妻を失った58歳の養鶏場主→両親を失い親戚からも「気味が悪い」と追い出された6歳の少女を引き取った結果…【感動する話】,10864,existing,E:\Data\ObsidianVault\02_Channels\シニア朗読\競合リサーチ\サムネ企画検索ポータル_20260605\thumbnail_assets\S9eND8cstxM.jpg,188764,
GYi4pPFz6PE,人生の輝き,駅で妊婦を助けて大手企業の面接に遅刻した就活生。面接官「不採用です」→だが翌日、着信が鳴り止まず…,10789,,,0,db_thumbnail_url: HTTPError
w_JzAWQRGK4,人生のギフト,「これでごはん…ください」大切に持っていたボロボロのぬいぐるみを差し出す少女に牛丼を振る舞った結果…【感動する物語】,10763,existing,E:\Data\ObsidianVault\02_Channels\シニア朗読\競合リサーチ\サムネ企画検索ポータル_20260605\thumbnail_assets\w_JzAWQRGK4.jpg,227739,
oE8dOVvqvKA,人生劇場放送局,【スカッと】「たった500円！貧乏でちゅねw」お婆ちゃんのために貯めた孫娘の貯金を嘲笑した頭取の息子。5分後、私の口座をみてガタガタ震えだし…。【シニア】,10748,existing,E:\Data\ObsidianVault\02_Channels\シニア朗読\競合リサーチ\サムネ企画検索ポータル_20260605\thumbnail_assets\oE8dOVvqvKA.jpg,215965,
rtml6MNF0YM,人生の輝き,「お前はクビ！」炎天下の車内に置き去りにされた子供を助けて遅刻したパート社員を解雇した社長。翌朝、会社の前に黒塗りの高級車が次々に現れて…,10747,,,0,db_thumbnail_url: HTTPError
3edSrUeammA,人生劇場放送局,【スカッと】「じいさん、会員制だよw」名門ゴルフクラブで追い出された翌日、「会長！探しましたよ！」→支配人「え？」【シニア】,10724,existing,E:\Data\ObsidianVault\02_Channels\シニア朗読\競合リサーチ\サムネ企画検索ポータル_20260605\thumbnail_assets\3edSrUeammA.jpg,231859,
RhJGIjfvllw,人生はバラ色,「中卒のくせに逆らうなよ」東大卒エリート営業部長に侮辱された女性委託社員 翌日、1000億契約が破綻し部長の顔が凍り付く,10689,existing,E:\Data\ObsidianVault\02_Channels\シニア朗読\競合リサーチ\サムネ企画検索ポータル_20260605\thumbnail_assets\RhJGIjfvllw.jpg,174343,
yr5PdHhnvr8,人生逆転ドラマシアター,1億円を下ろしに来て銀行員全員に笑いものにされたお爺さん。一本の電話をした瞬間、銀行は大混乱へ,10687,,,0,db_thumbnail_url: HTTPError
xWziSSsMSgs,人生は七色,廃業寸前の銭湯で若女将がずぶ濡れのヤクザを助けた結果…【感動ストーリー】,10679,existing,E:\Data\ObsidianVault\02_Channels\シニア朗読\競合リサーチ\サムネ企画検索ポータル_20260605\thumbnail_assets\xWziSSsMSgs.jpg,255566,
QLLZFQrKy14,人生は100年,借金まみれで明日廃業する68歳のクリーニング職人。泣きながら駆け込んできた花嫁「明日結婚式なんです」焼け焦げたドレスを徹夜で直した結果→翌日、黒塗りの高級車が3台店の前に現れて【感動する話】,10677,existing,E:\Data\ObsidianVault\02_Channels\シニア朗読\競合リサーチ\サムネ企画検索ポータル_20260605\thumbnail_assets\QLLZFQrKy14.jpg,239910,
GyXzLsOds8k,人生は七色,両親を失った少女はバイオリンに導かれるように行き場を取り戻していくのでした,10652,existing,E:\Data\ObsidianVault\02_Channels\シニア朗読\競合リサーチ\サムネ企画検索ポータル_20260605\thumbnail_assets\GyXzLsOds8k.jpg,294744,
JG5j7Nh-Bjw,静かなる英雄たち,「こんな貧乏くさい弁当...キャンセルで」100食をドタキャンされ泣き崩れる若夫婦とそれを見ていた常連の老人。だが後日、黒塗りの高級車が3台弁当屋の前に現れるとーー。,10651,existing,E:\Data\ObsidianVault\02_Channels\シニア朗読\競合リサーチ\サムネ企画検索ポータル_20260605\thumbnail_assets\JG5j7Nh-Bjw.jpg,197752,
VC82F2kqM50,人生は七色,罵倒されたホームレス老人を助けた施設育ちの貧乏アルバイト。しかし彼の正体を知った瞬間、全員が言葉を失った…【人生は七色】,10638,existing,E:\Data\ObsidianVault\02_Channels\シニア朗読\競合リサーチ\サムネ企画検索ポータル_20260605\thumbnail_assets\VC82F2kqM50.jpg,194950,
eIh7OPFU37g,人生劇場放送局,【スカッと】営業１位の実力者と知らず解雇された中卒派遣。直後、3000億の契約解除で部長が顔面蒼白に。【シニア】,10622,existing,E:\Data\ObsidianVault\02_Channels\シニア朗読\競合リサーチ\サムネ企画検索ポータル_20260605\thumbnail_assets\eIh7OPFU37g.jpg,210506,
P0xImWB0oyw,感動スカっと人生録,命を救って10億の商談を失ったOL―上司に罵倒された翌朝、人事から届いたメールの件名,10592,,,0,db_thumbnail_url: HTTPError
mwYIqfcJdiI,人生は七色,「その子から離れろ！」酔っ払いから少女を救った悪役レスラーは誤解された。しかし、彼のもとにプロレス界の重鎮が現れて…,10572,existing,E:\Data\ObsidianVault\02_Channels\シニア朗読\競合リサーチ\サムネ企画検索ポータル_20260605\thumbnail_assets\mwYIqfcJdiI.jpg,178012,
eQM-2FG4uBM,人生ドラマ座,「底辺育ちが希望を持つな！」最終面接で企画書を破り捨てた傲慢な面接官「保証人を呼べ！」僕「もしもし母さん？」登場した保証人の正体に社長が凍りついた。,10536,existing,E:\Data\ObsidianVault\02_Channels\シニア朗読\競合リサーチ\サムネ企画検索ポータル_20260605\thumbnail_assets\eQM-2FG4uBM.jpg,151684,
hUByApHCMUQ,人生を紡ぐ,廃業寸前の弁当屋に片腕の16歳少女が来店「日給500円でいいので働かせてください」65歳店主「正社員として月給15万円で雇う」→まさかの展開に…【感動する話】,10530,existing,E:\Data\ObsidianVault\02_Channels\シニア朗読\競合リサーチ\サムネ企画検索ポータル_20260605\thumbnail_assets\hUByApHCMUQ.jpg,267021,
uFeQbC5uPBY,人生逆転ドラマシアター,「年寄りは客じゃない」エリート銀行員の一言に凍りついた老紳士─翌日、“30社5000億”一斉解約で本店が崩壊寸前,10529,,,0,db_thumbnail_url: HTTPError
Zg3ku2quQ1M,仁義と人生の部屋,認知症の祖父がヤクザを一喝「われ、どこの組や？」祖父が隠し続けた正体とは...【スカッとする話】,10508,existing,E:\Data\ObsidianVault\02_Channels\シニア朗読\競合リサーチ\サムネ企画検索ポータル_20260605\thumbnail_assets\Zg3ku2quQ1M.jpg,278383,
qwnqcG1gJek,人生逆転ストーリー,「その格好で5000万出金？冗談でしょ」銀行でバカにされた78歳男性──翌日、500億の全額引き出しで銀行が地獄と化す！,10507,,,0,db_thumbnail_url: HTTPError
qU7xvXjGGUU,人生色々TV,財布を盗られた老人に帰りのバス代を渡す貧乏就活生…後日、30回目の面接で大遅刻するとそこに現れたのは・・・,10477,,,0,db_thumbnail_url: HTTPError
FHYxXXgeylE,人生は贈り物,35歳リストラ男性。20社連続不採用で最後の面接に向かうとき、路上で車椅子の老婆を助けた結果…　【感動する話】,10459,existing,E:\Data\ObsidianVault\02_Channels\シニア朗読\競合リサーチ\サムネ企画検索ポータル_20260605\thumbnail_assets\FHYxXXgeylE.jpg,238277,
qenAYRLCy74,人生ドラマ座,「たった3000円でちゅかw」おばあちゃんのための貯金をバカにされた孫娘。祖父「もしもし、頭取？1兆円解約だ！」銀行がパニック【スカッと】,10432,existing,E:\Data\ObsidianVault\02_Channels\シニア朗読\競合リサーチ\サムネ企画検索ポータル_20260605\thumbnail_assets\qenAYRLCy74.jpg,176839,
N2tok-BMhQw,人生は宝物,大雪の夜、雪を食べて空腹をしのぐ幼い姉妹 → 廃業寸前の民宿主人が連れ帰った結果…【感動する話】,10424,,,0,db_thumbnail_url: HTTPError
TfeWzfFWWWM,愛しき人の人生日記,車椅子で転倒した老人を助け面接に遅れ不採用となった貧乏就活生。翌日、ボロアパートに黒塗りの高級車が続々と現れて…,10416,,,0,db_thumbnail_url: HTTPError
GEpSwwnURc0,人生の輝き,横断歩道で車に轢かれそうになる老婆を助けて大事な面接に遅れた就活生。「お帰りください」だがその直後、ドアを開けて現れたのは…,10402,,,0,db_thumbnail_url: HTTPError
CeKTlgI-UKU,人生スカッと物語,「お帰りください」銀行で孫の口座開設を拒否されたお婆さん。「では全口座を解約で」その一言に、全行員が凍りついた…,10394,,,0,db_thumbnail_url: HTTPError
46Po7Jg5uz8,人生の光と影 朗読館,近所の海で溺れる子どもを救った貧乏女子高生。数日後、助けた子の父親の“正体”に全員が震えた,10374,,,0,db_thumbnail_url: HTTPError
7zjqKaGTHC4,人生の輝き,「その格好では入れません」株主総会を追い出された老婆。「私は大株主です」ゲラゲラ笑われたので全株を売却した結果…,10373,,,0,db_thumbnail_url: HTTPError
UzPYBxYwu4o,人生逆転ストーリー,「その格好で5億？詐欺罪で逮捕する！」と銀行員に警察を呼ばれた作業服の老人──翌日“5000億解約”で支店長が土下座！,10357,,,0,db_thumbnail_url: HTTPError
FAo0h4Wlwt0,人生ドラマ館,6歳児の母親が交通事故で他界、親戚たちは施設行きにしようとしたが、ギャル叔母「私がこの子を育てる」→20年後、ギャルに引き取られた結果…,10342,existing,E:\Data\ObsidianVault\02_Channels\シニア朗読\競合リサーチ\サムネ企画検索ポータル_20260605\thumbnail_assets\FAo0h4Wlwt0.jpg,164602,
Cuedk1OYCTU,面白きかな人生,「中卒女のシステムなんか使えねぇw」T大卒部長が女性を叱責システム削除。翌日、10億契約の中核と判明し部長土下座【面白きかな人生】,10338,existing,E:\Data\ObsidianVault\02_Channels\シニア朗読\競合リサーチ\サムネ企画検索ポータル_20260605\thumbnail_assets\Cuedk1OYCTU.jpg,207967,
umvukwbTpKA,感動スカっと人生録,ボロ服の老婆を庇った底辺契約社員、翌日、黒服の男たちに囲まれ…,10333,,,0,db_thumbnail_url: HTTPError
VPu-GBPaZfA,人生色々TV,その車から降りてきたのはまさかの人でした…この出会いが母娘の人生をとんでもないことに•••,10299,,,0,db_thumbnail_url: HTTPError
uDR7K9u_nZ4,人生ドラマ館,人混みの中、迷子になり周囲に無視され、泣いていた子どもを助けた金髪ギャル。翌日、警察署から突然電話で呼び出され…,10297,,,0,db_thumbnail_url: HTTPError
w_wUwGHURls,人生ドラマ館,「お姉さん、井戸の中あったかい？」施設から逃げ出した双子を、心の傷を負うギャルが保護した結果,10293,existing,E:\Data\ObsidianVault\02_Channels\シニア朗読\競合リサーチ\サムネ企画検索ポータル_20260605\thumbnail_assets\w_wUwGHURls.jpg,242605,
AnzEBX-jo28,静かなる英雄たち,「あなたに魚の何が分かるの？」水産会社の社長令嬢に嘲笑されクビにされた清掃員のおじいさん。だが後日、彼の正体が明かされたとき、令嬢が凍りついたーー。,10273,existing,E:\Data\ObsidianVault\02_Channels\シニア朗読\競合リサーチ\サムネ企画検索ポータル_20260605\thumbnail_assets\AnzEBX-jo28.jpg,125566,
GmcFTCLeE6M,面白きかな人生,「底辺企業に席なんかいらないでしょｗ」取引先パーティで嘲られた女性。次の瞬間、CEOからの電話で全員蒼白【面白きかな人生】,10271,existing,E:\Data\ObsidianVault\02_Channels\シニア朗読\競合リサーチ\サムネ企画検索ポータル_20260605\thumbnail_assets\GmcFTCLeE6M.jpg,212828,
PRSyaC_0Z8w,人生逆転ドラマシアター,小さな弁当屋をバカにした一言が招いた結末 — 100食キャンセル翌日に“大契約消滅”,10271,,,0,db_thumbnail_url: HTTPError
d0u7Ya1CR5c,面白きかな人生,「派遣女のくせに私に指図するなんて100年早い」とコネ入社の社長令嬢に罵倒されクビになったOL→3か月後、社長から鬼電がきて…【面白きかな人生】,10220,existing,E:\Data\ObsidianVault\02_Channels\シニア朗読\競合リサーチ\サムネ企画検索ポータル_20260605\thumbnail_assets\d0u7Ya1CR5c.jpg,233936,
5eIEl2WHn2A,人生の光と影 朗読館,吹雪の夜に子どもを救った非正規社員。翌日“解雇宣告”…その瞬間、上司が凍りつく,10201,,,0,db_thumbnail_url: HTTPError
27TBjIQAgjU,人生の輝き,「ATMも使えないの？」18年ぶりに訪れた銀行でたらい回しにされるお爺さん。翌日、彼が預金の85%を引き出した結果…,10158,,,0,db_thumbnail_url: HTTPError
lQclsYmSOOE,静かなる英雄たち,「今日は無理ですね」窓口で冷遇され社員口座の振り込みが間に合わなかった老人。「では社員含めて口座解約で」その預金が300億円とわかった瞬間、銀行がパニックに陥った――。,10157,existing,E:\Data\ObsidianVault\02_Channels\シニア朗読\競合リサーチ\サムネ企画検索ポータル_20260605\thumbnail_assets\lQclsYmSOOE.jpg,190424,
6x70iHHoV8g,人生のギフト,土砂降りの夜、財布を拾ってくれたボロ服の少女 →お礼にあたたかいご飯をご馳走した結果…【感動する話】,10146,existing,E:\Data\ObsidianVault\02_Channels\シニア朗読\競合リサーチ\サムネ企画検索ポータル_20260605\thumbnail_assets\6x70iHHoV8g.jpg,204760,
GBVEcEU6vZQ,人生逆転ストーリー,「邪魔だ、どけ！」大企業の部長に蹴られた72歳清掃員女性　翌朝、会議室に全役員100名が集合！蹴った男が女性の正体を知り絶句！,10142,,,0,db_thumbnail_url: HTTPError
tw3ynAmjEmw,涙のひととき,【感動する話】妻が亡くなり6年後、職場に現れた派遣社員の女性は妻にそっくりだった。深夜の残業で二人きりになったとき、彼女は突然〇〇した,10123,existing,E:\Data\ObsidianVault\02_Channels\シニア朗読\競合リサーチ\サムネ企画検索ポータル_20260605\thumbnail_assets\tw3ynAmjEmw.jpg,223659,
fss55tpXsZc,潮見組　人情列伝,幼稚園が休園で4歳の娘を連れて公園を散歩。人見知りな娘が懐いたのは関東最大のヤクザ組長だった【感動する話】,10096,existing,E:\Data\ObsidianVault\02_Channels\シニア朗読\競合リサーチ\サムネ企画検索ポータル_20260605\thumbnail_assets\fss55tpXsZc.jpg,298574,
IWGRm9Tx6O8,人生スカッと物語,社運を賭けた4億の商談で下請けを見下す元請部長「契約欲しけりゃ立ってろ！嫌なら帰れｗ」→「では失礼します」本当に帰った結果…,10083,,,0,db_thumbnail_url: HTTPError
m7sciwsAtng,心に響く人生ドラマ日誌,「中卒はクビｗ」契約社員を見下したエリート部長。 翌日、取引停止の電話が殺到し会社が倒産危機に,10071,existing,E:\Data\ObsidianVault\02_Channels\シニア朗読\競合リサーチ\サムネ企画検索ポータル_20260605\thumbnail_assets\m7sciwsAtng.jpg,134410,
kT6FMIXl2fw,人生の輝き,新人OLに暴言を吐きワインをぶっかけた人事部長の妻。翌朝、夫は島流しにされていました…,10057,,,0,db_thumbnail_url: HTTPError
Zld0SP21Vxk,静かなる英雄たち,「仕事が遅すぎる」老舗蕎麦屋で罵倒される皿洗いのおじいさん。蕎麦業界の重鎮が彼を見つけ目に涙を浮かべると、店主が凍りついた──。,10049,existing,E:\Data\ObsidianVault\02_Channels\シニア朗読\競合リサーチ\サムネ企画検索ポータル_20260605\thumbnail_assets\Zld0SP21Vxk.jpg,203664,
3ZoULgbimx4,人生の光と影 朗読館,交通事故の老人を救うため学費を差し出した医学生。後日、面接室で現れた人物を見て固まる…,10047,,,0,db_thumbnail_url: HTTPError
U4LCVZGFjAo,人生はバラ色,「親もどうせ貧乏なんだろうなw顔が見たいなw」歓迎会で女性新人社員を嘲笑した東大卒エリート部長「…電話しますね」直後5000億の取引が消滅,10045,existing,E:\Data\ObsidianVault\02_Channels\シニア朗読\競合リサーチ\サムネ企画検索ポータル_20260605\thumbnail_assets\U4LCVZGFjAo.jpg,239738,
4sIw5XXLgbM,面白きかな人生,「待てねぇなら契約白紙なw」遅刻した元請けが嘲笑→全社員即撤退の指示！翌朝、違約金5000万で元請け土下座【面白きかな人生】,10042,existing,E:\Data\ObsidianVault\02_Channels\シニア朗読\競合リサーチ\サムネ企画検索ポータル_20260605\thumbnail_assets\4sIw5XXLgbM.jpg,208825,
Dc5F__oRoXs,【スカッと朗読】シニアドラマ館,【スカッと】息子に名義を使われ2000万円の借金を背負わされた母が、法で逆転した話【シニアライフ】【60代以上の方へ】,10020,existing,E:\Data\ObsidianVault\02_Channels\シニア朗読\競合リサーチ\サムネ企画検索ポータル_20260605\thumbnail_assets\Dc5F__oRoXs.jpg,187382,
_BNqvGuPI3A,人生は100年,閉店間近の食堂に7歳の少女が来店「500円あげます、だから…お母さんを怖い人から助けてください」→店主が母子を守るために立ち上がった結果…【感動する話】,10001,existing,E:\Data\ObsidianVault\02_Channels\シニア朗読\競合リサーチ\サムネ企画検索ポータル_20260605\thumbnail_assets\_BNqvGuPI3A.jpg,217865,
4wY9poFvxVw,人生のヒカリ,大雨の夜、家を追い出されて震える7歳の少女→店の連れ帰った結果・・・【感動する話】,10000,existing,E:\Data\ObsidianVault\02_Channels\シニア朗読\競合リサーチ\サムネ企画検索ポータル_20260605\thumbnail_assets\4wY9poFvxVw.jpg,218593,
ndVuto9L_PM,愛しき人の人生日記,倒れていた老婆を助けた貧乏女子高生。翌日、学校の前に黒塗りの高級車が現れ…,9994,,,0,db_thumbnail_url: HTTPError
A52T2ncgBO0,人生は100年,廃業寸前の150年続く老舗酒蔵の店主→真冬の路上でうずくまっていたイタリア人男性を自宅に招きお酒をご馳走した結果…【感動する話】,9963,existing,E:\Data\ObsidianVault\02_Channels\シニア朗読\競合リサーチ\サムネ企画検索ポータル_20260605\thumbnail_assets\A52T2ncgBO0.jpg,228956,
-r8H1xTYCs0,仁義と人生の部屋,「貧乏人が高級車に乗るな！」シングルマザーを罵り車を蹴った自称ヤクザのボスママ。「その車、あなたの組長のお車ですけど？」→ボスママ「え？」【スカッとする話】,9948,existing,E:\Data\ObsidianVault\02_Channels\シニア朗読\競合リサーチ\サムネ企画検索ポータル_20260605\thumbnail_assets\-r8H1xTYCs0.jpg,288181,
SH9OCRS5Mu0,静かなる英雄たち,「エコノミーがお似合い」ファーストクラスを追い出されたおじいさん。だが30分後、機内全員が凍りついた理由とはーー。,9946,existing,E:\Data\ObsidianVault\02_Channels\シニア朗読\競合リサーチ\サムネ企画検索ポータル_20260605\thumbnail_assets\SH9OCRS5Mu0.jpg,247860,
_vDpuZWGAoI,人生ドラマ館,廃業寸前のラーメン屋のギャル店主。ホームレス「お金ない」無一文の客に無料でラーメンを振る舞った結果...,9938,existing,E:\Data\ObsidianVault\02_Channels\シニア朗読\競合リサーチ\サムネ企画検索ポータル_20260605\thumbnail_assets\_vDpuZWGAoI.jpg,165760,
XmAckpS1ls4,人生逆転ドラマch,高級ホテルで障害を持つ母が軽蔑される。次の瞬間，支配人が｢お帰りください｣と追い出したのは…,9929,existing,E:\Data\ObsidianVault\02_Channels\シニア朗読\競合リサーチ\サムネ企画検索ポータル_20260605\thumbnail_assets\XmAckpS1ls4.jpg,60800,
OgFV50mL3Sg,人生の輝き,「ババアは預金するな」と６時間放置されて窓口を閉められたお婆さん。「私が預金しなかったら…」その場でライバル銀行に1分ごとに送金し続けた結果,9902,,,0,db_thumbnail_url: HTTPError
IS8CUlhejQ4,人生の光と影 朗読館,建設現場で凍える作業員を助けた就活女子大生。「女が出しゃばるな」と内定取消…翌日、役員会が凍りついた,9895,,,0,db_thumbnail_url: HTTPError
-3jBj_CU0LM,人生ドラマ館,「田舎の学生は黙ってなさい」理事長の孫と知らずに転校生を侮辱した担任教師　翌朝、校門前に黒塗り高級車が続々と現れ…,9891,,,0,db_thumbnail_url: HTTPError
SnozFtj71m0,【スカッと朗読】シニアドラマ館,【スカッと】クリスマスイブ、家族写真から消された母が年明けに起こした逆転【シニアライフ】【60代以上の方へ】,9860,existing,E:\Data\ObsidianVault\02_Channels\シニア朗読\競合リサーチ\サムネ企画検索ポータル_20260605\thumbnail_assets\SnozFtj71m0.jpg,168732,
-sACZaiFWXY,人生スカッと物語,大きな荷物を持つお婆さんを助け、面接に遅刻した母子家庭就活生。不採用にされた翌日、自宅に黒スーツの人物が現れ…,9810,,,0,db_thumbnail_url: HTTPError
9hY7It67FF8,心に響く人生ドラマ日誌,初出勤3分で解雇された貧しい中卒女性。数日後、5兆円契約が消滅し会社が一気に崩壊,9787,existing,E:\Data\ObsidianVault\02_Channels\シニア朗読\競合リサーチ\サムネ企画検索ポータル_20260605\thumbnail_assets\9hY7It67FF8.jpg,187187,
oG22u9jRqgE,静かなる英雄たち,「お帰りください」高級フレンチで追い返された老夫婦。しかし裏の洋食屋で起きた出来事に、支配人は凍りついた――。,9743,existing,E:\Data\ObsidianVault\02_Channels\シニア朗読\競合リサーチ\サムネ企画検索ポータル_20260605\thumbnail_assets\oG22u9jRqgE.jpg,230146,
HxBFpwCT7_w,人生の光と影 朗読館,置き去りにされた園児を救い、工場をクビになったパート主婦。翌日、彼女のアパートに黒塗りの高級車が現れて…,9739,,,0,db_thumbnail_url: HTTPError
4b44uDEmiXc,お茶の間TV 〈スカッと感動〉,煽り運転のチンピラ「どけジジイ！道開けろ」→ヤクザ事務所の前で怒鳴り散らした結果..　【スカッとする話】 YAKUZA,9719,existing,E:\Data\ObsidianVault\02_Channels\シニア朗読\競合リサーチ\サムネ企画検索ポータル_20260605\thumbnail_assets\4b44uDEmiXc.jpg,272877,
eLtcKy41qsk,人生の縁側,中卒はクビ。女性の正体を知らない新社長。「わかりました」職場から消えた結果。。。,9717,existing,E:\Data\ObsidianVault\02_Channels\シニア朗読\競合リサーチ\サムネ企画検索ポータル_20260605\thumbnail_assets\eLtcKy41qsk.jpg,170561,
IrC-k7G5DqY,人生はバラ色,「貧乏人が全額出金？どうぞご自由にw」おばあちゃんの病気を治すために、預金を下ろしに来た少女を侮辱したエリート銀行員。「…わかりました」5000億円が解約した結果…,9648,existing,E:\Data\ObsidianVault\02_Channels\シニア朗読\競合リサーチ\サムネ企画検索ポータル_20260605\thumbnail_assets\IrC-k7G5DqY.jpg,228149,
vdQyv1TwzEc,感動スカっと人生録,「クビだ！」所持金50円の泣く少女に自腹でケーキを買った貧乏アルバイト→3日後、1台のベンツが停まり…,9645,,,0,db_thumbnail_url: HTTPError
869AmTeCfyM,面白きかな人生,「小銭なんか持ってくんなよな」エリート銀行員に嘲笑された女子高生→翌朝“3000億”が消えた…【面白きかな人生】,9593,existing,E:\Data\ObsidianVault\02_Channels\シニア朗読\競合リサーチ\サムネ企画検索ポータル_20260605\thumbnail_assets\869AmTeCfyM.jpg,264130,
6wZLTvXmxZ8,お茶の間TV 〈スカッと感動〉,地上げヤクザによる脅される銭湯。無口の常連老人の正体にヤクザが震え上がる..【スカッとする話】 YAKUZA,9586,existing,E:\Data\ObsidianVault\02_Channels\シニア朗読\競合リサーチ\サムネ企画検索ポータル_20260605\thumbnail_assets\6wZLTvXmxZ8.jpg,213433,
FW44PmLwvJg,人生逆転ストーリー,「老害は早く消えろ」60歳の熟練工を嘲笑した営業部長　数日後、500億契約の席に“取引先役員”として現れた人物は…,9573,,,0,db_thumbnail_url: HTTPError
Ca7sUmj_XpM,人生はバラ色,「親が金持ちなら専用車呼べよｗ」修学旅行で置き去りにされた女子中学生。後日、学校に100台のリムジンが現れ,9557,existing,E:\Data\ObsidianVault\02_Channels\シニア朗読\競合リサーチ\サムネ企画検索ポータル_20260605\thumbnail_assets\Ca7sUmj_XpM.jpg,235222,
FgLaYy-P0CU,人生ドラマ館,廃業寸前のラーメン屋にボロボロの赤子を抱いた少女が来店。「これしかお金持ってなくて…」ギャル「財布しまって」→涙の真相を知り助けた結果…,9542,existing,E:\Data\ObsidianVault\02_Channels\シニア朗読\競合リサーチ\サムネ企画検索ポータル_20260605\thumbnail_assets\FgLaYy-P0CU.jpg,238601,
M3H-VMPuchc,人生のヒカリ,【パンとかえてくだしゃい】パチンコ玉を差し出す少女におごった結果...【感動する話】,9517,existing,E:\Data\ObsidianVault\02_Channels\シニア朗読\競合リサーチ\サムネ企画検索ポータル_20260605\thumbnail_assets\M3H-VMPuchc.jpg,261966,
Or-BRTwTkaw,人生の光と影 朗読館,近所の海で溺れる少女を救った貧乏OL。だが数日後、助けた子の父親の“正体”を知り全員が凍りつく…,9501,,,0,db_thumbnail_url: HTTPError
24gBPaiJNX8,面白きかな人生,「親のいないお前と結婚するわけないだろｗ」同級生の社長令息から結婚ドタキャンされた孫→祖母「覚悟はよろしいですか？」令息「え？」【面白きかな人生】,9485,existing,E:\Data\ObsidianVault\02_Channels\シニア朗読\競合リサーチ\サムネ企画検索ポータル_20260605\thumbnail_assets\24gBPaiJNX8.jpg,270776,
8hMohuDLTKM,人生は七色,娘の結婚式で狂ったように吠える柴犬。数分後、警察がやってきて衝撃の事実が発覚する…,9484,,,0,db_thumbnail_url: HTTPError
PERAx40o9BU,人生逆転ドラマシアター,「これっぽっちの残高なら、他の銀行に行って」 コンビニの制服姿を見て嘲笑した銀行員──翌日、10兆円消失で銀行が崩壊,9477,,,0,db_thumbnail_url: HTTPError
4UiM-biJ3L8,人生ドラマ座,「旦那がヤクザ？脅してるつもり？呼んでみなさいよ」同窓会で元いじめっ子の社長夫人に晒し者にされた私（60歳）「呼びますね」3分後、50台の黒塗り高級車が現れ...,9476,existing,E:\Data\ObsidianVault\02_Channels\シニア朗読\競合リサーチ\サムネ企画検索ポータル_20260605\thumbnail_assets\4UiM-biJ3L8.jpg,185434,
gJmdAkWwDlU,静かなる英雄たち,「そんなボロ服で」銀行で冷遇された老夫婦「10億を一括返済します」5分後、全行員が凍りついたーー。,9471,existing,E:\Data\ObsidianVault\02_Channels\シニア朗読\競合リサーチ\サムネ企画検索ポータル_20260605\thumbnail_assets\gJmdAkWwDlU.jpg,210431,
AeKgVZvw780,人生の温もり,雨の夜、スナックの前に捨てられた赤ちゃんを72歳の老人が拾った→「俺が育てる」→21年後、彼女が2000人の前で歌った曲の正体とは…【感動する話】,9451,existing,E:\Data\ObsidianVault\02_Channels\シニア朗読\競合リサーチ\サムネ企画検索ポータル_20260605\thumbnail_assets\AeKgVZvw780.jpg,234611,
4qGl6vSWaxI,面白きかな人生,「中卒は仕事してなさいｗ」社長令嬢から社員旅行に来るなと言われ置き去りに→翌日、全責任者が私だと判明した結果…【面白きかな人生】,9449,existing,E:\Data\ObsidianVault\02_Channels\シニア朗読\競合リサーチ\サムネ企画検索ポータル_20260605\thumbnail_assets\4qGl6vSWaxI.jpg,239625,
Hqk7vrZfT3Q,【スカッと朗読】シニアドラマ館,【スカッと】正月のおせちを侮辱された母が、家族と会社を同時に切り捨てた日【シニアライフ】【60代以上の方へ】,9415,existing,E:\Data\ObsidianVault\02_Channels\シニア朗読\競合リサーチ\サムネ企画検索ポータル_20260605\thumbnail_assets\Hqk7vrZfT3Q.jpg,180584,
pxc-3qO0mTg,人生逆転ストーリー,「解約できるもんならしてみろ」高級料亭で老人を見下した銀行員→翌日30億円の預金流出で支店崩壊！,9401,,,0,db_thumbnail_url: HTTPError
6ym3m9SQWSQ,人生ドラマ館,クラスで浮いていた金髪ギャル女子高生。ボロ服でガリガリに痩せた男子と捨て猫に、毎朝余ったパンを渡していた。→10年後、誤認逮捕の窮地のギャルに黒服の男性が現れて…,9369,existing,E:\Data\ObsidianVault\02_Channels\シニア朗読\競合リサーチ\サムネ企画検索ポータル_20260605\thumbnail_assets\6ym3m9SQWSQ.jpg,152496,
3aUHfxMODGQ,人生ドラマ館,川に落ちた子供を救いズブ濡れになった就活中のキャバ嬢の女性　大手航空会社の最終面接に遅刻してしまった結果…,9350,existing,E:\Data\ObsidianVault\02_Channels\シニア朗読\競合リサーチ\サムネ企画検索ポータル_20260605\thumbnail_assets\3aUHfxMODGQ.jpg,203078,
rSDvxxEd3y8,静かなる英雄たち,「お荷物社員なんで」蔑まれ続け契約を切られた老技術者。だが彼が退職した翌週、役員全員が崩れ落ちた理由とは――。,9347,existing,E:\Data\ObsidianVault\02_Channels\シニア朗読\競合リサーチ\サムネ企画検索ポータル_20260605\thumbnail_assets\rSDvxxEd3y8.jpg,162786,
dP-1Juo0qgI,静かなる英雄たち,「時代遅れですね」大手出版社のシニアインターン面接で嘲笑されたおじいさん。だが後日、その会社の社長が凍りついた理由とは――。,9343,existing,E:\Data\ObsidianVault\02_Channels\シニア朗読\競合リサーチ\サムネ企画検索ポータル_20260605\thumbnail_assets\dP-1Juo0qgI.jpg,166570,
swMachYWiqI,面白きかな人生,「貧乏人は試乗すんな！」高級ディーラーに見下された71歳男性、翌日、競合店で10台6000万一括購入に営業マンが顔面蒼白【面白きかな人生】,9315,existing,E:\Data\ObsidianVault\02_Channels\シニア朗読\競合リサーチ\サムネ企画検索ポータル_20260605\thumbnail_assets\swMachYWiqI.jpg,188475,
s4wAIrNfqw8,静かなる英雄たち,空港の入国審査で足止めされたおじいさん。彼が見せた“ひとつのパス”に係員全員が直立不動になった――。,9305,existing,E:\Data\ObsidianVault\02_Channels\シニア朗読\競合リサーチ\サムネ企画検索ポータル_20260605\thumbnail_assets\s4wAIrNfqw8.jpg,192073,
2rDx1f3txWg,人生逆転ドラマch,真冬の川に突き落とされる女子高生。30年後，いじめっ子と再開した結果…,9304,existing,E:\Data\ObsidianVault\02_Channels\シニア朗読\競合リサーチ\サムネ企画検索ポータル_20260605\thumbnail_assets\2rDx1f3txWg.jpg,133836,
BSG-AKROTSY,静かなる英雄たち,「お帰りください」進学塾で冷遇されたおじいさんと孫。だが1時間後、小学生の孫が難問を解き終えるとーー。,9302,existing,E:\Data\ObsidianVault\02_Channels\シニア朗読\競合リサーチ\サムネ企画検索ポータル_20260605\thumbnail_assets\BSG-AKROTSY.jpg,155070,
xZrElSW1tiY,人生のドラマTV,アメリカで差別された、貧しい日本人整備士。ある日、道端で車を修理してヤクザを救う。すると後日、黒塗りの高級車が工場に現れて…,9292,existing,E:\Data\ObsidianVault\02_Channels\シニア朗読\競合リサーチ\サムネ企画検索ポータル_20260605\thumbnail_assets\xZrElSW1tiY.jpg,232991,
DI-5ChVtQ5w,人生逆転ドラマシアター,「今すぐ300億返してみろよｗ」町工場の老人を笑うエリート行員。→1分後、完済＆全預金を引き出し。銀行が真っ青「あの、うちの支店の現金が底を突いたんですが…」,9279,,,0,db_thumbnail_url: HTTPError
vusXhUGzvAY,感動スカっと人生録,「作成者ならわかりますよね」仕事を横取りした係長に 3つ質問した派遣社員→一問ごとに会議室が静まり返った,9264,,,0,db_thumbnail_url: HTTPError
V_rCe13vLwU,人生ドラマ座,「どうせ買えないでしょ？」シングルマザーを嘲笑した高級車ディーラの支店長。だが翌日、一本の電話で彼は全てを失うことに…,9263,existing,E:\Data\ObsidianVault\02_Channels\シニア朗読\競合リサーチ\サムネ企画検索ポータル_20260605\thumbnail_assets\V_rCe13vLwU.jpg,233293,
eFhf-r8Ia04,人生逆転ストーリー,「私の父は頭取よ？悔しかったら会長でも呼んでみなさいよ」と嘲笑された清掃員の老婦人「…わかりました」と一本の電話をかけた結果…,9249,,,0,db_thumbnail_url: HTTPError
UWgr7Nxz1NY,人生逆転ストーリー,不当解雇で生活苦のシングルマザー　駅で倒れた老人を助けた翌日、会社から呼び出され…,9237,,,0,db_thumbnail_url: HTTPError
qI_k6pvF-SQ,人生逆転ストーリー,「ボロ工場だな」下請けを切り捨てた男――翌日“50億円契約破棄”で業界が凍りつく,9223,,,0,db_thumbnail_url: HTTPError
OCouLbfsQfU,人生ドラマ館,桜の下で1人ポツンと座るボロボロの少女を「お花見しよう」とうどんをご馳走した結果→1年後まさかの展開に…,9195,existing,E:\Data\ObsidianVault\02_Channels\シニア朗読\競合リサーチ\サムネ企画検索ポータル_20260605\thumbnail_assets\OCouLbfsQfU.jpg,242770,
-0koJWEGUD8,面白きかな人生,「その格好で面接にくるってｗ」ボロボロスーツの陰キャ女性を嘲笑した元上司→取引先で再会した瞬間、全員が凍りついた【面白きかな人生】,9188,existing,E:\Data\ObsidianVault\02_Channels\シニア朗読\競合リサーチ\サムネ企画検索ポータル_20260605\thumbnail_assets\-0koJWEGUD8.jpg,291415,
2FVfSnc4fN8,人生は七色,全ての終わりを確信していた車イスの女性は、みすぼらしい老人の手によって救われるのでした,9183,existing,E:\Data\ObsidianVault\02_Channels\シニア朗読\競合リサーチ\サムネ企画検索ポータル_20260605\thumbnail_assets\2FVfSnc4fN8.jpg,346871,
Bf1fEIhIazs,人生の光と影 朗読館,歩道橋で妊婦を助け大事な商談に遅れた派遣OL。数日後、鳴り止まぬ電話が運んだ奇跡とは…,9182,,,0,db_thumbnail_url: HTTPError
gzZWutFq-B0,人生逆転ドラマch,｢ＶＩＰなら専用車呼べよw｣修学旅行で置き去りにされた女子高生。数時間後，1000台の黒塗り高級車が現れ...,9175,existing,E:\Data\ObsidianVault\02_Channels\シニア朗読\競合リサーチ\サムネ企画検索ポータル_20260605\thumbnail_assets\gzZWutFq-B0.jpg,167867,
q5pLPdquqNA,お茶の間TV 〈スカッと感動〉,ヤクザ妻｢500万割り勘ねw」好き放題追加するボスママ→私「姉に相談しますね」→大姐宅を訪れたママ友夫婦の末路【スカッとする話】 YAKUZA,9171,existing,E:\Data\ObsidianVault\02_Channels\シニア朗読\競合リサーチ\サムネ企画検索ポータル_20260605\thumbnail_assets\q5pLPdquqNA.jpg,279763,
922VPwCTDTQ,人生ドラマTV,姑に追い出された嫁が、300万円で貧乏兄妹の命を救った。3ヶ月後、黒塗りの高級車が現れ...姑に仕返しをくらわせた！,9162,existing,E:\Data\ObsidianVault\02_Channels\シニア朗読\競合リサーチ\サムネ企画検索ポータル_20260605\thumbnail_assets\922VPwCTDTQ.jpg,273160,
IJG1jy8DlHs,人生のシナリオ,江戸時代から続く老舗料亭に所持金０円の少女が来店「これと交換で何か食べさせてください」料亭主「お腹いっぱい食べていいよ」→10年後、倒産危機に美女が現れ…【感動する話】,9151,existing,E:\Data\ObsidianVault\02_Channels\シニア朗読\競合リサーチ\サムネ企画検索ポータル_20260605\thumbnail_assets\IJG1jy8DlHs.jpg,140771,
vpB4zdQwYJ0,人生のヒカリ,「このタダ券で娘に唐揚げ一個もらえませんか」ボロボロのタダ券で唐揚げ1個をすがるボロボロ母娘に唐揚げ定食をおごった結果【感動する話】,9131,existing,E:\Data\ObsidianVault\02_Channels\シニア朗読\競合リサーチ\サムネ企画検索ポータル_20260605\thumbnail_assets\vpB4zdQwYJ0.jpg,243404,
elvx7Q8NfRI,人生の輝き,「中卒は掃除だけしてろｗ」入社式で新入社員を侮辱する部長→新入社員「分かりました…」翌日、本当に掃除を始めると部長は顔面蒼白に…,9108,existing,E:\Data\ObsidianVault\02_Channels\シニア朗読\競合リサーチ\サムネ企画検索ポータル_20260605\thumbnail_assets\elvx7Q8NfRI.jpg,236087,
-FuRbXjynWE,潮見組　人情列伝,誰もが見て見ぬふりをして通り過ぎる倒れるヤクザを助けた耳の聞こえない少女。後日、病院に100台ものバイクが集結し…【感動する話】,9102,existing,E:\Data\ObsidianVault\02_Channels\シニア朗読\競合リサーチ\サムネ企画検索ポータル_20260605\thumbnail_assets\-FuRbXjynWE.jpg,258814,
NP8kVAmYnTM,人生逆転ストーリー,「この歳でまだバイト？」同窓会でバカにされた作業服の女性──30分後、その場にいた全員が青ざめた,9100,,,0,db_thumbnail_url: HTTPError
Vxgzw0LIqXo,人生ドラマ座,「貧乏人w」と虐められた少女、修学旅行に一機のヘリが飛来し･･･,9093,existing,E:\Data\ObsidianVault\02_Channels\シニア朗読\競合リサーチ\サムネ企画検索ポータル_20260605\thumbnail_assets\Vxgzw0LIqXo.jpg,190254,
REu2oCwg1VU,静かなる英雄たち,「そんなボロ帽子で」ホテルのバーであしらわれたおじいさん。だがその20分後、バーテンダーが凍りついたーー。,9082,existing,E:\Data\ObsidianVault\02_Channels\シニア朗読\競合リサーチ\サムネ企画検索ポータル_20260605\thumbnail_assets\REu2oCwg1VU.jpg,220982,
fK9PEzdUzuQ,人生逆転ストーリー,「もっと安いところに頼むから一億円の取引キャンセルな」大企業に踏みにじられた下請けの町工場──数ヶ月後、取引先社長が“会社崩壊で”土下座！,9077,,,0,db_thumbnail_url: HTTPError
ZK5RBumSK_Y,人生ドラマ館,「クビよ」おにぎりを児童に分けたギャル清掃員を即日解雇した校長　数日後、校門前に黒塗りの車が現れて...,9043,existing,E:\Data\ObsidianVault\02_Channels\シニア朗読\競合リサーチ\サムネ企画検索ポータル_20260605\thumbnail_assets\ZK5RBumSK_Y.jpg,140082,
_qEXElnLZ2E,人生の光と影 朗読館,迷子の少女を助け商談をキャンセルし「無責任だ」と責められた女性。だが翌日、少女が“社長の孫”と判明し空気が一変する…,9035,,,0,db_thumbnail_url: HTTPError
poHMy8iF6MA,人生の光と影 朗読館,街で苦しんでいるお婆さんに全財産3000円を渡した貧乏女子学生。翌朝、学校の前に黒塗りの高級車が現れて...,9031,,,0,db_thumbnail_url: HTTPError
CphEqdEwEG8,人生の光と影 朗読館,公園で震えてるホームレスのお婆さんに服を渡した貧乏就活生。面接官が見ていたその後の展開に涙…,9025,,,0,db_thumbnail_url: HTTPError
l9EJqbW1OkQ,面白きかな人生,「VIPの娘なら自力で来れるだろ？」海外研修で置き去りにされた少女→翌朝、滑走路に○○の専用機が現れ…【面白きかな人生】,9019,existing,E:\Data\ObsidianVault\02_Channels\シニア朗読\競合リサーチ\サムネ企画検索ポータル_20260605\thumbnail_assets\l9EJqbW1OkQ.jpg,262408,
tplKWv_UAVY,人生ドラマ座,「クビにしとくから一生寝とけw」私だけが社内全システムを管理している特許技術者と知らず、事故に遭い入院報告をすると嘲笑い見下す部長―「わかりました」そのまま退職し完全に着信拒否した結果,9002,existing,E:\Data\ObsidianVault\02_Channels\シニア朗読\競合リサーチ\サムネ企画検索ポータル_20260605\thumbnail_assets\tplKWv_UAVY.jpg,258990,
JAKG5BJ_spQ,人生の縁側,心肺停止の少年を助けて100億円の契約がかかった出国便に乗り遅れたOL。「退職届出せ！今すぐクビだ！」その後、黒塗りの高級車が次々と現れ…,8991,existing,E:\Data\ObsidianVault\02_Channels\シニア朗読\競合リサーチ\サムネ企画検索ポータル_20260605\thumbnail_assets\JAKG5BJ_spQ.jpg,205512,
RTKF3eLuO-M,人生劇場放送局,【スカッと】「親父の月収14万？」と笑われた貧乏学生。15年後、大企業社長になり同級生が驚愕...。【シニア】,8988,existing,E:\Data\ObsidianVault\02_Channels\シニア朗読\競合リサーチ\サムネ企画検索ポータル_20260605\thumbnail_assets\RTKF3eLuO-M.jpg,141947,
r9cuzPKSCSM,感動スカっと人生録,「コロッケなんて貧乏の味でしょ」高校時代そう笑った令嬢が、10年後私の店に通い続けた理由,8975,,,0,db_thumbnail_url: HTTPError
Uh44ItGVfQw,人生はバラ色,「ジャージのガキが社長？w辞めさせてみろよ」体操着で重役会議に現れた14歳の少女をゴミ扱いした役員たち→「…いいですよ」翌日、全役員に解任通知が届いた,8923,existing,E:\Data\ObsidianVault\02_Channels\シニア朗読\競合リサーチ\サムネ企画検索ポータル_20260605\thumbnail_assets\Uh44ItGVfQw.jpg,225167,
wrweakP7dmU,面白きかな人生,「看病ごときで休んでんじゃねぇ！」有休は俺の許可制と罵られた派遣OL。翌週、人事部から1本の電話が架かってきた【面白きかな人生】,8922,existing,E:\Data\ObsidianVault\02_Channels\シニア朗読\競合リサーチ\サムネ企画検索ポータル_20260605\thumbnail_assets\wrweakP7dmU.jpg,277047,
pAiI7y_ND8c,愛しき人の人生日記,「悔しかったら大地主でも呼んでみなさいよ」雑用係の女性が静かに電話すると…10分後、高級車が続々と現れ…,8917,existing,E:\Data\ObsidianVault\02_Channels\シニア朗読\競合リサーチ\サムネ企画検索ポータル_20260605\thumbnail_assets\pAiI7y_ND8c.jpg,232215,
6gICAq3MCzY,面白きかな人生,万引き老人をかばった貧乏就活生。翌朝コンビニに現れた“黒スーツ集団”が彼の運命を一変させる【面白きかな人生】,8896,,,0,db_thumbnail_url: HTTPError
GGjICeC_Kj4,人生の光と影 朗読館,駅で急に倒れたお爺さんを介抱した27歳派遣OL。翌日、不当解雇でクビになった会社から呼び出され...,8881,,,0,db_thumbnail_url: HTTPError
bs0NA-OTgGM,人生の光と影 朗読館,老人を助けて3分遅刻しただけで罵倒された女性運転手。翌朝、会社に現れた“黒塗りの車”を見て上司の顔が真っ青に…,8880,,,0,db_thumbnail_url: HTTPError
k4t92aOxBcU,人生のヒカリ,改札口で切符を無くして困っているお婆さんに貧乏清掃員が200円あげたら、翌日会社に沢山ヤバそうな男性が押しかけてきて...【スカッと朗読】,8879,existing,E:\Data\ObsidianVault\02_Channels\シニア朗読\競合リサーチ\サムネ企画検索ポータル_20260605\thumbnail_assets\k4t92aOxBcU.jpg,162343,
a4fZpijBBbE,人生は贈り物,余命半年で入院する天涯孤独の俺 → 入院先の担当看護師は25年ぶりの初恋の相手だった・・・　【感動する話】,8858,existing,E:\Data\ObsidianVault\02_Channels\シニア朗読\競合リサーチ\サムネ企画検索ポータル_20260605\thumbnail_assets\a4fZpijBBbE.jpg,225301,
5ANjVvNz0IE,人生の輝き,工場見学中に心臓発作で倒れたお爺さんを助けた貧乏な派遣社員。病院への付き添い中に彼女はお爺さんに夫の介護と派遣切りの不安を聞いてもらう。翌朝、いつものように出勤すると彼女の契約内容は全て変わっていた…,8820,,,0,db_thumbnail_url: HTTPError
XrJetYLKpTg,人生の光と影 朗読館,銀行で支店長に蔑まれるシングルマザーの清掃員。翌日、車椅子の身なりの良い老人が彼女の前にに訪れ…,8801,,,0,db_thumbnail_url: HTTPError
-27KNYAldfs,人生劇場放送局,【スカッと】貧乏のフリしてお見合いで再会。元カノ「夢を諦めてフリーター？」【シニア】,8800,existing,E:\Data\ObsidianVault\02_Channels\シニア朗読\競合リサーチ\サムネ企画検索ポータル_20260605\thumbnail_assets\-27KNYAldfs.jpg,218504,
lJwu4HJBAPo,人生ドラマ座,「田舎の無能医」と笑われた男の正体は――実は国を動かす天才外科医だった⁉,8790,existing,E:\Data\ObsidianVault\02_Channels\シニア朗読\競合リサーチ\サムネ企画検索ポータル_20260605\thumbnail_assets\lJwu4HJBAPo.jpg,236579,
rBBZm1W74F8,人生逆転ドラマch,「大学行けないとかマジ底辺w」高校の卒業式で同級生にバカにされる私。校長「あなた卒業できませんよ」同級生「え？」,8781,existing,E:\Data\ObsidianVault\02_Channels\シニア朗読\競合リサーチ\サムネ企画検索ポータル_20260605\thumbnail_assets\rBBZm1W74F8.jpg,88891,
IpC1Nims6VI,感動スカっと人生録,老人に優しくしただけでクビ。絶望する35歳女性の前に、翌朝3台の高級車が…,8761,,,0,db_thumbnail_url: HTTPError
5tkpGEmtZMQ,人生スカッと物語,「年寄りなんて待たせとけw」銀行で6時間放置されたお婆さん。翌日、全口座解約宣言で銀行中が凍りつく…,8698,,,0,db_thumbnail_url: HTTPError
kAMVUsbf2uw,面白きかな人生,「ここは作業員通路だ！」と追い出された空港清掃員のおばあさん。ところが迷子の旅行者にカザフ語で完璧な道案内をした瞬間、空気が一変した。【面白きかな人生】,8592,,,0,db_thumbnail_url: HTTPError
Zz_8giLp4qQ,【スカッと朗読】シニアドラマ館,【スカッと】クリスマスに孫を押し付けられた私。『暇でしょ』と言った息子夫婦の末路【シニアライフ】【60代以上の方へ】,8590,existing,E:\Data\ObsidianVault\02_Channels\シニア朗読\競合リサーチ\サムネ企画検索ポータル_20260605\thumbnail_assets\Zz_8giLp4qQ.jpg,178557,
LY6BFJYEhGU,人生逆転ストーリー,「海外製のほうが安いだろw」日本の町工場を切った大企業の末路——“たった1ミリの誤差”で3000億の豪華客船が沈没！,8559,,,0,db_thumbnail_url: HTTPError
g-mBTHM_cDQ,人生の縁側,誰も助けなかった貧困学生に手を差し伸べたら…20年後、現れた男の正体に誰もが息をのんだ――奇跡の結末,8546,existing,E:\Data\ObsidianVault\02_Channels\シニア朗読\競合リサーチ\サムネ企画検索ポータル_20260605\thumbnail_assets\g-mBTHM_cDQ.jpg,240242,
SRikA_YaV-4,人生逆転ドラマシアター,「融資してやろうかw」同窓会で嘲笑された老人が翌日“500億口座解約”で支店長を震えさせた理由,8540,,,0,db_thumbnail_url: HTTPError
p9ToNrcH06I,人生スカッと物語,「小銭なんか持ってくんなw」エリート銀行員に見下された老婆…翌朝“2800億円”をライバル銀行に移した結果…,8528,,,0,db_thumbnail_url: HTTPError
BwMLEQZhVdc,人生色々TV,「売れ残りですけど••」薄汚れた男に恐る恐る弁当を渡すと…後日、廃業寸前の弁当屋が異常事態に陥った！？,8519,,,0,db_thumbnail_url: HTTPError
dwd6d5-4uuQ,人生ドラマ座,「私の父は頭取よ？悔しいなら会長でも呼んでみなさいよ」と女性銀行員に嘲笑されたシングルマザーの清掃員。「…わかりました」と即電話をかけた結果…,8508,existing,E:\Data\ObsidianVault\02_Channels\シニア朗読\競合リサーチ\サムネ企画検索ポータル_20260605\thumbnail_assets\dwd6d5-4uuQ.jpg,231502,
BgGVAiTVkc4,愛しき人の人生日記,駅で倒れていた老人を助けた貧乏就活生。翌日、老人が現れて内定を取り消された…,8486,,,0,db_thumbnail_url: HTTPError
_fzyM2sz12k,人生逆転ドラマシアター,盗みの疑いをかけられた老人──“社長の一言”が暴いた、本当の立場とは,8483,,,0,db_thumbnail_url: HTTPError
vV33zzOaNqU,面白きかな人生,「お前の顧客を全部よこせ！」中卒には任せられないとエリート上司に罵られたOL→「いいですよ」とすべて渡した結果ｗ【面白きかな人生】,8478,existing,E:\Data\ObsidianVault\02_Channels\シニア朗読\競合リサーチ\サムネ企画検索ポータル_20260605\thumbnail_assets\vV33zzOaNqU.jpg,265254,
PtdIqcduBM0,心に響く人生ドラマ日誌,高級ホテルで財布を忘れた老人を助けたシングルマザーの清掃員が即日解雇。翌日、黒塗りの高級車が現れ支配人が凍りついた…,8405,existing,E:\Data\ObsidianVault\02_Channels\シニア朗読\競合リサーチ\サムネ企画検索ポータル_20260605\thumbnail_assets\PtdIqcduBM0.jpg,138123,
_QQ2Gf7CsdA,感動スカっと人生録,「そんな予約入ってないけど…」自分のミスなのに私をバカにする同級生社長－翌日、離婚届と契約解除通知に顔面蒼白,8398,,,0,db_thumbnail_url: HTTPError
avcDIEcTwrc,人生ドラマ館,高級百貨店の初売りでギャルを万引き犯扱いし逮捕した警察官 → 数時間後、署長が現れて顔面蒼白…,8397,existing,E:\Data\ObsidianVault\02_Channels\シニア朗読\競合リサーチ\サムネ企画検索ポータル_20260605\thumbnail_assets\avcDIEcTwrc.jpg,169975,
XZ-kmTl5Uf4,お茶の間TV 〈スカッと感動〉,スナックでヤクザに絡まれた老人「ボケてんのw？」→直後、黒塗りの車が店を包囲し組長土下座「会長、お怪我は？」ヤクザ「え？」【スカッとする話】,8397,existing,E:\Data\ObsidianVault\02_Channels\シニア朗読\競合リサーチ\サムネ企画検索ポータル_20260605\thumbnail_assets\XZ-kmTl5Uf4.jpg,155710,
-l5MSeihkHY,感動スカっと人生録,倒れたおばあさんを助けて受験に遅刻した貧乏女子高生→その3日後、ある人物が放った一言に全員絶句,8343,,,0,db_thumbnail_url: HTTPError
GNDZk7ZtleM,人生のシナリオ,「貧乏人は帰れ」そば屋で冷遇された老人。だが、20歳の店員だけは蕎麦をふるまった。後日、店の前に白衣の職人が次々と現れ…,8342,existing,E:\Data\ObsidianVault\02_Channels\シニア朗読\競合リサーチ\サムネ企画検索ポータル_20260605\thumbnail_assets\GNDZk7ZtleM.jpg,135930,
op0b61nP2x8,人生の輝き,ビンタされた清掃員を庇った新人OLにクビを告げたエリート部長。翌朝、会社から部長のデスクが消えていました…,8331,,,0,db_thumbnail_url: HTTPError
deYZe-RE0S4,面白きかな人生,「中卒のゴミはいらね！見せしめだ」と私物を焼いた二代目社長。だが翌日、特許が97％消え売上蒸発！社長が土下座で大発狂！【面白きかな人生】,8326,existing,E:\Data\ObsidianVault\02_Channels\シニア朗読\競合リサーチ\サムネ企画検索ポータル_20260605\thumbnail_assets\deYZe-RE0S4.jpg,195910,
WPzm6Z6GtEg,人生のギフト,「娘に1本だけもらえませんか？」生活保護を受けられなくなったボロ服の母娘が焼き鳥屋店主に現れ…→月収20万円で雇った結果【感動する話】,8317,existing,E:\Data\ObsidianVault\02_Channels\シニア朗読\競合リサーチ\サムネ企画検索ポータル_20260605\thumbnail_assets\WPzm6Z6GtEg.jpg,218902,
Fly0rjXA3BA,人生劇場放送局,【スカッと】「中卒は左遷だ！」地方の町工場が売上最高に。ある日、女社長「あなた一体何者なの？」【シニア】,8306,existing,E:\Data\ObsidianVault\02_Channels\シニア朗読\競合リサーチ\サムネ企画検索ポータル_20260605\thumbnail_assets\Fly0rjXA3BA.jpg,230166,
OTc8zOOnezc,人生ドラマ館,亡き母の最期のメモ。大雨の中震える手で電話をかけた夜…直後、貧民街を埋め尽くす黒塗りの高級車が現れて…,8299,existing,E:\Data\ObsidianVault\02_Channels\シニア朗読\競合リサーチ\サムネ企画検索ポータル_20260605\thumbnail_assets\OTc8zOOnezc.jpg,171171,
08VDY6RtxDU,人生逆転ドラマch,同僚に騙され地下室に置き去りにされた私。1人で震えていたらイケメン上司が現れ…,8280,existing,E:\Data\ObsidianVault\02_Channels\シニア朗読\競合リサーチ\サムネ企画検索ポータル_20260605\thumbnail_assets\08VDY6RtxDU.jpg,206720,
E9-1HJgLhfk,人生逆転ドラマシアター,「年金で足りる？」高級寿司店の女将に嘲笑され門前払いされた老夫婦。翌日店の前に黒塗りの高級車が停まった瞬間、女将は顔面蒼白,8271,,,0,db_thumbnail_url: HTTPError
kOruZdkRGRc,人生ドラマTV,廃業寸前の食堂の大将が家なし母娘に御馳走→なぜか父親が食堂を潰しに来た→思い出のハンバーグを食べさせた結果･･･【感動する話】,8246,existing,E:\Data\ObsidianVault\02_Channels\シニア朗読\競合リサーチ\サムネ企画検索ポータル_20260605\thumbnail_assets\kOruZdkRGRc.jpg,165625,
MrCeGUyj6r8,人生は100年,父の手術費300万のため屈辱に耐えるホステス...床を舐めろと言われた瞬間、掃除夫の老人が突然立ち上がり→彼の正体を知った時、その場にいた全員が凍りついた【感動する話】,8231,existing,E:\Data\ObsidianVault\02_Channels\シニア朗読\競合リサーチ\サムネ企画検索ポータル_20260605\thumbnail_assets\MrCeGUyj6r8.jpg,166478,
h1gOEgVw5JM,人生の輝き,「悔しいなら早く社長妻になりなさいよw」会社のパーティーで部長妻に侮辱された女性。「…ではなりますね」→直後、部長妻は土下座して命乞いを始めた…,8227,,,0,db_thumbnail_url: HTTPError
Mq4fv-yMM4k,愛しき人の人生日記,駅で倒れたお婆さんを助け商談に遅れたOL。数日後、電話が鳴り止まず…,8200,,,0,db_thumbnail_url: HTTPError
mwgZ_SX_CBQ,人生ドラマ館,最低な高校教師が教え子のいじめを隠蔽し不登校に→後日校門に黒塗りの車が集結し、学校中が凍りつく…,8197,,,0,db_thumbnail_url: HTTPError
qmSTh0oegCA,潮見組　人情列伝,耳の聞こえない補聴器の少年をいじめた不良たち。翌日、彼らの目の前に特攻服を纏ったバイク軍団が集結し…【感動する話】,8192,existing,E:\Data\ObsidianVault\02_Channels\シニア朗読\競合リサーチ\サムネ企画検索ポータル_20260605\thumbnail_assets\qmSTh0oegCA.jpg,198047,
jgaCDAQj20c,人生ドラマ座,「まさかそれで来たの？w」結婚式で元同級生を嘲笑した社長夫人。翌日、夫の会社の「50億」が突然停止し…彼女は凍りついた。,8176,existing,E:\Data\ObsidianVault\02_Channels\シニア朗読\競合リサーチ\サムネ企画検索ポータル_20260605\thumbnail_assets\jgaCDAQj20c.jpg,136134,
6MB5cIPYfoY,人生色々TV,借金3000万円廃業寸前の銭湯大将がずぶ濡れ母娘をタダで風呂に入れた…後日、３人がまさかの事態に・・・,8152,,,0,db_thumbnail_url: HTTPError
OBX6CHtnwBM,面白きかな人生,「その程度も分からないのかｗ」横柄な部長に失笑される派遣OL。だが、部長の計算ミスが発覚し重要会議が中断！「私IQ200なんで」部長「え？」【面白きかな人生】,8090,existing,E:\Data\ObsidianVault\02_Channels\シニア朗読\競合リサーチ\サムネ企画検索ポータル_20260605\thumbnail_assets\OBX6CHtnwBM.jpg,215586,
otEe7pFq-AU,人生スカッと物語,会長だと知らず話し相手になっていたホテルの清掃員が突然クビに。しかし数日後、黒塗りの高級車が現れ…,8062,,,0,db_thumbnail_url: HTTPError
jG8yno56xE0,人生劇場放送局,【スカッと】「教師失格だ！」孫娘への非道を知った祖父。翌朝、黒服１０００人と共に学校へ乗り込む【シニア】,8035,existing,E:\Data\ObsidianVault\02_Channels\シニア朗読\競合リサーチ\サムネ企画検索ポータル_20260605\thumbnail_assets\jG8yno56xE0.jpg,77354,
_HhnRz264w4,人生はバラ色,「貧乏な旦那を持つと大変だなw」歓迎会でエリート課長に侮辱にされた新人女性社員。 社長「貧乏で悪かったな」課長「え…？」,8034,existing,E:\Data\ObsidianVault\02_Channels\シニア朗読\競合リサーチ\サムネ企画検索ポータル_20260605\thumbnail_assets\_HhnRz264w4.jpg,219098,
7cVTIXH5Y4w,人生ドラマ館,廃業寸前のおにぎり屋を経営する俺。東大卒の元ギャル同級生が挫折して「私には価値がない…」と自信を失い引きこもっていたので雇ったらとんでもないことに…,8009,existing,E:\Data\ObsidianVault\02_Channels\シニア朗読\競合リサーチ\サムネ企画検索ポータル_20260605\thumbnail_assets\7cVTIXH5Y4w.jpg,207322,
eLxD81i-cw8,【スカッと朗読】シニアドラマ館,退院口で置き去りにされた母、翌日“筆頭株主”として帰る。,8006,existing,E:\Data\ObsidianVault\02_Channels\シニア朗読\競合リサーチ\サムネ企画検索ポータル_20260605\thumbnail_assets\eLxD81i-cw8.jpg,156269,
Puf2ZKHPoso,人生スカッと物語,「おい、万引犯！」濡れ衣を着せられたお婆さんを助けた派遣社員。翌日、黒スーツたちが店に現れ…,8005,,,0,db_thumbnail_url: HTTPError
YGBbu3JG6uA,【スカッと朗読】シニアドラマ館,「貧乏人は帰れ！」結婚式で平手打ちされた母。数ヶ月後、すべてを失ったのは彼らの方だった。,8005,existing,E:\Data\ObsidianVault\02_Channels\シニア朗読\競合リサーチ\サムネ企画検索ポータル_20260605\thumbnail_assets\YGBbu3JG6uA.jpg,156768,
qIyVZtcJDEM,潮見組　人情列伝,深夜バイト帰りの娘をナンパするヤクザに普段だらしない父親が一言「今すぐ組長呼べや」→父親の正体に全員が戦慄する結果に【感動する話】,7987,existing,E:\Data\ObsidianVault\02_Channels\シニア朗読\競合リサーチ\サムネ企画検索ポータル_20260605\thumbnail_assets\qIyVZtcJDEM.jpg,345068,
PpVB9tD8Cho,人生逆転ストーリー,「玉子しか食えない貧乏人w」高級寿司店で老夫婦を嘲笑したエリート銀行員──翌日、“500億解約”で銀行が地獄の大パニック！,7970,,,0,db_thumbnail_url: HTTPError
ObIeqrGz_Po,人生のヒカリ,「貧乏老人は来るな」超高級寿司店にボロ服で訪れる老夫婦。ある日、魚が納品されず店主は凍り...,7970,existing,E:\Data\ObsidianVault\02_Channels\シニア朗読\競合リサーチ\サムネ企画検索ポータル_20260605\thumbnail_assets\ObIeqrGz_Po.jpg,137213,
3KDO7eBwdUI,人生ドラマ館,財閥の娘だが成績最下位の素行不良ギャル→廃業寸前の漁師が仕事を手伝ってもらった結果…,7969,existing,E:\Data\ObsidianVault\02_Channels\シニア朗読\競合リサーチ\サムネ企画検索ポータル_20260605\thumbnail_assets\3KDO7eBwdUI.jpg,253470,
Z5F02tlycdY,感動スカっと人生録,「旦那が中卒？貧乏暇なしね」夫を馬鹿にしたママ友→翌日、彼女の夫の会社は倒産まっしぐらに…,7964,,,0,db_thumbnail_url: HTTPError
j8PPrCEgQ1w,人生の輝き,「ウチの息子とは不釣り合い」お見合いで相手女性の学歴を見下す大手企業の役員妻。女性「…残念ですが確かにそうですね」→翌日、夫のデスクがオフィスから消え失せていた…,7963,,,0,db_thumbnail_url: HTTPError
xYAosWoA4Fo,人生逆転ストーリー,常務に見下された19歳契約社員　だが彼女の懐中時計を見た会長は「まさか…君は」と言葉を失った,7953,existing,E:\Data\ObsidianVault\02_Channels\シニア朗読\競合リサーチ\サムネ企画検索ポータル_20260605\thumbnail_assets\xYAosWoA4Fo.jpg,228112,
prpv5mAe3zg,【スカッと朗読】シニアドラマ館,「ご祝儀だけ置いて帰れ」冷遇された母に…花嫁の涙のスピーチが刺さる,7949,existing,E:\Data\ObsidianVault\02_Channels\シニア朗読\競合リサーチ\サムネ企画検索ポータル_20260605\thumbnail_assets\prpv5mAe3zg.jpg,155217,
NVeQ2JbpyzI,人生スカッと物語,「退職金ゼロ」と嘲笑された清掃員の老婆。翌日、銀行を黒塗りの高級車が包囲した理由に全員が凍りついた…,7945,,,0,db_thumbnail_url: HTTPError
4srvWlXKC68,人生色々TV,段ボールの男におでんを差し出した屋台店主…数年後店が潰れ瀕死の彼女の前に現れたのは・・・,7929,,,0,db_thumbnail_url: HTTPError
tu0ZGrg4XH4,感動スカっと人生録,明日から無職のOL、残金2000円しかないのに見知らぬ老人にそばを奢ったらー1ヶ月後、黒塗りの車が待っていた…,7920,,,0,db_thumbnail_url: HTTPError
Jb9gzkdu0pU,感動スカっと人生録,「学歴ない人は黙ってて」海外クライアントの前で侮辱された27歳契約社員…VIPの一言で、全員が凍りついた,7910,,,0,db_thumbnail_url: HTTPError
_6PhdhZdNeE,愛しき人の人生日記,道で倒れた妊婦を助け面接に遅刻した就活生。不採用となった翌日､１本の電話がかかって来て,7909,,,0,db_thumbnail_url: HTTPError
LCnY9RmEttQ,【スカッと朗読】シニアドラマ館,孫の誕生日に「もう関わらないで」と追い出された私。翌日、私が保証人を外した途端、息子夫婦が全てを失って号泣w,7884,existing,E:\Data\ObsidianVault\02_Channels\シニア朗読\競合リサーチ\サムネ企画検索ポータル_20260605\thumbnail_assets\LCnY9RmEttQ.jpg,160382,
JbNhqrN8hTE,静かなる英雄たち,「気の毒ね」「知らない人です」名門大学の卒業式で嘲笑され、孫にも拒否されたおばあさん。だが海外ゲストが深々と頭を下げた瞬間、全員が言葉を失った――,7872,existing,E:\Data\ObsidianVault\02_Channels\シニア朗読\競合リサーチ\サムネ企画検索ポータル_20260605\thumbnail_assets\JbNhqrN8hTE.jpg,194132,
Y6hnIOSEnGs,人生ドラマTV,まさか！3年も信じた介護ヘルパーが...ホームレス少女だけが裏の顔を知っていた「おばあさん、そのケーキ食べないで！」感動の結末に涙が止まらない,7866,existing,E:\Data\ObsidianVault\02_Channels\シニア朗読\競合リサーチ\サムネ企画検索ポータル_20260605\thumbnail_assets\Y6hnIOSEnGs.jpg,184567,
eTuq80fOboY,人生の光と影 朗読館,山で遭難した泥だらけの老夫婦を温泉に入れてあげた17歳の仲居。翌朝、黒塗りの高級車が押し寄せ旅館が騒然...,7857,,,0,db_thumbnail_url: HTTPError
2niujLzgp_8,【スカッと朗読】シニアドラマ館,「母さんは外の人です」──息子の一言で、私の人生は変わった。,7854,existing,E:\Data\ObsidianVault\02_Channels\シニア朗読\競合リサーチ\サムネ企画検索ポータル_20260605\thumbnail_assets\2niujLzgp_8.jpg,172230,
Imqz-QXiiIM,静かなる英雄たち,閉館間際の古美術館、掃除のおばあさんが外国人に見せた一枚の絵に全員が凍りついた。,7833,existing,E:\Data\ObsidianVault\02_Channels\シニア朗読\競合リサーチ\サムネ企画検索ポータル_20260605\thumbnail_assets\Imqz-QXiiIM.jpg,205152,
HzwfRCeDHxA,愛しき人の人生日記,倒れていたお婆さんを背負って病院まで走った貧乏な女子高生。そのお婆さんの正体に誰もが衝撃を受ける...,7824,,,0,db_thumbnail_url: HTTPError
P3hmHMDbyoI,静かなる英雄たち,「100円で天ぷら買えますか？ お母さんに食べさせたい」廃業寸前の天ぷら屋にボロボロの少女が来店。72歳店主が豪華天ぷらを渡した結果……,7799,existing,E:\Data\ObsidianVault\02_Channels\シニア朗読\競合リサーチ\サムネ企画検索ポータル_20260605\thumbnail_assets\P3hmHMDbyoI.jpg,186719,
ey6ITKiFOnQ,人生スカッと物語,「無能な雑用係」と嘲笑され続けた地味OL。商談の日、会社中が息を呑んだ…,7792,,,0,db_thumbnail_url: HTTPError
zA6SWKOtU_M,人生色々TV,まさかの出来事が起き名門ホテルは大ピンチから救われました…,7783,,,0,db_thumbnail_url: HTTPError
r-uFl3woTss,人生色々TV,店が廃業決定に…絶望した店主が「誰か食べて」と外で売ろうとしたら、目に飛び込んできたのが•••,7723,,,0,db_thumbnail_url: HTTPError
9mVZFme8mmM,人生のシナリオ,「汚い貯金箱」と女子大生を侮辱した銀行員…次の瞬間、VIPルームから現れた人物に全員凍りつく【感動する話】,7698,existing,E:\Data\ObsidianVault\02_Channels\シニア朗読\競合リサーチ\サムネ企画検索ポータル_20260605\thumbnail_assets\9mVZFme8mmM.jpg,208323,
QsGymsaCIiA,感動スカっと人生録,バスで車椅子の老婆を助けた私→その時舌打ちした男はピカピカ経歴を誇り、絶望した私は面接官の一言に凍りついた,7696,,,0,db_thumbnail_url: HTTPError
X_SCJRcVum4,人生ドラマ館,6年間、教師ぐるみでいじめられ続けた貧乏女子高生　卒業式で教師といじめっ子の裏の顔を暴露し、強烈な反撃をする！,7682,,,0,db_thumbnail_url: HTTPError
H7bZp5QY_5o,静かなる英雄たち,「下がってろ！邪魔だ！」高級ホテルの厨房で嘲笑されたおばあさん。だが100人のシェフが再現できなかった幻の一品を、一口で完全再現すると――。【総集編】【スカッと】【感動する話】,7661,existing,E:\Data\ObsidianVault\02_Channels\シニア朗読\競合リサーチ\サムネ企画検索ポータル_20260605\thumbnail_assets\H7bZp5QY_5o.jpg,191776,
5BJ-etJeZFs,人生の光と影 朗読館,火事で幼児を救い、最終面接に遅刻した貧乏女子学生。翌日、試験会場に現れた人物に全員が凍りついた…,7644,,,0,db_thumbnail_url: HTTPError
S7VPyKSR_g8,人生の輝き,「お前は用済みだｗ」高学歴部長に切り捨てられた中堅社員→1ヶ月後、会社の全システムがダウンした…,7613,existing,E:\Data\ObsidianVault\02_Channels\シニア朗読\競合リサーチ\サムネ企画検索ポータル_20260605\thumbnail_assets\S7VPyKSR_g8.jpg,204981,
HOGycXmZfdA,人生ドラマ館,高級ホテルラウンジでボスママに馬鹿にされたシングルマザー、15分後、娘の一本の電話で現れた人物に全員が凍りつく…,7612,,,0,db_thumbnail_url: HTTPError
3DkChKJU21s,潮見組　人情列伝,真冬の夜、コンビニ裏で野宿する貧乏姉妹。家族を亡くし絶望していた天涯孤独のヤクザが家に泊めた結果【感動する話】,7609,existing,E:\Data\ObsidianVault\02_Channels\シニア朗読\競合リサーチ\サムネ企画検索ポータル_20260605\thumbnail_assets\3DkChKJU21s.jpg,207416,
dyz6DVecgFM,人生の光と影 朗読館,スーパーで万引き犯と間違えられたお爺さんを助けたシングルマザーの店員。翌日、スーパーに現れた老人の正体とは...,7600,,,0,db_thumbnail_url: HTTPError
Tw8seG7YpkE,人生の光と影 朗読館,空港で困っている車椅子のお爺さんにチケットを譲った日本人女性。翌日、大事な試験に遅れ絶望する彼女のもとにシークレットサービスが現れて…,7589,,,0,db_thumbnail_url: HTTPError
Z0JzLV16UFI,人生色々TV,母が務める会社前に居座る浮浪者に温かいおにぎりを渡した娘…後日、母が課長に理不尽な説教を受けるとそこに現れたのが・・・,7584,,,0,db_thumbnail_url: HTTPError
8PZNDYFsocw,人生のシナリオ,10年間「お父さん」と呼べなくなった18歳の娘。ピアノコンクールで突然立ち上がった魚屋の父→その瞬間、会場が凍りついた【感動する話】,7584,existing,E:\Data\ObsidianVault\02_Channels\シニア朗読\競合リサーチ\サムネ企画検索ポータル_20260605\thumbnail_assets\8PZNDYFsocw.jpg,210966,
9u86dkufWYo,潮見組　人情列伝,親が夜逃げし路頭に迷うボロボロの貧乏姉妹「もう生きていけない…」放っておけず極道の妻である母の元に連れて行った結果【感動する話】,7572,existing,E:\Data\ObsidianVault\02_Channels\シニア朗読\競合リサーチ\サムネ企画検索ポータル_20260605\thumbnail_assets\9u86dkufWYo.jpg,282227,
M6P5TvOXHAY,感動スカっと人生録,廃棄おにぎりをホームレスにあげて解雇されたコンビニ女性店員。数日後、彼女の前に黒塗りの車が現れ…,7569,,,0,db_thumbnail_url: HTTPError
ZOYLx_vQci0,静かなる英雄たち,外国人に固まる社長を救った清掃員のおばあさん。「あの人だれ？」名前すら知られていなかった彼女が、会社の運命を変えた――。,7562,existing,E:\Data\ObsidianVault\02_Channels\シニア朗読\競合リサーチ\サムネ企画検索ポータル_20260605\thumbnail_assets\ZOYLx_vQci0.jpg,202649,
w5-9hy9xI3g,愛しき人の人生日記,「貧乏商売は邪魔だ」道端でパンを売る女性のバカにした営業部長。翌日、１通のメール「100億円の契約白紙で」部長「は？」,7556,,,0,db_thumbnail_url: HTTPError
cZ3uWGZMhwQ,人生の輝き,「まだ就職決まってないの？w」大学の卒業式で同級生に見下される女子大生。「入社式で会いましょう」同級生「は？」,7551,,,0,db_thumbnail_url: HTTPError
eNLaFlL99KY,静かなる英雄たち,オーナーだと知らずに話し相手になった結婚式場の清掃員。クビを言い渡された翌日、黒塗りの高級車が式場に止まり――。,7544,existing,E:\Data\ObsidianVault\02_Channels\シニア朗読\競合リサーチ\サムネ企画検索ポータル_20260605\thumbnail_assets\eNLaFlL99KY.jpg,253296,
tFn1JP3hX64,感動スカっと人生録,『英語？無理でしょ』と嘲笑された25歳清掃員ー翌日、その店を潰しオーナーを業界から追放しました,7521,,,0,db_thumbnail_url: HTTPError
NAoE7zNIbDc,人生逆転ドラマシアター,「ジジイはこれでクビだ！」営業部長に米本社役員へのプレゼンを強いられたおじいさんが英語を話し始めた瞬間、全員が凍りついた,7520,,,0,db_thumbnail_url: HTTPError
Y5fcxKrTww4,人生のヒカリ,ヤクザに絡まれた20代のラーメン屋店主を助けた常連の老人はまさかの...,7486,existing,E:\Data\ObsidianVault\02_Channels\シニア朗読\競合リサーチ\サムネ企画検索ポータル_20260605\thumbnail_assets\Y5fcxKrTww4.jpg,146448,
LL9xGO300Is,人生のヒカリ,サバンナRX-3をボロ車と嘲笑された貧乏お爺さん。翌日、国宝級の車と知り、、、,7483,existing,E:\Data\ObsidianVault\02_Channels\シニア朗読\競合リサーチ\サムネ企画検索ポータル_20260605\thumbnail_assets\LL9xGO300Is.jpg,147080,
kgOdyW2PdD8,静かなる英雄たち,"""食器洗いのおばあさん""と見下された日本人…たった一皿の和食にアメリカの高級店が静まり返った。",7461,existing,E:\Data\ObsidianVault\02_Channels\シニア朗読\競合リサーチ\サムネ企画検索ポータル_20260605\thumbnail_assets\kgOdyW2PdD8.jpg,185387,
zzr3r6SQHig,人生は七色,愛犬の散歩中に助けたボロボロホームレスを家に連れ帰るとまさかの正体が判明し、仰天したシングルファーザーの家族にまさかの奇跡が起き始め…【感動する話】,7460,existing,E:\Data\ObsidianVault\02_Channels\シニア朗読\競合リサーチ\サムネ企画検索ポータル_20260605\thumbnail_assets\zzr3r6SQHig.jpg,261506,
4VTW6hT_fPU,人生の光と影 朗読館,駅で妊婦を助けた女子大生。汚れた格好を笑われた翌日、会場の空気が一変した…,7452,,,0,db_thumbnail_url: HTTPError
2QM9L9Afskk,人生ドラマ館,亡くなった母の携帯を開くとある通知が――翌日、孤児３姉弟の前に15の奇跡が次々と起こりはじめる…,7447,existing,E:\Data\ObsidianVault\02_Channels\シニア朗読\競合リサーチ\サムネ企画検索ポータル_20260605\thumbnail_assets\2QM9L9Afskk.jpg,163312,
wSwnnkOCHqI,人生逆転ドラマシアター,「掃除のくせに目障り」清掃員を叩いた社長夫人…後日、夫の会社が消滅し全てが逆転した,7434,,,0,db_thumbnail_url: HTTPError
MIhiaUIgdQY,人生のシナリオ,財布を無くした80歳のお爺さんに弁当を渡した28歳の女性。後日、彼女の前に現れたのはまさかの人物だった…【感動する話】,7419,existing,E:\Data\ObsidianVault\02_Channels\シニア朗読\競合リサーチ\サムネ企画検索ポータル_20260605\thumbnail_assets\MIhiaUIgdQY.jpg,238786,
W1Wr8QFPuvs,静かなる英雄たち,「そんなボロ車で」高級車店で追い返された老夫婦。だが隣の店で170台契約した瞬間、全員が凍りついた――。,7412,existing,E:\Data\ObsidianVault\02_Channels\シニア朗読\競合リサーチ\サムネ企画検索ポータル_20260605\thumbnail_assets\W1Wr8QFPuvs.jpg,220821,
u_tMRhj3krw,静かなる英雄たち,「皿洗いに何がわかる」豪華客船で蔑まれたおじいさん。だが海の上で300人のディナーが崩壊したとき「——少し、手伝ってもいいか」彼が鍋の前に立った瞬間、全員が凍りついた——。,7403,existing,E:\Data\ObsidianVault\02_Channels\シニア朗読\競合リサーチ\サムネ企画検索ポータル_20260605\thumbnail_assets\u_tMRhj3krw.jpg,179319,
sQGZsVelRYw,人生逆転ストーリー,老人を助けて30秒遅刻したOLを公開処刑した上司──翌朝、黒塗りの高級車が会社の前に現れ凍りつく,7399,,,0,db_thumbnail_url: HTTPError
3XdbulnkRp8,人生の輝き,「掃除婦の分際で」と町工場で罵倒されたシングルマザーの清掃員。だが、一台の高級車から現れた人物が「お会いできて光栄です…」,7391,,,0,db_thumbnail_url: HTTPError
_ZTvjuqyg7g,人生の輝き,中卒で家族の生活費を稼ぐ16歳の女の子に「貧乏人の分際で」と罵倒する店長が3日後、彼女の家の前で土下座していた…,7387,,,0,db_thumbnail_url: HTTPError
ZBPjhLmEX0I,感動スカっと人生録,「突然消えた」28歳OL。15年間誰とも関わらなかった清掃員が本気を出した,7375,,,0,db_thumbnail_url: HTTPError
Tuv48IV0URU,面白きかな人生,「貧乏人の子供が来てもムダよｗ」子供の転校先で出会った元同級生ママ友。「そうですね」→次の瞬間、校長「お待ちください！」ママ友「え？」【面白きかな人生】,7373,existing,E:\Data\ObsidianVault\02_Channels\シニア朗読\競合リサーチ\サムネ企画検索ポータル_20260605\thumbnail_assets\Tuv48IV0URU.jpg,259602,
EQaHQ2T91DM,人生のシナリオ,仕出しを注文したら27年前に父を潰した男の娘が配達に来た→憎しみを抱えたまま料理を注文し続けた結果…【感動する話】,7353,existing,E:\Data\ObsidianVault\02_Channels\シニア朗読\競合リサーチ\サムネ企画検索ポータル_20260605\thumbnail_assets\EQaHQ2T91DM.jpg,185614,
NMK8OmJfJEc,人生逆転ドラマシアター,「もう辞めます」66歳の無能扱い社員…最後に残した“置き土産”に全社員が言葉を失った,7345,,,0,db_thumbnail_url: HTTPError
CimR3YfXJ2Y,愛しき人の人生日記,倒れていたおじいさんに全財産5万円を渡した東大生。翌日、アパート前に停まったベンツの持ち主に絶句,7339,,,0,db_thumbnail_url: HTTPError
slSxvx0QTsQ,人生のヒカリ,破産寸前で夫の形見のフェアレディZ432Rを売る老婆。査定のプロが嘲笑した直後、伝説の車と知り...,7318,existing,E:\Data\ObsidianVault\02_Channels\シニア朗読\競合リサーチ\サムネ企画検索ポータル_20260605\thumbnail_assets\slSxvx0QTsQ.jpg,148428,
jKjsI2XabOk,愛しき人の人生日記,廃業寸前の定食屋にやせ細った凍えた少女。「温まっていって」とご馳走したら…,7304,,,0,db_thumbnail_url: HTTPError
M60Cb_wA1nk,人生の糸,電車で倒れた人をただひとり助けた男性。数日後、見知らぬ女性が「あの時の…」【感動する話】,7293,existing,E:\Data\ObsidianVault\02_Channels\シニア朗読\競合リサーチ\サムネ企画検索ポータル_20260605\thumbnail_assets\M60Cb_wA1nk.jpg,257651,
DnBQCZx9c4E,人生ドラマ座,1億円を下ろしに来て冷たく無視された老人――しかし彼が突如5000億円を全額引き出した瞬間、銀行は地獄絵図に！,7285,existing,E:\Data\ObsidianVault\02_Channels\シニア朗読\競合リサーチ\サムネ企画検索ポータル_20260605\thumbnail_assets\DnBQCZx9c4E.jpg,177154,
Qw3GmtiJOKc,人生の輝き,「その契約書に署名してはいけません」清掃員のお婆さんが会議中に放った一言で、18年前の復讐劇が始まった…,7280,,,0,db_thumbnail_url: HTTPError
7EqJ45BBXeY,人生スカッと物語,「親の顔が見てみたいわw」支店長に嘲笑された清掃員「では…内線01に繋いでください」出た相手に銀行中が凍りついた…,7276,,,0,db_thumbnail_url: HTTPError
wt0WW0W0h-k,人生の光と影 朗読館,財布を忘れたお婆さんに弁当をご馳走した貧乏女子高生。翌朝、学校前の黒塗りの車に全員がざわつく…,7271,,,0,db_thumbnail_url: HTTPError
PEIEyPMzZlc,面白きかな人生,「不幸がうつるからキャンセルねｗ」シングルマザーの小さな弁当屋で注文300食分をドタキャンしたIT企業役員→娘「ママ大丈夫。300億で潰してあげるから」【面白きかな人生】,7260,existing,E:\Data\ObsidianVault\02_Channels\シニア朗読\競合リサーチ\サムネ企画検索ポータル_20260605\thumbnail_assets\PEIEyPMzZlc.jpg,260533,
B4PtI_lO_rI,人生は100年,廃業寸前の食料品店のイタリア人店主。軒先で震える外国人女性にパンとワインを差し出したら→日本人女性が余り物を袋に詰めて「福袋」にしたらとんでもないことに…【感動する話】,7220,existing,E:\Data\ObsidianVault\02_Channels\シニア朗読\競合リサーチ\サムネ企画検索ポータル_20260605\thumbnail_assets\B4PtI_lO_rI.jpg,206115,
sI9k0EY64uE,人生の光と影 朗読館,雪山で倒れたお爺さんを助け“自腹で介抱”した17歳。翌朝、黒塗りの車が次々と現れ周囲が凍りつく…,7216,,,0,db_thumbnail_url: HTTPError
hq_ywm73eOw,人生の輝き,「所詮パートだろ」スーパーの店長に軽視されたシングルマザーの女性店員。翌日、彼女が駐車場で困っている車イスのお爺さんを助けるととんでもないことに…,7204,,,0,db_thumbnail_url: HTTPError
WKRmk15NH9g,人生ドラマ,ただの警備員と思われた男、しかし3秒後、VIPが最敬礼した｜家族｜感動話｜朗読ドラマ｜シニア物語 感動ドラマㅣ老後物語ㅣ老後の知恵ㅣ老年の人生ㅣ幸せな晩年ㅣオーディオブック」,7191,existing,E:\Data\ObsidianVault\02_Channels\シニア朗読\競合リサーチ\サムネ企画検索ポータル_20260605\thumbnail_assets\WKRmk15NH9g.jpg,181836,
oBOpMu5ws4U,人生は七色,大雪の中、バス停で凍えていた貧乏兄弟を助けたバスの運転手。たった1日の親切が20年後の奇跡へと繋がるのでした…,7174,existing,E:\Data\ObsidianVault\02_Channels\シニア朗読\競合リサーチ\サムネ企画検索ポータル_20260605\thumbnail_assets\oBOpMu5ws4U.jpg,306715,
hB8fozdT_Z0,お茶の間TV 〈スカッと感動〉,ヤクザな不動産屋「早く出て行け！重機で潰すぞw」脅される和菓子屋の女将。常連老人の一言で全員が凍りついた【スカッとする話】 YAKUZA,7166,existing,E:\Data\ObsidianVault\02_Channels\シニア朗読\競合リサーチ\サムネ企画検索ポータル_20260605\thumbnail_assets\hB8fozdT_Z0.jpg,217808,
kItrxHJs4mQ,人生逆転ドラマch,「お前の親、まるでヤクザだなw」同窓会でゲラゲラ笑われた私。5分後，100台の黒塗り高級車が現れ…,7154,existing,E:\Data\ObsidianVault\02_Channels\シニア朗読\競合リサーチ\サムネ企画検索ポータル_20260605\thumbnail_assets\kItrxHJs4mQ.jpg,156406,
ZoQ9AixaEv0,面白きかな人生,「指図するなら辞めるけど？」、「高卒にできるわけないでしょｗ」とバカにする社長令嬢、翌日、私が“1枚の書類”を提出した結果【面白きかな人生】,7144,existing,E:\Data\ObsidianVault\02_Channels\シニア朗読\競合リサーチ\サムネ企画検索ポータル_20260605\thumbnail_assets\ZoQ9AixaEv0.jpg,259741,
Llg7TdiliNQ,人生のギフト,赤字続きで店を畳む弁当屋の店主ー三日間食べていない女性に弁当を渡した結果…【感動する話】,7142,existing,E:\Data\ObsidianVault\02_Channels\シニア朗読\競合リサーチ\サムネ企画検索ポータル_20260605\thumbnail_assets\Llg7TdiliNQ.jpg,276508,
uPPr_I1Tjyc,人生色々TV,深夜の公園でボロ服母子が分厚い財布を拾った…母が50万円を見た次の瞬間、思わず手が伸びると息子が衝撃の一言を放った・・・,7141,,,0,db_thumbnail_url: HTTPError
9W9kTGAkb04,感動スカっと人生録,50食の弁当をキャンセルしたママ友。息子の「ありがとう」で真実を知り絶句,7104,,,0,db_thumbnail_url: HTTPError
gGPA1B7jljg,人生のギフト,「これ、使ってください」路上生活をしている老人に給食費全額を渡した貧乏な少女→翌日、学校に黒塗りの高級車が並び…【感動する話】,7101,existing,E:\Data\ObsidianVault\02_Channels\シニア朗読\競合リサーチ\サムネ企画検索ポータル_20260605\thumbnail_assets\gGPA1B7jljg.jpg,253750,
XHUl-iIEbdM,人生ドラマ館,婚約者に裏切られネットカフェ暮らしになったギャル。ある日公園にいる少年に勉強を教えてあげたら→後日、黒塗りの高級車が現れて…,7094,existing,E:\Data\ObsidianVault\02_Channels\シニア朗読\競合リサーチ\サムネ企画検索ポータル_20260605\thumbnail_assets\XHUl-iIEbdM.jpg,285274,
g2H7y4EjAmQ,【スカッと朗読】シニアドラマ館,正月の食卓で息子が放った一言…「母さんより義母の方が美味しい」その後の結末が悲惨すぎた,7083,existing,E:\Data\ObsidianVault\02_Channels\シニア朗読\競合リサーチ\サムネ企画検索ポータル_20260605\thumbnail_assets\g2H7y4EjAmQ.jpg,169331,
GlYQsFM4AqA,人生は100年,街中で倒れたスーツ姿の老人を助けた俺→社長室に呼び出され「とんでもないことをやってくれたな！」後で知った彼の正体に驚愕…【感動する話】,7077,existing,E:\Data\ObsidianVault\02_Channels\シニア朗読\競合リサーチ\サムネ企画検索ポータル_20260605\thumbnail_assets\GlYQsFM4AqA.jpg,224869,
xS-ZpwCFzIg,面白きかな人生,「先に食べとくね～ 支払いありがとｗ」高級鉄板焼きの店で一人爆食いするボスママ→次の瞬間、店「誰も払ってないですよ」ボスママ「え？」【面白きかな人生】,7073,existing,E:\Data\ObsidianVault\02_Channels\シニア朗読\競合リサーチ\サムネ企画検索ポータル_20260605\thumbnail_assets\xS-ZpwCFzIg.jpg,236837,
3PAicpFdYuE,人生は100年,突然兄夫婦から実家を追い出された私→「穀潰しは出て行け！寄生虫が！」言われた通り出て行った結果→3ヶ月後、兄夫婦から２９件の着信が…【感動する話】,7061,existing,E:\Data\ObsidianVault\02_Channels\シニア朗読\競合リサーチ\サムネ企画検索ポータル_20260605\thumbnail_assets\3PAicpFdYuE.jpg,137318,
Wn3xkbIhkng,人生の輝き,面接で訛りの強い方言を話す就活生をゲラゲラ笑う面接官。直後、就活生が放った一言に面接官が顔面蒼白になり…,7054,,,0,db_thumbnail_url: HTTPError
TV_O6SNdw9c,人生は七色,全てを閉ざした少年は絶体絶命の中、老婆を助けたあの日からすべてが変わりました,7052,existing,E:\Data\ObsidianVault\02_Channels\シニア朗読\競合リサーチ\サムネ企画検索ポータル_20260605\thumbnail_assets\TV_O6SNdw9c.jpg,266714,
izqwt7Ra7Xc,面白きかな人生,「高卒で航空業界はムリでしょｗ」同窓会で嘲笑された女性→次の瞬間、CAが私に駆け寄り「本部長、至急ご指示を！」学歴組「え…？」【面白きかな人生】,7036,existing,E:\Data\ObsidianVault\02_Channels\シニア朗読\競合リサーチ\サムネ企画検索ポータル_20260605\thumbnail_assets\izqwt7Ra7Xc.jpg,227382,
IC5PF95hR5s,人生の温もり,田舎の無愛想な歯科医に7歳の少年が来た→「100円で、おばあちゃんの歯お願いします」→やがて子どもたちは去った→20年後、白衣の男が現れた【感動する話】,7007,existing,E:\Data\ObsidianVault\02_Channels\シニア朗読\競合リサーチ\サムネ企画検索ポータル_20260605\thumbnail_assets\IC5PF95hR5s.jpg,250181,
MXET3YbHUrQ,人生スカッと物語,「貧乏くさい弁当はいらない。100個全部キャンセルね」銀行員に嘲笑された女性店主。翌日、1000億円の契約破棄で銀行中が凍りつく…,6993,,,0,db_thumbnail_url: HTTPError
NuRfe2NEED4,面白きかな人生,「ジャマな派遣は消えろ！」食品会社で見下される派遣OLに取引先CEOが「年150万でうちに来ない？」上司「ゴミなんで、どーぞｗ」【面白きかな人生】,6979,existing,E:\Data\ObsidianVault\02_Channels\シニア朗読\競合リサーチ\サムネ企画検索ポータル_20260605\thumbnail_assets\NuRfe2NEED4.jpg,192751,
obw2vqYjAhQ,人生逆転ドラマch,｢お母さんキャバ嬢？w｣授業参観でゲラゲラ笑う保護者たち。母｢あなた達の会社潰しますね｣保護者｢え？…｣,6964,existing,E:\Data\ObsidianVault\02_Channels\シニア朗読\競合リサーチ\サムネ企画検索ポータル_20260605\thumbnail_assets\obw2vqYjAhQ.jpg,156181,
m-44X9UE0ek,人生の輝き,「銀行を変える？勝手にどうぞw」思い出の通帳をわざと破いたエリート銀行員。翌朝、頭取が現れて銀行員に「お前何をした!!」,6956,,,0,db_thumbnail_url: HTTPError
4bUVnjz2xYg,感動スカっと人生録,治療費を払わない泥酔者を助けて、准教授に罵倒された翌週→黒塗りの車が3台現れ…,6946,,,0,db_thumbnail_url: HTTPError
NADjZ5CGrVA,人生の輝き,会議中に暴言を吐きコーヒーをぶっかけた営業部長の妻。翌朝、テレビを付けると彼女が土下座していました…,6920,,,0,db_thumbnail_url: HTTPError
4eyistqrgi4,人生逆転ストーリー,銀行で「たった十万ぽっち」と見下された老人をかばった若手銀行員はその場でクビ宣告。翌日、老人の放った“500億解約”の一言に支店中が凍りつく…,6919,,,0,db_thumbnail_url: HTTPError
U9j9-0R2lAw,人生逆転ストーリー,高級レストランで若い店員に見下されたボロボロの老人──彼が席を立った瞬間、店員たちが凍りついた理由とは？,6916,,,0,db_thumbnail_url: HTTPError
iOEaYUt8iXc,人生ドラマ館,「10円でコロッケ１つくだしゃい、おばあちゃん誕生日なの」→ 10円玉を差し出すボロボロ少女に赤字経営のギャル店主が焼き立て10個袋パンパンにあげた結果,6912,existing,E:\Data\ObsidianVault\02_Channels\シニア朗読\競合リサーチ\サムネ企画検索ポータル_20260605\thumbnail_assets\iOEaYUt8iXc.jpg,200605,
XeZuCiqLbOY,人生は宝物,廃業寸前のケーキ屋に傷だらけの少女が来店「50円でケーキ買えますか」→55歳店主が誕生日ケーキを渡した結果…【感動する話】,6899,,,0,db_thumbnail_url: HTTPError
lPjwlr22a9g,面白きかな人生,「そんなボロ株券紙くず同然でしょ」証券会社で一蹴された老婆。「では他社で」その3時間後、担当者が土下座した【面白きかな人生】,6894,,,0,db_thumbnail_url: HTTPError
vuAwcF2WBII,人生の温もり,ボロボロの少女が閉店3日前のパン屋に現れた…そして「世界一大きなメロンパン」を焼いた【感動する話】,6887,existing,E:\Data\ObsidianVault\02_Channels\シニア朗読\競合リサーチ\サムネ企画検索ポータル_20260605\thumbnail_assets\vuAwcF2WBII.jpg,282692,
TDR8z16s3kI,人生逆転ドラマシアター,「どうせ数万円だろｗ解約してもらったほうが清々する」一流ホテルで大銀行の若手にバカにされたおじいさん「では、お望み通り」翌日、８００億円が消え銀行が大パニック,6871,,,0,db_thumbnail_url: HTTPError
AyhTDXWjtcM,人生は七色,元外資系銀行のキャリアウーマンは、田舎の廃業寸前の旅館を継いで本当の成功を手に入れたのでした,6871,existing,E:\Data\ObsidianVault\02_Channels\シニア朗読\競合リサーチ\サムネ企画検索ポータル_20260605\thumbnail_assets\AyhTDXWjtcM.jpg,252190,
BHtQ8z5-aj4,人生の光と影 朗読館,高級寿司店で嘲笑された老人にお寿司をごちそうした女性職人。後日、店の前に大型トラックが次々と集まり...,6865,,,0,db_thumbnail_url: HTTPError
lh5qtMDMBjA,人生逆転ストーリー,「臭いから出ていけ」銀行で侮辱された73歳老婆、翌日“全財産30億円引き出し宣言”で銀行員土下座！,6856,,,0,db_thumbnail_url: HTTPError
6IdkMCslwQE,心に響く人生ドラマ日誌,「クビになっちゃった」不当解雇された契約社員。仲良しの清掃員のおじいさんが本気出した結果…,6851,existing,E:\Data\ObsidianVault\02_Channels\シニア朗読\競合リサーチ\サムネ企画検索ポータル_20260605\thumbnail_assets\6IdkMCslwQE.jpg,183288,
aIXQxNDWtaM,人生の温もり,「これ全部で、あめ買えますか」雨の夜、廃業寸前の駄菓子屋に立つ5歳→73歳がお手玉を握らせた結果…13年後、雨の中ふたたび現れた18歳が手にしていたものは…【感動する話】,6832,existing,E:\Data\ObsidianVault\02_Channels\シニア朗読\競合リサーチ\サムネ企画検索ポータル_20260605\thumbnail_assets\aIXQxNDWtaM.jpg,273555,
3POi07ppqXA,感動スカっと人生録,町工場で義兄の借金を返す娘→会長が彼女の描いた図面を見て「やっと会えた…」25年ぶりの再会に涙,6828,,,0,db_thumbnail_url: HTTPError
TPZR5RCAHMU,潮見組　人情列伝,ヤクザにみかじめ料請求され震えるラーメン屋の美人姉妹。「任せてくれ」常連客の俺が正体を明かし助けた結果【感動する話】,6805,existing,E:\Data\ObsidianVault\02_Channels\シニア朗読\競合リサーチ\サムネ企画検索ポータル_20260605\thumbnail_assets\TPZR5RCAHMU.jpg,293093,
AJl9vdDFf7s,人生ドラマ館,忘年会の予約を前日にドタキャンされた居酒屋のギャル母娘　常連の大企業社長が社員80人を連れて入店した結果…,6804,,,0,db_thumbnail_url: HTTPError
A7uMF6QeYXQ,人生はバラ色,「中卒とか終わってるｗ親の顔が見たいなw」超一流企業の最終面接で、フランス語の超難問を出し嘲笑する東大卒エリート面接官。翌日、最大手取引先から連絡「今後は取引しません」面接官「え？」,6789,existing,E:\Data\ObsidianVault\02_Channels\シニア朗読\競合リサーチ\サムネ企画検索ポータル_20260605\thumbnail_assets\A7uMF6QeYXQ.jpg,223286,
9DRMwPZXLxw,人生色々TV,7日後、店が解体されました…お礼が言えなかった少女が17歳になるとまさかの展開が・・・,6776,,,0,db_thumbnail_url: HTTPError
viVSYLJBZlg,人生ドラマ館,暴言を吐かれたシングルマザーのギャル…次の瞬間、バス運転手が「降りてください」「はっ？何で(怒)」いったい何が・・・,6770,,,0,db_thumbnail_url: HTTPError
ST-bkYqucus,人生のヒカリ,認知症のお婆さんを助けた貧乏女子高生。翌日、家の前に黒塗りの高級車が現れ..【スカッと朗読】,6770,existing,E:\Data\ObsidianVault\02_Channels\シニア朗読\競合リサーチ\サムネ企画検索ポータル_20260605\thumbnail_assets\ST-bkYqucus.jpg,159073,
ZRAsx2qhjfU,人生の光と影 朗読館,心肺停止の老人を救い商談に遅刻したOL。「今すぐ辞めろ」と叱責された翌日、空気が凍りついた…,6762,,,0,db_thumbnail_url: HTTPError
qrwsgFN6BbI,【スカッと朗読】シニアドラマ館,「母さんの家、ホテルみたいで助かるわ」——その一言で、母は“鍵”を変えた。,6740,existing,E:\Data\ObsidianVault\02_Channels\シニア朗読\競合リサーチ\サムネ企画検索ポータル_20260605\thumbnail_assets\qrwsgFN6BbI.jpg,161395,
u68tYflZvpY,人生の光と影 朗読館,街中で倒れたお爺さんを貧乏な女子高生が助けた翌日、学校の前に黒塗りの高級車が現れ…,6732,,,0,db_thumbnail_url: HTTPError
8YuTIMCaaWs,人生は宝物,「10円でたい焼き1つくだしゃい、おかあしゃんにあげたいの」→10円玉を差し出すボロボロ少女に廃業寸前の店主が焼きたてを袋いっぱい渡した結果…【感動する話】,6721,,,0,db_thumbnail_url: HTTPError
_1HI9S66eRM,静かなる英雄たち,「目障りねぇ」楽団員に見下され続けた市民ホールの掃除婦。だが彼らは知らなかった...彼女が伝説の奏者だとはーー。,6702,existing,E:\Data\ObsidianVault\02_Channels\シニア朗読\競合リサーチ\サムネ企画検索ポータル_20260605\thumbnail_assets\_1HI9S66eRM.jpg,217274,
lJry0piaHqM,【スカッと朗読】シニアドラマ館,「義実家が一番」と言われた日、私はすべてを手放し、自由になった。,6686,existing,E:\Data\ObsidianVault\02_Channels\シニア朗読\競合リサーチ\サムネ企画検索ポータル_20260605\thumbnail_assets\lJry0piaHqM.jpg,167846,
Y9pl_6-9-vg,仁義と人生の部屋,ヤクザ「みかじめ料100万！払わないなら組長呼ぶぞ！」行きつけの居酒屋店主「もう払えません…閉店します」→常連のお婆さん「…坊や、あんたんとこの組長やってるガキ、今すぐ呼びな」【スカッとする話】,6666,existing,E:\Data\ObsidianVault\02_Channels\シニア朗読\競合リサーチ\サムネ企画検索ポータル_20260605\thumbnail_assets\Y9pl_6-9-vg.jpg,250223,
DLpeU7-NoK8,人生の輝き,「まだいたのw」銀行で6時間無視され続けた老婆「この銀行つぶします」翌朝、10秒ごとにライバル銀行に1億ずつ送金を行った結果…,6645,,,0,db_thumbnail_url: HTTPError
k3FP9bdUrt8,人生ドラマTV,家政婦が赤ちゃんに微笑みながら言った言葉に背筋が凍った大富豪。彼女のバッグに隠してあったペンダントに恐怖のあまり尋問した結果...【感動する話】,6642,existing,E:\Data\ObsidianVault\02_Channels\シニア朗読\競合リサーチ\サムネ企画検索ポータル_20260605\thumbnail_assets\k3FP9bdUrt8.jpg,243528,
ver-f65jsj4,感動スカっと人生録,「低学歴のパートが偉そうに」と罵倒された主婦、救った老人の正体に全員震え上がる…,6632,,,0,db_thumbnail_url: HTTPError
m4cyNeuCjOk,人生逆転ストーリー,「その格好でスイートルーム？」ボロ服の老夫婦を笑って追い返した高級ホテル支配人。翌日、“たった一言”で空気が凍りつく…,6629,,,0,db_thumbnail_url: HTTPError
UmzDAvbcC1U,人生逆転ドラマch,同僚に没確定のプレゼンを押しつけられた私。相手先に私に激甘な幼なじみ男子がいた結果…,6625,existing,E:\Data\ObsidianVault\02_Channels\シニア朗読\競合リサーチ\サムネ企画検索ポータル_20260605\thumbnail_assets\UmzDAvbcC1U.jpg,78838,
rIJU0IkwAkQ,仁義と人生の部屋,老人の弁当屋に立ち退きを迫るヤクザ→２週間後、店主の正体を知り凍りついた【感動する話】,6616,,,0,db_thumbnail_url: HTTPError
9RoYAt7BExs,人生は七色,勇気を振り絞り強面の男を救った少女は後日、衝撃の日常を送ることになった【感動ストーリー】,6608,existing,E:\Data\ObsidianVault\02_Channels\シニア朗読\競合リサーチ\サムネ企画検索ポータル_20260605\thumbnail_assets\9RoYAt7BExs.jpg,174376,
O_QdAlsKU0g,人生の輝き,「小学生以下ですｗ」ATMが使えない老人を嘲笑い追い出した銀行員。だが10分後、頭取が「お前一体何をした！」銀行から100兆円が消えた…,6601,,,0,db_thumbnail_url: HTTPError
7UEBztje50g,人生逆転ドラマch,「田舎クサいのよね」結婚式で侮辱された新婦。5分後，サプライズムービーを見て全員「え？」,6592,existing,E:\Data\ObsidianVault\02_Channels\シニア朗読\競合リサーチ\サムネ企画検索ポータル_20260605\thumbnail_assets\7UEBztje50g.jpg,169134,
-VC2ZLggsFU,人生の輝き,「この車を直せたら社長にしてやるよw」空き缶を集めているホームレスを嘲笑う上場企業の社長。だが30分後、驚きの光景に膝がガクガクと震え出し…,6585,,,0,db_thumbnail_url: HTTPError
RVqKXuAX0PU,人生逆転ドラマch,高級寿司屋で入店拒否された貧乏親子。店内にいた老人の一言に店主が真っ青に…,6583,existing,E:\Data\ObsidianVault\02_Channels\シニア朗読\競合リサーチ\サムネ企画検索ポータル_20260605\thumbnail_assets\RVqKXuAX0PU.jpg,130091,
To6aeEla2Ys,人生の温もり,廃業寸前の豆腐屋に現れた8歳IQ200の孫娘…「この契約は無効です」3代続いた店を救った決定的証拠とは【感動する話】,6583,existing,E:\Data\ObsidianVault\02_Channels\シニア朗読\競合リサーチ\サムネ企画検索ポータル_20260605\thumbnail_assets\To6aeEla2Ys.jpg,284687,
nxA8rYY9TpQ,人生は七色,「おかあさんに会いたいよ…」３歳で両親に捨てられた施設育ちの少女が、唯一持っていた楽譜の曲をピアノオーディションで弾いた結果…【感動】,6578,existing,E:\Data\ObsidianVault\02_Channels\シニア朗読\競合リサーチ\サムネ企画検索ポータル_20260605\thumbnail_assets\nxA8rYY9TpQ.jpg,243538,
5M4NDL-X8TU,人生の輝き,銀行で支店長に突き飛ばされた老婆。その直後、老婆は携帯を取り出し一言呟いた「消してください」,6554,,,0,db_thumbnail_url: HTTPError
S8bL_vt7vNU,人生逆転ストーリー,「貧乏くさい」と面接で嘲笑された女性…しかし10分後、全員が青ざめた理由とは,6537,,,0,db_thumbnail_url: HTTPError
unE4uc-lAaE,感動スカっと人生録,老人を助けてクビになった貧困女性ー絶望の謝罪先で披露した技術に全員が凍りついた瞬間…,6508,,,0,db_thumbnail_url: HTTPError
VXr61ORSbhs,人生ドラマ館,「地味すぎて空気悪いから帰ってくんない？」ボロ服の警備員姿で同窓会に来た彼女を嘲笑う社長夫人の同級生。翌日、20億の出資停止に凍りついた…,6505,,,0,db_thumbnail_url: HTTPError
BQe6sLPvtjA,人生の光と影 朗読館,真冬の店で老婦人を救ったパート女性。数日後、本社から“呼び出されたのは店長”で…,6503,,,0,db_thumbnail_url: HTTPError
rECnW0DgKqs,愛しき人の人生日記,倒れていたヤクザに定食をご馳走した廃業寸前の店主。翌日、再び現れた男の一言に絶句する…,6497,,,0,db_thumbnail_url: HTTPError
NRDoryUf3sQ,人生はバラ色,「汚い旅館w、50名分キャンセルでw」当日ドタキャンして嘲笑する男→翌日、本社から電話「500億の契約が消えた、お前クビ」,6496,existing,E:\Data\ObsidianVault\02_Channels\シニア朗読\競合リサーチ\サムネ企画検索ポータル_20260605\thumbnail_assets\NRDoryUf3sQ.jpg,226046,
1ELgS72yc7I,人生逆転ストーリー,「ジジイの退職金？5円でいいだろw」45年尽くした社員を嘲笑う二代目社長――「構いません、すでに3億振り込まれてますので」その瞬間、社長室で地獄が始まった,6476,,,0,db_thumbnail_url: HTTPError
8-Y_oA8cZn0,人生色々TV,１５年後店が廃業し大将は浮浪者に…夜の公園で俯いていると目の前に三人の美女が現れてまさかの展開に・・・,6469,,,0,db_thumbnail_url: HTTPError
1xttbijzltg,面白きかな人生,「ご主人、清掃員ってマジ？ｗ」同窓会でゲラゲラ笑われた地味な女性。次の瞬間、50人の黒服が現れ「オーナー、全館準備が整いました」【面白きかな人生】,6451,existing,E:\Data\ObsidianVault\02_Channels\シニア朗読\競合リサーチ\サムネ企画検索ポータル_20260605\thumbnail_assets\1xttbijzltg.jpg,186525,
NBm0_NsrLu8,人生の輝き,財布を落として困っている老人に最後の千年札を渡した貧乏な看護助手。翌日、彼女が病院に出勤すると…,6445,,,0,db_thumbnail_url: HTTPError
1B0Rd7iyWBY,人生の輝き,「おたくとの契約は今日で終わり」二代目社長の独断で長年の取引が中止…お望み通りにしたら衝撃の結果に…,6440,,,0,db_thumbnail_url: HTTPError
L3Kd2oGU_9Q,人生のシナリオ,「俺が引き取る」施設の5歳の少女を救った元ヤクザの男→17年後の結婚式で明かされた衝撃の真実に全員が号泣【感動する話】,6430,existing,E:\Data\ObsidianVault\02_Channels\シニア朗読\競合リサーチ\サムネ企画検索ポータル_20260605\thumbnail_assets\L3Kd2oGU_9Q.jpg,56461,
K5iK0Tsef_I,静かなる英雄たち,ヨレた礼服姿で余興の代役となった新郎父。参列者がクスッと笑ったが、サックスの一音が響いた瞬間──。,6429,existing,E:\Data\ObsidianVault\02_Channels\シニア朗読\競合リサーチ\サムネ企画検索ポータル_20260605\thumbnail_assets\K5iK0Tsef_I.jpg,205936,
jaqqPowgCSE,人生逆転ドラマシアター,場違い扱いされた老婆が舞台に立つ――株主総会で「婆さん扱い」されながら、株券一枚で逆転劇を起こした,6427,,,0,db_thumbnail_url: HTTPError
EvB6VV1qa7w,人生スカッと物語,「年寄りは邪魔だ！」バス停で怒鳴られたお婆さんをかばった貧乏就活生。面接で思いもよらぬ奇跡が訪れる…,6411,,,0,db_thumbnail_url: HTTPError
u096EL5dZ4c,人生ドラマTV,言葉を話せない少女が、誰も欲しがらない犬と出会った瞬間、奇跡を目にして誰もが言葉を失った。【感動する話】,6390,existing,E:\Data\ObsidianVault\02_Channels\シニア朗読\競合リサーチ\サムネ企画検索ポータル_20260605\thumbnail_assets\u096EL5dZ4c.jpg,256256,
mlfOSQFOuak,心に響く人生ドラマ日誌,「役立たずは黙ってろ」会議で私を罵倒した部長。一本の電話で立場が逆転し、彼が青ざめた理由とは…,6390,existing,E:\Data\ObsidianVault\02_Channels\シニア朗読\競合リサーチ\サムネ企画検索ポータル_20260605\thumbnail_assets\mlfOSQFOuak.jpg,199878,
zgaSvNBdgXc,潮見組　人情列伝,ヤクザ事務所を訪ねる一枚の写真を持ったボロボロ少女「パパの仇を討って」組長「この写真…まさか！」写真を見た組長が号泣し…【感動する話】3３,6381,existing,E:\Data\ObsidianVault\02_Channels\シニア朗読\競合リサーチ\サムネ企画検索ポータル_20260605\thumbnail_assets\zgaSvNBdgXc.jpg,269142,
vuYfJMXY7is,お茶の間TV 〈スカッと感動〉,窃盗疑いの元ヤクザを助けた貧乏女子高生。翌日届いた封筒の中身に少女が泣き崩れる【スカッとする話】 YAKUZA,6375,existing,E:\Data\ObsidianVault\02_Channels\シニア朗読\競合リサーチ\サムネ企画検索ポータル_20260605\thumbnail_assets\vuYfJMXY7is.jpg,195113,
87XHBwfTYNo,人生の光と影 朗読館,歩道橋で妊婦を助け大事な面接に遅れた女子大生。数日後、鳴り止まぬ電話が運んだ奇跡とは…,6356,,,0,db_thumbnail_url: HTTPError
blyA1T_4NAU,人生はバラ色,「中卒は働く資格ないw」 初出勤5分で解雇された貧しい新人女性社員 「…わかりました」翌日会社の株5000億円売却した結果,6351,existing,E:\Data\ObsidianVault\02_Channels\シニア朗読\競合リサーチ\サムネ企画検索ポータル_20260605\thumbnail_assets\blyA1T_4NAU.jpg,218067,
c4nXNlxP6m8,人生逆転ドラマシアター,「臭くて迷惑！出てってくれ！」金婚式のお祝いで来店した老夫婦を追い出した高級寿司屋の大将。翌日、老夫婦の正体を知り凍りついた,6349,,,0,db_thumbnail_url: HTTPError
OLmL3NyDgkk,人生色々TV,深夜1時に親子がずぶ濡れで歩いてた…助けて家に連れ帰ると、お互いの人生がまさかの・・・・,6332,,,0,db_thumbnail_url: HTTPError
4js8Vys1Sew,感動スカっと人生録,『貧乏人』と同級生にゲラゲラ笑われた女子高生。授業参観で、いじめっ子の父親が母を見た瞬間…,6322,,,0,db_thumbnail_url: HTTPError
nSmf0MzjIzI,人生のシナリオ,倒産寸前のラーメン屋にホームレスの老人「50円しかないのですが」優しい店主「どうぞ温まっていって！」→週1で通う所持金50円の老人の正体は…【感動する話】,6304,existing,E:\Data\ObsidianVault\02_Channels\シニア朗読\競合リサーチ\サムネ企画検索ポータル_20260605\thumbnail_assets\nSmf0MzjIzI.jpg,292631,
r2PPHeD__qw,人生のギフト,「残り物でいいので下さい…」借金1000万で差し押さえ寸前の食堂に赤ん坊を抱えたボロ服の母子 → 月給25万で雇った結果...【感動する話】,6300,existing,E:\Data\ObsidianVault\02_Channels\シニア朗読\競合リサーチ\サムネ企画検索ポータル_20260605\thumbnail_assets\r2PPHeD__qw.jpg,244399,
mLLuEda-NCU,【スカッと朗読】シニアドラマ館,「もう会う必要はありません」――敬老の日に“骨壺”を贈られた母の逆襲。,6278,existing,E:\Data\ObsidianVault\02_Channels\シニア朗読\競合リサーチ\サムネ企画検索ポータル_20260605\thumbnail_assets\mLLuEda-NCU.jpg,162567,
zmifiV-su4M,人生劇場放送局,【スカッと】「低学歴のおっさんはクビw」と笑われた俺。直後、美人受付嬢の一言で上司は顔面蒼白に。【シニア】,6276,existing,E:\Data\ObsidianVault\02_Channels\シニア朗読\競合リサーチ\サムネ企画検索ポータル_20260605\thumbnail_assets\zmifiV-su4M.jpg,145776,
cYcxMMua7_U,人生逆転ストーリー,道で倒れた老人を助けた女子高生。5年後、事故で生死をさまよう彼女を見て医師が震えた――「この子は…祖父が言っていた…」,6249,,,0,db_thumbnail_url: HTTPError
5KwdBAJgb_0,人生のシナリオ,22歳の看護学生は、バイトクビ覚悟で廃棄弁当をホームレスにあげた。しかし、就活全滅だった彼女のもとに黒塗りの高級車が現れて…,6236,existing,E:\Data\ObsidianVault\02_Channels\シニア朗読\競合リサーチ\サムネ企画検索ポータル_20260605\thumbnail_assets\5KwdBAJgb_0.jpg,147484,
36KoDx-AtkQ,静かなる英雄たち,「お帰りください」スマホショップで冷たくあしらわれたおじいさん。「ずいぶん変わったねぇ、この店も」店長が凍りついたーー。,6221,existing,E:\Data\ObsidianVault\02_Channels\シニア朗読\競合リサーチ\サムネ企画検索ポータル_20260605\thumbnail_assets\36KoDx-AtkQ.jpg,203609,
Ytqb63syT5M,人生ドラマ館,「中卒ギャルがその爪で料理できるの？w」大口顧客のパーティーで無茶振りされる弁当屋ギャル。彼女が包丁を握った瞬間、会場が凍りついた…,6215,,,0,db_thumbnail_url: HTTPError
ZjAVz2wqMQE,面白きかな人生,「派遣のくせに…終わりだな」横領の濡れ衣を着せられた派遣OL。次の瞬間、「別に構いませんが」上司「え？」【面白きかな人生】,6201,existing,E:\Data\ObsidianVault\02_Channels\シニア朗読\競合リサーチ\サムネ企画検索ポータル_20260605\thumbnail_assets\ZjAVz2wqMQE.jpg,202041,
fSdmVO0gUm0,人生スカッと物語,5000円を下ろしに来て嘲笑されたお婆さんが1兆円動かした瞬間、銀行中が息を呑んだ…,6200,,,0,db_thumbnail_url: HTTPError
O8yRUX_qjb4,人生逆転ストーリー,ファーストクラスを追い出された日本人お婆さん　しかしその正体が明かされた瞬間、機内が凍りついた――！,6192,,,0,db_thumbnail_url: HTTPError
XlMzVeh3k78,人生の輝き,お婆さんに東京行きのチケットを譲って大手企業の最終面接に遅刻した就活生。翌日、宿泊したホテルの前に黒塗りの高級車が次々に現れて…,6184,,,0,db_thumbnail_url: HTTPError
VhSYLwB39ww,感動スカっと人生録,深夜、杖の老人を送り左遷された女性駅員。数日後、駅に黒塗りの車が現れ上司は凍りついた,6180,,,0,db_thumbnail_url: HTTPError
cVluDvD6QgE,人生は宝物,「おなかすいたよ...」大雨の夜、ゴミ捨て場で震える姉妹→廃業寸前の定食屋が特盛の親子丼をふるまった結果   【感動する話】,6178,,,0,db_thumbnail_url: HTTPError
kWYhHIGOzEU,人生ドラマ座,「300食全部キャンセルな」弁当を突然キャンセルされたシングルマザー。たまたま通りかかった68歳の老人が「ちょうどよかった！」と全部買い取った結果。,6172,existing,E:\Data\ObsidianVault\02_Channels\シニア朗読\競合リサーチ\サムネ企画検索ポータル_20260605\thumbnail_assets\kWYhHIGOzEU.jpg,140379,
PMxvJQBElRg,潮見組　人情列伝,新婚旅行でぼったくりヤクザに絡まれた夫婦。普段温厚な妻が一言「上等だ、幹部全員呼んでこい！」【感動する話】,6123,existing,E:\Data\ObsidianVault\02_Channels\シニア朗読\競合リサーチ\サムネ企画検索ポータル_20260605\thumbnail_assets\PMxvJQBElRg.jpg,333281,
CQHRVkWXOuE,愛しき人の人生日記,交差点でお婆さんのボロ車を修理した17歳の少女。翌日、ガレージの前に黒塗りの高級車が現れ…,6123,,,0,db_thumbnail_url: HTTPError
FlYC34kC2OY,人生の光と影 朗読館,車にひかれる寸前の少年を助けて面接に遅刻した女子大生。数日後、社長の手紙を読んだ瞬間に全てが一変…,6121,,,0,db_thumbnail_url: HTTPError
9Liewtzj7yM,面白きかな人生,公園でずぶ濡れのホームレスに傘を差し出した貧乏学生。翌日、学長室に呼び出され…【面白きかな人生】,6113,,,0,db_thumbnail_url: HTTPError
iZ6_kGgK7Z8,人生色々TV,公園暮らしの老人とお家が嫌いな少女の運命がまさかの展開に…,6079,,,0,db_thumbnail_url: HTTPError
0Ncygd2lizQ,人生スカッと朗読-劇場-,「一生底辺ねw」同窓会で嘲笑された私。数分後、会場に総帥が現れた結果...【スカッとする話】,6066,,,0,db_thumbnail_url: HTTPError
umRyfvl8Jd8,お茶の間TV 〈スカッと感動〉,高級焼肉店で俺をイジメてたヤクザ同級生と再会「お前も子供も負け犬面だなw」→「父さん、この組潰そうよ」「え？」→実は俺と息子は…【スカッとする話】 YAKUZA,6065,existing,E:\Data\ObsidianVault\02_Channels\シニア朗読\競合リサーチ\サムネ企画検索ポータル_20260605\thumbnail_assets\umRyfvl8Jd8.jpg,164514,
gyhjOFNxnuQ,人生劇場放送局,【スカッと】「退職します」嫌がらせで退職する中卒OL。仲良しのおばちゃん清掃員が本気を出す。【シニア】,6064,existing,E:\Data\ObsidianVault\02_Channels\シニア朗読\競合リサーチ\サムネ企画検索ポータル_20260605\thumbnail_assets\gyhjOFNxnuQ.jpg,139176,
0mwAsgTIrrg,潮見組　人情列伝,ヤクザに泣きつき助けを乞うボロボロの少年。「お姉ちゃんが売られちゃう…！」「任せろ」翌日、組員全員で悪徳キャバクラに乗込んだ結果【感動する話】,6063,existing,E:\Data\ObsidianVault\02_Channels\シニア朗読\競合リサーチ\サムネ企画検索ポータル_20260605\thumbnail_assets\0mwAsgTIrrg.jpg,266535,
LFlRhLrVvTs,人生の光と影 朗読館,迷子の少年を助け面接官に罵倒された女子大生。彼女が助けた迷子の少年は、面接官の息子だった…,6052,,,0,db_thumbnail_url: HTTPError
zA2BkuI5ZrY,感動スカっと人生録,「明日で契約終了です」雨の夜、老人に傘を差した契約社員ー翌朝、全員が凍りついた,6040,,,0,db_thumbnail_url: HTTPError
9AqJzDsNQ7M,人生逆転ストーリー,「年寄りのくせに指図するなよ」と嘲笑された老職人──翌日“黒塗りの高級車10台”が会社を包囲し課長が凍りつく！,6034,,,0,db_thumbnail_url: HTTPError
An9f3CQjSjY,人生の輝き,銀行で支店長に頭から水をかけられる嫁を見た老人「潰してしまうか」→翌朝、銀行は跡形もなくなっていた…,6004,,,0,db_thumbnail_url: HTTPError
iUcZhPGlmQg,人生色々TV,高校時代、チンピラから救った幼馴染…10年後、倒産寸前の彼女の工場を救った直後、俺はぶっ倒れました…,6003,,,0,db_thumbnail_url: HTTPError
1xQwJzT1J-0,人生逆転ストーリー,「使えない奴は帰れ！」高級寿司店で罵倒される雑用係のおじいさん──翌日、客も職人も全員去り、大将が凍りついた,5991,,,0,db_thumbnail_url: HTTPError
phnEPxP5b0E,人生逆転ストーリー,「まさか、その服で来たのか？」同窓会で作業服の同級生を嘲笑した社長。だが数分後、“一枚の名刺”を見て土下座！,5965,,,0,db_thumbnail_url: HTTPError
pPqOyVNM02k,潮見組　人情列伝,ヤクザを助け全財産1000円渡した貧乏母親。翌日、彼女の家前に100台もの高級車が現れ…【感動する話】,5963,existing,E:\Data\ObsidianVault\02_Channels\シニア朗読\競合リサーチ\サムネ企画検索ポータル_20260605\thumbnail_assets\pPqOyVNM02k.jpg,353992,
NK6JyXMul5A,【スカッと朗読】シニアドラマ館,【冬休み全部泊まる宣告】親を“無料の宿”扱いした息子夫婦…しかし雪国の現実を知り3日で白旗！,5961,existing,E:\Data\ObsidianVault\02_Channels\シニア朗読\競合リサーチ\サムネ企画検索ポータル_20260605\thumbnail_assets\NK6JyXMul5A.jpg,148560,
MYGGe3CoN28,面白きかな人生,「タワマン71階だから格が違うのw」初対面でマウントしてきた保護者。翌朝、学校前に高級車30台…彼女が震えた私の正体とは【面白きかな人生】,5954,existing,E:\Data\ObsidianVault\02_Channels\シニア朗読\競合リサーチ\サムネ企画検索ポータル_20260605\thumbnail_assets\MYGGe3CoN28.jpg,235838,
GhjR-EungJ8,静かなる英雄たち,「邪魔だ」老舗あんこう料亭で蔑まれた雑用係のおじいさん。だが創業40周年の会食で料理長が失敗した瞬間、老人が静かに前に出ると——。,5954,existing,E:\Data\ObsidianVault\02_Channels\シニア朗読\競合リサーチ\サムネ企画検索ポータル_20260605\thumbnail_assets\GhjR-EungJ8.jpg,195278,
3Bj893ffcn0,お茶の間TV 〈スカッと感動〉,「この恩返す時」助けたヤクザがパワハラ職場に現れ、傲慢店長が凍りつき… 【スカッとする話】,5948,existing,E:\Data\ObsidianVault\02_Channels\シニア朗読\競合リサーチ\サムネ企画検索ポータル_20260605\thumbnail_assets\3Bj893ffcn0.jpg,146489,
hOHZPZe-bu8,人生の光と影 朗読館,火事で全焼寸前の家から老夫婦を救い出した貧乏な女子大生。翌日、大企業の最終面接に遅刻したその時…,5945,,,0,db_thumbnail_url: HTTPError
rvxfZ1xJ-l0,面白きかな人生,街角で物乞いをしているお婆さんが通行人に押し倒された。咄嗟に助けた貧乏学生。だが彼女は国立大学の試験に遅刻してしまった…【面白きかな人生】,5944,,,0,db_thumbnail_url: HTTPError
ROK9zmyLWnU,人生のギフト,「お願い！ママを助けて！」借金まみれで廃業寸前の食堂に飛び込んできたボロボロの少女 → 店主が見た母親の衝撃の姿とは【感動する話】,5934,existing,E:\Data\ObsidianVault\02_Channels\シニア朗読\競合リサーチ\サムネ企画検索ポータル_20260605\thumbnail_assets\ROK9zmyLWnU.jpg,223496,
h4pGgwZItCY,人生のギフト,「おじいさん、物置でいいので一晩だけ…」保護施設から逃げ出したボロ服の少女を、孤独な老人が保護した結果…【感動する話】,5931,existing,E:\Data\ObsidianVault\02_Channels\シニア朗読\競合リサーチ\サムネ企画検索ポータル_20260605\thumbnail_assets\h4pGgwZItCY.jpg,204193,
63x9bataROE,面白きかな人生,「古臭い工場は消えろ！」と2代目社長に契約を切られた71歳職人→翌朝、5億の特許王と判明し若社長が土下座！【面白きかな人生】,5905,,,0,db_thumbnail_url: HTTPError
s48Wcw3_L6E,愛しき人の人生日記,「中卒に未来はない！」とIQ200の天才少女を解雇した会長の息子。わずか10分で100億円契約が破棄され涙の土下座…！,5867,,,0,db_thumbnail_url: HTTPError
PqT_I4zJvgE,人生逆転ドラマシアター,同窓会で「人生の敗北者」と嘲笑された男。だが黒服の男たちが入ってきた瞬間、会場が静まり返った…,5860,,,0,db_thumbnail_url: HTTPError
8cQNPkZqvDg,人生逆転ストーリー,「どうせ年金暮らしでしょ、免許返納したら？」と高級車ディーラーの若い営業に見下された老人　翌日ライバル店で総額30億円の高級車を一括購入し逆襲！,5852,,,0,db_thumbnail_url: HTTPError
8OJ4PnzjcIE,人生ドラマTV,両親を失った孤児の兄妹、豚汁一杯が人生を変えた。15年後の病室で真実を知った兄妹が号泣した理由【感動の物語】,5796,existing,E:\Data\ObsidianVault\02_Channels\シニア朗読\競合リサーチ\サムネ企画検索ポータル_20260605\thumbnail_assets\8OJ4PnzjcIE.jpg,287202,
Tbi0RcWHG5g,人生スカッと物語,お婆さんに東京行きのチケットを譲って大手企業の最終面接に遅刻した就活生。面接官「お帰りください」→直後、会場が凍りついた…,5780,,,0,db_thumbnail_url: HTTPError
2zfKhCMJ-YE,愛しき人の人生日記,「使えないやつは帰れ！」怒鳴られた中卒社員が振り返った瞬間、呟いたたった一言で、会議室が凍りついた,5767,,,0,db_thumbnail_url: HTTPError
dYF2x7Kl7xs,人生の輝き,「俺は次期社長だぞ？逆らうならクビだw」とボンボン社員に見下されたパート社員。翌日、逆らってクビにしてみた結果…,5760,,,0,db_thumbnail_url: HTTPError
_LA4Q-eehWs,人生の温もり,「これで、乗れますか…」雪の駅で12歳の姉が差し出した小銭50円。老駅長が静かに置いた三枚の切符。二十年後、三人が握りしめて戻ってきたもの【感動する話】,5742,existing,E:\Data\ObsidianVault\02_Channels\シニア朗読\競合リサーチ\サムネ企画検索ポータル_20260605\thumbnail_assets\_LA4Q-eehWs.jpg,262299,
XpZXRF4qPQI,感動スカっと人生録,たった3分遅刻で清掃員を全員の前で罵倒した課長。入院中の「あの老人」に黒塗りの車が次々と来院し始めた瞬間…,5740,,,0,db_thumbnail_url: HTTPError
OseXakr1h1k,人生の光と影 朗読館,所持金10円の少女にケーキを渡してクビになったアルバイト店員。後日、店の前に高級車が現れ店長は凍り付いた…,5733,,,0,db_thumbnail_url: HTTPError
9PjnUsSzGII,潮見組　人情列伝,ヤクザに助けを求めた家族を失いひとりぼっちの少年。「1日だけパパになって…」翌日、授業参観に100人の黒スーツの”家族”が現れ…【感動する話】,5726,existing,E:\Data\ObsidianVault\02_Channels\シニア朗読\競合リサーチ\サムネ企画検索ポータル_20260605\thumbnail_assets\9PjnUsSzGII.jpg,301282,
3_ZtDPcK4A4,愛しき人の人生日記,「その服､レンタル?w」同窓会で外資系勤務の女に嘲笑われた同級生。翌日30億円契約の決裁者として現れて…,5717,,,0,db_thumbnail_url: HTTPError
OmsH9b2lY9Q,人生逆転ドラマシアター,スナックで起きた最悪の絡み。「睨んだよな？」と老人を脅すチンピラ。女店主が震え声で警告「あなた達、本当に終わるわよ」直後、予想外の来客が…。,5712,,,0,db_thumbnail_url: HTTPError
aL2uMCrawe8,人生のシナリオ,会長だと知らずに優しく話しかけた22歳の介護士。彼女はそれがきっかけで解雇された…だが翌日、高級車が3台現れ…【感動する話】,5704,existing,E:\Data\ObsidianVault\02_Channels\シニア朗読\競合リサーチ\サムネ企画検索ポータル_20260605\thumbnail_assets\aL2uMCrawe8.jpg,160982,
ZFIsuKHByAM,人生逆転ドラマch,同窓会にボロ作業着で行き、ゲラゲラ笑われた女性。数分後に店主に｢お帰りください｣と言われたのは…,5691,existing,E:\Data\ObsidianVault\02_Channels\シニア朗読\競合リサーチ\サムネ企画検索ポータル_20260605\thumbnail_assets\ZFIsuKHByAM.jpg,60674,
tnJ39M7zwpw,人生逆転ドラマシアター,「小銭で口座作るな」と笑われた孫娘。翌日現れた祖父が一言「100億、全部解約する」銀行全員が真っ青に…,5676,,,0,db_thumbnail_url: HTTPError
F-bEAHexTW8,仁義と人生の部屋,「裏切り者がよくも戻ってこれたな」組の3000万を盗んだ罪で破門されたヤクザ→10年後、組員全員が涙で土下座した【感動する話】,5676,,,0,db_thumbnail_url: HTTPError
YaRYKh66NUY,人生逆転ドラマシアター,三つ星レストランで冷遇された老婦人──誰も知らなかった“衝撃の正体”に全員が息を呑んだ,5673,,,0,db_thumbnail_url: HTTPError
J18HQPsqP2E,人生ドラマ館,「パパが魚屋とか大変そうだねw」教室でゲラゲラ笑われる少女　父「給食費を3倍にします」生徒たち「え？…」,5668,,,0,db_thumbnail_url: HTTPError
4ksqjtUgk0M,人生は七色,ゴミ箱を漁るボロボロ少女を発見したパン屋の夫婦。焼き立てパンを与えて保護した結果、目の前に現れたのは…【感動する話】,5645,existing,E:\Data\ObsidianVault\02_Channels\シニア朗読\競合リサーチ\サムネ企画検索ポータル_20260605\thumbnail_assets\4ksqjtUgk0M.jpg,272648,
YZSHscYK5eA,人生の光と影 朗読館,泣く子を守った女子高生バイト。理不尽に解雇された翌日、店の空気が凍りついた…,5643,,,0,db_thumbnail_url: HTTPError
f3wMr5A0hUM,人生はバラ色,「底辺のバイトが指図するな！」建設現場で大手ゼネコン役員に殴られた貧乏大学生。「…ここ、僕の土地ですけど？」その瞬間、300億のプロジェクトが消滅…,5608,existing,E:\Data\ObsidianVault\02_Channels\シニア朗読\競合リサーチ\サムネ企画検索ポータル_20260605\thumbnail_assets\f3wMr5A0hUM.jpg,232641,
KCr1YxHwW44,静かなる英雄たち,「効率の邪魔だ」大手ブランドに蔑まれたお直し屋の老婆。だが、1億円の衣装がズタズタになりプロ10人が修復を諦めた瞬間、「―私が、縫います」彼女が足踏みミシンを回すとーー。,5594,existing,E:\Data\ObsidianVault\02_Channels\シニア朗読\競合リサーチ\サムネ企画検索ポータル_20260605\thumbnail_assets\KCr1YxHwW44.jpg,162335,
G9s3dd86DWA,【スカッと朗読】シニアドラマ館,【スカッと】専業主婦と見下された私の正体は、年商30億の会長でした【シニアライフ】【60代以上の方へ】,5594,existing,E:\Data\ObsidianVault\02_Channels\シニア朗読\競合リサーチ\サムネ企画検索ポータル_20260605\thumbnail_assets\G9s3dd86DWA.jpg,152465,
Q8JZWyHgYRA,静かなる英雄たち,名門音楽教室で邪魔者扱いされた85歳のおばあさん。だが、彼女がシューベルトを弾いた瞬間ーー。,5590,existing,E:\Data\ObsidianVault\02_Channels\シニア朗読\競合リサーチ\サムネ企画検索ポータル_20260605\thumbnail_assets\Q8JZWyHgYRA.jpg,211839,
ggpIPPlLyhg,人生逆転ストーリー,「掃除のババアに何ができる？」高級ホテルで嘲笑された清掃員のおばあさん──外国人VIPに話しかけた瞬間、全員が凍りつく,5576,,,0,db_thumbnail_url: HTTPError
B0MhvkBT1xA,人生のギフト,吹雪の夜、親に追い出され、帰る場所をなくした6歳の少女→廃業寸前の食堂店主が一晩引き取った結果...【感動する話】,5571,existing,E:\Data\ObsidianVault\02_Channels\シニア朗読\競合リサーチ\サムネ企画検索ポータル_20260605\thumbnail_assets\B0MhvkBT1xA.jpg,239456,
vOjajR_bugA,人生の輝き,3歳の娘を抱えて借金200万円を背負うシングルマザー。ある日、浮浪者が路上で倒れているのを見つけ救急車を読んで付き添った結果、搬送先の病院が騒然となった理由とは…,5560,,,0,db_thumbnail_url: HTTPError
vJ-L9EzeStI,感動スカっと人生録,「どうせ年寄りは味なんか分からないw」馬鹿にされた契約社員→翌日、減塩弁当3万食が回収され、3億円が消えた…,5555,,,0,db_thumbnail_url: HTTPError
RfngEksu2DA,人生ドラマ座,「中卒のくせに逆らうなんて」東大卒女社長にクビにされた67歳嘱託社員──翌日、300億契約が破談になり会長が土下座！,5554,existing,E:\Data\ObsidianVault\02_Channels\シニア朗読\競合リサーチ\サムネ企画検索ポータル_20260605\thumbnail_assets\RfngEksu2DA.jpg,172198,
-gQzRxF4Gxk,涙のひととき,"【感動する話】『君のお母さんの名前は、もしかして—』大企業の会長が知らずに面接していたのは、25年前に別れた""初恋の人""の娘だった",5534,existing,E:\Data\ObsidianVault\02_Channels\シニア朗読\競合リサーチ\サムネ企画検索ポータル_20260605\thumbnail_assets\-gQzRxF4Gxk.jpg,231011,
8lTw5Df2z-o,【スカッと朗読】シニアドラマ館,息子「老後資金を全部出して」→両親の逆襲で結婚式が中断、地獄を見た新郎新婦w,5530,existing,E:\Data\ObsidianVault\02_Channels\シニア朗読\競合リサーチ\サムネ企画検索ポータル_20260605\thumbnail_assets\8lTw5Df2z-o.jpg,169775,
agWClXiop94,人生ドラマ座,赤字スーパーを立て直した女性店員に御曹司の社長が嘲笑解雇「今日でクビw 退職金100円なw」→「はい、辞めます」1ヶ月後...,5529,existing,E:\Data\ObsidianVault\02_Channels\シニア朗読\競合リサーチ\サムネ企画検索ポータル_20260605\thumbnail_assets\agWClXiop94.jpg,244565,
wUZIKph-3c0,心に響く人生ドラマ日誌,「底辺旦那呼べよｗ」歓迎会で新入社員を嘲笑したエリート社員→社長「旦那は私だが？」全員凍りつく「え…？」,5518,existing,E:\Data\ObsidianVault\02_Channels\シニア朗読\競合リサーチ\サムネ企画検索ポータル_20260605\thumbnail_assets\wUZIKph-3c0.jpg,194506,
V2FymxJcejw,心に響く人生ドラマ日誌,「汚い貧乏人は帰れ！」お爺さんを助けた派遣の新人銀行員が、翌日500億円の契約を勝ち取る！,5493,existing,E:\Data\ObsidianVault\02_Channels\シニア朗読\競合リサーチ\サムネ企画検索ポータル_20260605\thumbnail_assets\V2FymxJcejw.jpg,153401,
2KIt05_qngs,人生の輝き,「解体作業でもしてろw」銀行で解約を強要された土木作業員。「本当にいいですか？」→翌日、銀行は解体されていました…,5492,,,0,db_thumbnail_url: HTTPError
3TaoWo8P3Qs,人生ドラマ館,同級生に「貧乏人w」と見下される女子高生…下校時、黒塗りの高級車が学校の前に停まり、でてきた老人が「若奥様、お迎えにまいりました」同級生「…え？」,5483,,,0,db_thumbnail_url: HTTPError
gcUSQEXthn8,人生の輝き,「さっさと廃業しろｗ」地上げ屋に見下された定食屋店主→引きこもりの同級生を雇ったら、海外から予約の電話が鳴り止まなくなった…,5480,existing,E:\Data\ObsidianVault\02_Channels\シニア朗読\競合リサーチ\サムネ企画検索ポータル_20260605\thumbnail_assets\gcUSQEXthn8.jpg,241311,
k3HcFrnbDVM,人生逆転ストーリー,「そんなボロ服で」高級寿司店で嘲笑され、追い出された老夫婦。翌日、大将が社長室で見た“まさかの人物”とは――.,5471,,,0,db_thumbnail_url: HTTPError
NVHCDbciRWI,人生逆転ドラマシアター,同窓会で友達をいじめた2代目女社長は知らなかった。中卒の私にビールを浴びせた結果、私の夫が「旦那が恐れる業界のドン」だと判明して…ｗ,5461,,,0,db_thumbnail_url: HTTPError
rF5qfFjElNo,静かなる英雄たち,「ただの修理係」と笑われた老人が、1本のドライバーで“止まっていた時”を動かした瞬間――。,5458,existing,E:\Data\ObsidianVault\02_Channels\シニア朗読\競合リサーチ\サムネ企画検索ポータル_20260605\thumbnail_assets\rF5qfFjElNo.jpg,190189,
iYV6R0VIuSU,人生逆転ドラマシアター,「お前、そんな格好で恥ずかしくないの？」同窓会で清掃員の格好をした同級生を嘲笑う元イジメっ子の社長。た一枚の名刺を見た瞬間、崩れ落ちた,5432,,,0,db_thumbnail_url: HTTPError
55pHdK7Nfs4,【スカッと朗読】シニアドラマ館,「お荷物」と呼ばれた母が、全てを奪い返すまで。息子夫婦の末路は――,5430,existing,E:\Data\ObsidianVault\02_Channels\シニア朗読\競合リサーチ\サムネ企画検索ポータル_20260605\thumbnail_assets\55pHdK7Nfs4.jpg,157278,
znEjAPycPFo,感動スカっと人生録,「おまえに何ができる！」廃業寸前の老舗リストランテ→日本人アルバイトをクビにしようとした男の末路,5429,,,0,db_thumbnail_url: HTTPError
b5xlQoRMCfI,愛しき人の人生日記,「深夜のコンビニで泣いている外国人を助けた貧乏就活生。1ヶ月後、大使館から驚きの連絡が...」,5422,,,0,db_thumbnail_url: HTTPError
0HG9g78xrvk,人生ドラマ館,廃業寸前の総菜屋を一人で営むギャルが店前でうずくまるボロボロの少年に毎晩ご飯をご馳走した。ある日、店が全焼し街をでることに→15年後、店の空き地を訪れたら一人の男性が現れて…,5413,,,0,db_thumbnail_url: HTTPError
q__JTgaS-ug,人生の光と影 朗読館,雪道で老人を助けただけの17歳。遅刻の代償が“即クビ”だった――,5411,,,0,db_thumbnail_url: HTTPError
WKQsE95XROI,人生ドラマ座,「そんな貧乏くさい弁当いらない。300個全部キャンセルね」弁当屋を見下した男の末路──翌日“100億円の契約破棄”で業界が凍りつく,5408,existing,E:\Data\ObsidianVault\02_Channels\シニア朗読\競合リサーチ\サムネ企画検索ポータル_20260605\thumbnail_assets\WKQsE95XROI.jpg,160302,
oXAzI5of8Js,人生の輝き,「出て行け！二度と来るな！」突き飛ばされて銀行を追い払われたお婆さん。翌日、全預金5000億円を引き出した結果…,5406,,,0,db_thumbnail_url: HTTPError
neUqVBvssvc,面白きかな人生,「お前の家、クーラーないってマジかよ？ｗ」とバカにされ泣きそうになった小学生の娘。だが数秒後、校長が参観中に土下座した…父親の正体に保護者真っ青【面白きかな人生】,5400,existing,E:\Data\ObsidianVault\02_Channels\シニア朗読\競合リサーチ\サムネ企画検索ポータル_20260605\thumbnail_assets\neUqVBvssvc.jpg,217877,
ntjoLyMBzes,感動スカっと人生録,『遅刻女』と罵られ、接待強要で貯金が消えた私…しかし、あの30分で助けた人の正体に鬼顧客は青ざめた,5399,,,0,db_thumbnail_url: HTTPError
qm42hB7svug,人生ドラマTV,新市長だと知らずに話し相手になった市役所の非正規職員。翌日、クビを言い渡されたその理由に涙が止まらない,5394,existing,E:\Data\ObsidianVault\02_Channels\シニア朗読\競合リサーチ\サムネ企画検索ポータル_20260605\thumbnail_assets\qm42hB7svug.jpg,152256,
wbrPKVm1TfA,感動スカっと人生録,暴力から女性を救った派遣OL－遅刻した商談会場で犯人と再開し凍りついた瞬間,5393,,,0,db_thumbnail_url: HTTPError
bwQvRX_W7qQ,面白きかな人生,「客選んでんじゃねぇよ！」強面客に無理難題をふっかけられた67歳店主…5分後、黒塗りの車が寿司屋を囲む！ 誰も知らなかった店主の過去とは【面白きかな人生】,5379,existing,E:\Data\ObsidianVault\02_Channels\シニア朗読\競合リサーチ\サムネ企画検索ポータル_20260605\thumbnail_assets\bwQvRX_W7qQ.jpg,191364,
SYyNCFtd-iQ,仁義と人生の部屋,ヤクザの組長が暗殺。3週間後→息子同然の男が犯人の正体を暴き復讐…組員全員が凍りついた【スカッとする話】,5375,,,0,db_thumbnail_url: HTTPError
3DDaz9crBZk,人生ドラマ館,病気の弟のため夢をあきらめ問題児扱いされていたギャル女子高生　心配だった先生が、アルバイト先を紹介し働いてもらったら…,5372,,,0,db_thumbnail_url: HTTPError
gWyiLZ_Y2n8,人生は七色,「貧乏人は日本に帰れ！」真冬の寒空で泥水をかけられた貧乏留学生。30年後、いじめっ子に訪れた悲惨な結末とは…,5371,,,0,db_thumbnail_url: HTTPError
lGIdM9n8scQ,人生ドラマ館,「お父さん平社員？w」授業参観で父を見下すボスママ　父「ご主人の会社の筆頭株主ですが」→教室が凍り付く,5365,,,0,db_thumbnail_url: HTTPError
shzSn7ynnls,潮見組　人情列伝,ヤクザに昼食を渡す余命3ヶ月の難病を抱えた少年「これしかないけど」→全組員が動き出した【感動する話】,5314,existing,E:\Data\ObsidianVault\02_Channels\シニア朗読\競合リサーチ\サムネ企画検索ポータル_20260605\thumbnail_assets\shzSn7ynnls.jpg,285972,
pmD2jRtdeVk,感動スカっと人生録,「女が継いだ工場なんか」メール１本で30年を切った部長－－3週間後、男の会社の工場が全部止まった,5291,existing,E:\Data\ObsidianVault\02_Channels\シニア朗読\競合リサーチ\サムネ企画検索ポータル_20260605\thumbnail_assets\pmD2jRtdeVk.jpg,228560,
RpW4VJdLX1I,面白きかな人生,「お前の声は縁起が悪いんだよｗ」部長からずっと無視をされていた派遣OL→お望み通り黙っていた結果、5000万の契約が消えた【面白きかな人生】,5284,existing,E:\Data\ObsidianVault\02_Channels\シニア朗読\競合リサーチ\サムネ企画検索ポータル_20260605\thumbnail_assets\RpW4VJdLX1I.jpg,253061,
giDdBiU5APo,人生逆転ドラマシアター,ヨレヨレの服で職質されたお爺さん。だが次の一言で警察が深々と頭を下げた理由,5264,,,0,db_thumbnail_url: HTTPError
oMYtht_Ro7k,人生逆転ストーリー,「もう閉店です」「まだ何も出てませんけど？」高級寿司店で3時間放置された老夫婦──翌日、本部に呼び出された大将が知る“恐ろしい真実”とは,5261,,,0,db_thumbnail_url: HTTPError
SSSilMHMJSY,潮見組　人情列伝,父親の営む居酒屋で企画した娘の誕生日会を同級生の親子供30人がドタキャン。直後「俺たちに祝わせてくれ」ヤクザ組員100人が集結した結果【感動する話】,5261,existing,E:\Data\ObsidianVault\02_Channels\シニア朗読\競合リサーチ\サムネ企画検索ポータル_20260605\thumbnail_assets\SSSilMHMJSY.jpg,323740,
6Z-rCBOsI1E,人生の輝き,「学歴のない作業員」と製薬工場で侮辱された清掃員のお爺さん。翌日、創業者は彼の姿を見るなりブルブルと震え出した…,5254,,,0,db_thumbnail_url: HTTPError
URzUggXCIKg,人生の光と影 朗読館,一流ホールで嘲笑されたシングルマザー。5分後、現れた人物の一言で全員が凍りつく…,5240,,,0,db_thumbnail_url: HTTPError
ba_QAHul2BQ,人生逆転ストーリー,「作業服で寿司？場違いだな」高級寿司店で老人を嘲笑した銀行員→翌朝、“出社不可”に！？誰も気づかなかった男の正体とは,5237,,,0,db_thumbnail_url: HTTPError
kfHPCljnmek,人生ドラマ館,「かくまってください...」深夜のおでん屋に駆け込んできたボロボロ親子　ギャル店主が住み込みで雇った結果…,5237,,,0,db_thumbnail_url: HTTPError
YQWg9Hpx6fg,愛しき人の人生日記,心肺停止の老人を助けて8億円の商談に遅刻したOL。｢お前はクビだ!!｣その後、黒塗りの高級車が現れて…,5230,,,0,db_thumbnail_url: HTTPError
pzeMsWlrr7Y,人生の光と影 朗読館,大雨の中で迷子の少女を助けた貧乏中学生。翌日、助けた子の母親がまさかのあの人だったことがわかり…,5226,,,0,db_thumbnail_url: HTTPError
kcfQ7RnXPf4,人生逆転ドラマch,｢おにぎり1000個キャンセルでw｣同級生をバカにした社長夫人。翌日，100億の契約破棄で真っ青に…,5225,existing,E:\Data\ObsidianVault\02_Channels\シニア朗読\競合リサーチ\サムネ企画検索ポータル_20260605\thumbnail_assets\kcfQ7RnXPf4.jpg,64089,
Dm807cWUbME,愛しき人の人生日記,障害を持つ娘が高級レストランで軽蔑された 次の瞬間、シェフが「2度と来るな」と追い出したのは...,5217,,,0,db_thumbnail_url: HTTPError
Ak62UHrQQlI,人生スカッと物語,「うちで口座作るな」と銀行で預金を拒否された後、手続きを打ち切られたお婆さん。その場でライバル銀行へ5秒ごとに送金し続けた結果…,5192,,,0,db_thumbnail_url: HTTPError
4Wupbz2T1_o,人生の光と影 朗読館,大雪の夜、倒れた配達員を助けた看護学生。「遅刻するな」と叱責され停学…翌日、病院の空気が凍りついた,5178,,,0,db_thumbnail_url: HTTPError
IGdJn5rqC74,人生ドラマTV,高級百貨店で浮浪者に笑顔で対応した彼女は左遷となった…怒り狂った浮浪者がとった行動とは？,5169,existing,E:\Data\ObsidianVault\02_Channels\シニア朗読\競合リサーチ\サムネ企画検索ポータル_20260605\thumbnail_assets\IGdJn5rqC74.jpg,162702,
M-qEs66z48M,人生の光と影 朗読館,車にひかれる寸前の少女を助けて面接に遅刻した女子大生。数日後、社長から届いた封筒を開いた瞬間、空気が変わる…,5169,,,0,db_thumbnail_url: HTTPError
ezphuEHTJ6s,面白きかな人生,10年ぶりに復帰した70歳老人に部長の息子が「新人のジジイか！コーヒー買ってこい」と罵倒。翌朝屋上に金色のヘリが！実は老人は・・・【面白きかな人生】,5163,,,0,db_thumbnail_url: HTTPError
xL_zyEUhgBo,人生は七色,「清掃員が出しゃばるな！」小児病棟で見下された老婆がピアノを演奏した瞬間、余命わずかの少女が目の前に現れて…【感動ストーリー】,5157,,,0,db_thumbnail_url: HTTPError
qXef8EAs5LM,人生の輝き,踏切で遮断機の中に取り残されたお婆さんを救って大事な商談を逃した新人OL。面接官「時間切れです」だがその直後、同席していた社長が立ち上がり…,5145,,,0,db_thumbnail_url: HTTPError
1V86au11-mE,人生の輝き,父の借金で水商売する女性が安上がりな常連客を庇った数日後、彼女の前に高級スーツの男が現れて…,5139,,,0,db_thumbnail_url: HTTPError
3qkByXimx10,潮見組　人情列伝,全身あざだらけの少女がヤクザ事務所を訪問。「ここに強い人がいるって聞いて…」翌日、少女の家の前に10台の黒塗りの高級車が現れ…【感動する話】,5124,existing,E:\Data\ObsidianVault\02_Channels\シニア朗読\競合リサーチ\サムネ企画検索ポータル_20260605\thumbnail_assets\3qkByXimx10.jpg,274523,
ESe4Uw8kOCU,人生色々TV,故障した老婆の車を修理した見習少女…翌日、突如黒塗り高級車が整備工場の前に現れ…,5111,,,0,db_thumbnail_url: HTTPError
szVSt9TrGQY,人生スカッと物語,「貧乏がうつる！」嵐の中、お婆さんを背負ったい母子家庭中学生に放たれた言葉。その後に信じられない結末が！,5098,,,0,db_thumbnail_url: HTTPError
ayc6YbpH5Us,人生ドラマ館,大手企業の面接会場で嘲笑されたギャル　数分後、ギャルの一言に全員が絶句する…,5090,,,0,db_thumbnail_url: HTTPError
i69YEMw_6LM,人生逆転ストーリー,「寿司なんて機械で十分」高級寿司屋の2代目大将に追い出された老職人が、別の店で“本物”を見せた結果…,5085,,,0,db_thumbnail_url: HTTPError
TvzhtRMbEhg,人生逆転ドラマch,コンビニで泣く5歳の迷子に全財産渡した女子高生。15年後，連続不採用の中ダメ元で大手を受けた結果...,5072,existing,E:\Data\ObsidianVault\02_Channels\シニア朗読\競合リサーチ\サムネ企画検索ポータル_20260605\thumbnail_assets\TvzhtRMbEhg.jpg,146862,
Nm6FuSnrseU,潮見組　人情列伝,地上げ屋に店を荒らされ涙する定食屋の女店主。「明日までに退去しろって…」直後、常連客の元ヤクザの男が鬼の形相になり…【感動する話】,5066,existing,E:\Data\ObsidianVault\02_Channels\シニア朗読\競合リサーチ\サムネ企画検索ポータル_20260605\thumbnail_assets\Nm6FuSnrseU.jpg,231957,
1LjFnzn9TQg,感動スカっと人生録,「おまえの感覚なんて時代遅れだ」と同期に笑われた女性、たった一言で会議室が凍りついた,5058,,,0,db_thumbnail_url: HTTPError
QrBodyJ_cXw,人生はバラ色,「俺の親父は社長だぞ？悔しいなら会長でも呼んでみろよww」エリート銀行員に侮辱された新人女性清掃員。「…いいですよ」その場で電話をかけた結果…,5057,existing,E:\Data\ObsidianVault\02_Channels\シニア朗読\競合リサーチ\サムネ企画検索ポータル_20260605\thumbnail_assets\QrBodyJ_cXw.jpg,174170,
55shfUzmowo,人生色々TV,婚約顔合わせに油まみれの作業服で来た父…「現場は大変ね、油臭いし」と嘲笑した経営者は倒産の危機に陥りました…,5047,,,0,db_thumbnail_url: HTTPError
oJl3Eh0-lPg,人生逆転ストーリー,68歳、貯金ゼロ。年金日前は毎月空っぽだった私が、1年で100万円貯められた【3つの習慣】とは,5043,existing,E:\Data\ObsidianVault\02_Channels\シニア朗読\競合リサーチ\サムネ企画検索ポータル_20260605\thumbnail_assets\oJl3Eh0-lPg.jpg,220358,
Z1Kmagwy80Q,人生のギフト,「ご飯も食べていきな」捨てられた無料券でコロッケ1個を分け合うボロ服の母娘 → 惣菜屋の店主がたらふくご飯をふるまった結果【感動する話】,5036,existing,E:\Data\ObsidianVault\02_Channels\シニア朗読\競合リサーチ\サムネ企画検索ポータル_20260605\thumbnail_assets\Z1Kmagwy80Q.jpg,233774,
vuEiuj_0ySQ,感動スカっと人生録,「お前はいらない」罵倒された28歳OL―港町に現れた“大物”の正体に、全員が絶句,5033,,,0,db_thumbnail_url: HTTPError
VJsPHTXV8wg,人生逆転ストーリー,「うちの嫁に『土下座しろ』…だと？」銀行員の嫁を公開処刑した支店長…翌日、義父が500億解約し支店が凍りつく,5029,,,0,db_thumbnail_url: HTTPError
BEVcs4CVkY0,潮見組　人情列伝,少女を庇い小5のヤクザ息子にボコられた小1の息子。「組ごと潰すか」元第一空挺団の父親が本気を出した結果【感動する話】,5020,existing,E:\Data\ObsidianVault\02_Channels\シニア朗読\競合リサーチ\サムネ企画検索ポータル_20260605\thumbnail_assets\BEVcs4CVkY0.jpg,270962,
HqS6ywP8ZDc,人生逆転ドラマシアター,「老人なんて怖くない！」大企業若手エリートに罵られたお爺さん。翌日、彼の“隠された持株比率”を知り本社が真っ青に…！,4989,,,0,db_thumbnail_url: HTTPError
Nslhp9uQSrA,人生逆転ドラマシアター,『下請けで引き取れ』と老人をクビにした結果…人生逆転の代償が会社を襲う,4984,,,0,db_thumbnail_url: HTTPError
JlZwn767TsA,人生の輝き,「臭いので帰ってくださいw」銀行で支店長にホームレス扱いされた老人。その直後、ライバル銀行に1分ごとに送金を行った結果,4968,,,0,db_thumbnail_url: HTTPError
sv0jQVAjTj4,人生の光と影 朗読館,田舎道でお婆さんの靴を修理した貧しい14歳の少年。翌日、彼の店の前に黒塗りの高級車が列をなした…,4948,,,0,db_thumbnail_url: HTTPError
tB8fe9omZV4,人生ドラマ館,廃業寸前の女子高生が営むパン屋にボロボロ姉妹が来店。「帰る場所がなくて…」「うちに来る？」→引き取った結果,4947,,,0,db_thumbnail_url: HTTPError
EZ7j6ND5ZAQ,静かなる英雄たち,「会長でも呼んでみろ」大手メーカーで蔑まれ続けた派遣社員の女性。「——呼びましたか」守衛のおじいさんが静かに歩み出ると...。,4937,existing,E:\Data\ObsidianVault\02_Channels\シニア朗読\競合リサーチ\サムネ企画検索ポータル_20260605\thumbnail_assets\EZ7j6ND5ZAQ.jpg,152849,
uWtHCoAGBFk,【スカッと朗読】シニアドラマ館,【スカッと】会うなと言われた母が仕送りを止めた瞬間、息子夫婦の人生が崩れ始めた【シニアライフ】【60代以上の方へ】,4934,existing,E:\Data\ObsidianVault\02_Channels\シニア朗読\競合リサーチ\サムネ企画検索ポータル_20260605\thumbnail_assets\uWtHCoAGBFk.jpg,167045,
wKnK1EBuje4,人生のシナリオ,記憶喪失の老人に親切にした貧乏なタクシー運転手の女性は解雇された。だが翌日、彼女の前に黒塗りの高級車が止まり…【感動する話】,4923,existing,E:\Data\ObsidianVault\02_Channels\シニア朗読\競合リサーチ\サムネ企画検索ポータル_20260605\thumbnail_assets\wKnK1EBuje4.jpg,176808,
rzdoZwrnVzI,人生ドラマ館,「お母さんはどこにいるの？」おにぎりを万引きした少年に語りかけると、少年は号泣し、貧乏ギャルは少年を育てることに。その結果…,4888,,,0,db_thumbnail_url: HTTPError
YlwPKVKSNXA,人生はバラ色,「貧乏人は解約してもらって結構w」高級寿司屋で銀行員に嘲笑されたお爺さん。翌日、 1兆円”の解約申請で銀行騒然、支店長が顔面蒼白に,4886,existing,E:\Data\ObsidianVault\02_Channels\シニア朗読\競合リサーチ\サムネ企画検索ポータル_20260605\thumbnail_assets\YlwPKVKSNXA.jpg,167984,
YsiqiLQRXeM,人生の光と影 朗読館,雪で足を滑らせ倒れた老婆を助けた貧乏な少女。翌日、店の前に黒塗りの高級車が現れ…,4873,,,0,db_thumbnail_url: HTTPError
WJsp1RO1lmI,人生の光と影 朗読館,泣きながら歩く迷子を助けただけの非正規社員。「今すぐクビだ」と罵られた翌日、会議室の空気が凍りついた…,4861,,,0,db_thumbnail_url: HTTPError
szMSekzs_ew,人生逆転ドラマch,｢夢は寿司職人です｣教室でゲラゲラ笑われる女子高生。20年後，同窓会で再会した結果...,4855,existing,E:\Data\ObsidianVault\02_Channels\シニア朗読\競合リサーチ\サムネ企画検索ポータル_20260605\thumbnail_assets\szMSekzs_ew.jpg,63175,
RJ-v6R8fAbM,潮見組　人情列伝,「お願い、誰か助けて…」不良から財布を盗まれ路頭に迷う目の見えない少女。翌日、不良は黒服のヤクザ集団に囲まれ…【感動する話】,4851,existing,E:\Data\ObsidianVault\02_Channels\シニア朗読\競合リサーチ\サムネ企画検索ポータル_20260605\thumbnail_assets\RJ-v6R8fAbM.jpg,270453,
6nZ3uxOfS64,人生逆転ドラマch,「親が高卒でお受験？w」小学校の受験会場でボスママにバカにされる私。私「あなたの旦那中卒ですよね？」ボスママ「え？」,4850,existing,E:\Data\ObsidianVault\02_Channels\シニア朗読\競合リサーチ\サムネ企画検索ポータル_20260605\thumbnail_assets\6nZ3uxOfS64.jpg,64202,
XtCQCkQWilI,人生の輝き,「うちの嫁に何をした！」銀行で嫁が支店長に公開土下座させられていたので預金全額引き出しました…,4838,,,0,db_thumbnail_url: HTTPError
yYHS3Te7w4E,人生逆転ドラマシアター,「時代遅れの豆腐はいらない」40年の取引を切った老舗旅館の新オーナー──翌日“30億円の契約破棄”で全員が凍りついた,4793,,,0,db_thumbnail_url: HTTPError
1eQQdcMUSJA,人生逆転ドラマch,姉から会社の後輩美女を紹介された俺。俺が高校時代振った元カノが現れた結果…,4787,existing,E:\Data\ObsidianVault\02_Channels\シニア朗読\競合リサーチ\サムネ企画検索ポータル_20260605\thumbnail_assets\1eQQdcMUSJA.jpg,83659,
84-N82tfdng,感動スカっと人生録,「片親の貧乏女が同窓会に来るなよ」と笑った御曹司－翌週、自社の10億の取引が消え顔面蒼白,4784,,,0,db_thumbnail_url: HTTPError
zKYF9b6J1xA,人生逆転ストーリー,「お荷物社員」と笑われた65歳――「君たちの給料は私から出ているんだが」退職日に明かした“8億円の秘密”に全員が凍りつく,4773,,,0,db_thumbnail_url: HTTPError
K4RgL7phxGo,面白きかな人生,「小口は後回し」窓口で5時間放置された老人、翌朝、全通帳700憶円を解約した結果【面白きかな人生】,4759,existing,E:\Data\ObsidianVault\02_Channels\シニア朗読\競合リサーチ\サムネ企画検索ポータル_20260605\thumbnail_assets\K4RgL7phxGo.jpg,160757,
hBhII7q2Xjc,人生ドラマ座,「どうせゴミ企業だろ？融資してやろうかw」同窓会で銀行員の同級生にバカにされた派遣の俺「この銀行、潰そう」翌日、5000億の口座解約で支店長土下座！,4752,existing,E:\Data\ObsidianVault\02_Channels\シニア朗読\競合リサーチ\サムネ企画検索ポータル_20260605\thumbnail_assets\hBhII7q2Xjc.jpg,255112,
j1pDN-2Xsaw,人生の輝き,高校を中退して家族のためにバイトする女の子が万引きお爺さんを救った数日後、訪れた警察署で起きた奇跡に涙が止まらない…,4751,,,0,db_thumbnail_url: HTTPError
PrOp8yiKUog,【スカッと朗読】シニアドラマ館,「他人はうちの敷地をまたぐな」― 息子夫婦に絶縁された母の反撃―,4749,existing,E:\Data\ObsidianVault\02_Channels\シニア朗読\競合リサーチ\サムネ企画検索ポータル_20260605\thumbnail_assets\PrOp8yiKUog.jpg,158868,
MXZpWauRsU0,人生のヒカリ,突如現れたヤクザにみかじめ料を請求されるラーメン屋若店主の女性、常連の爺さんは正体を現した結果...【感動する話】,4749,existing,E:\Data\ObsidianVault\02_Channels\シニア朗読\競合リサーチ\サムネ企画検索ポータル_20260605\thumbnail_assets\MXZpWauRsU0.jpg,230489,
LvAre5aq-V0,面白きかな人生,「貧乏人の庭は公共のものよｗ」自宅前に無断駐車を繰り返すボスママ。翌朝、30㎏のセメント入りコーンを並べた結果【面白きかな人生】,4747,existing,E:\Data\ObsidianVault\02_Channels\シニア朗読\競合リサーチ\サムネ企画検索ポータル_20260605\thumbnail_assets\LvAre5aq-V0.jpg,273648,
j_lMPM-ZGjE,人生色々TV,店員は即日クビになりました…そして15年後、ボロボロで倒れそうな店員の前に現れたのが・・・,4746,,,0,db_thumbnail_url: HTTPError
-GVDzcaeqPY,人生色々TV,大遅刻で門前払い…人生終わったと凹む貧乏就活生にまさかの人物が「弟子になれ」と。一体何が！？,4724,,,0,db_thumbnail_url: HTTPError
ttTOPd8Itow,【スカッと朗読】シニアドラマ館,「絶縁してくれ」と息子夫婦に追い出された母。3日後、すべてを失うのは彼らの方だった——。,4720,existing,E:\Data\ObsidianVault\02_Channels\シニア朗読\競合リサーチ\サムネ企画検索ポータル_20260605\thumbnail_assets\ttTOPd8Itow.jpg,168536,
TVZB760puOE,人生は七色,創業40年のNYに佇む日本人経営の鮨屋は廃業寸前に追い込まれるも“一つの動画”をきっかけに様変わりする,4708,,,0,db_thumbnail_url: HTTPError
Tn20u0ACJTo,【スカッと朗読】シニアドラマ館,「家も土地もあんたの物じゃない！」と追い出された72歳母…3日後、息子夫婦が青ざめた“本当の所有者”の真実とは？,4705,existing,E:\Data\ObsidianVault\02_Channels\シニア朗読\競合リサーチ\サムネ企画検索ポータル_20260605\thumbnail_assets\Tn20u0ACJTo.jpg,148381,
jnqFL1yoyZQ,人生ドラマ館,「小娘が買収？w」亡き母の会社を牛耳る悪徳社長に見下されたギャル。3日後、10億円をもって会社に現れて顔面蒼白…,4702,,,0,db_thumbnail_url: HTTPError
yTc3BWAWnAc,面白きかな人生,【肉声朗読】「お前に価値はない」パワハラで辞めたOL、70歳ビル管理人が呼んだ黒塗りの車列に社長が土下座【面白きかな人生】,4701,existing,E:\Data\ObsidianVault\02_Channels\シニア朗読\競合リサーチ\サムネ企画検索ポータル_20260605\thumbnail_assets\yTc3BWAWnAc.jpg,174312,
77S--x50U74,人生のギフト,寒空の下、ゴミ箱をあさるボロボロの兄弟を見つけた店主 → 借金1500万円で差し押さえ寸前の民宿店主が引き取った結果…【感動する話】,4696,existing,E:\Data\ObsidianVault\02_Channels\シニア朗読\競合リサーチ\サムネ企画検索ポータル_20260605\thumbnail_assets\77S--x50U74.jpg,220159,
Rj77O3Vzw9M,愛しき人の人生日記,「クビよ」弁当を児童に分けた保育士がクビに。翌日、黒塗りの車が現れて園長絶句…,4695,,,0,db_thumbnail_url: HTTPError
dli57YAX-1I,人生の輝き,「実家に出戻り？雇ってやろうか？w」同窓会で2代目社長の同級生にバカにされた女性。「…もう疲れた」翌日、会社の電話が鳴り止まず…,4693,,,0,db_thumbnail_url: HTTPError
ukC8JGSSARw,人生ドラマ館,「質素な弁当w」いじめられていた貧乏女子高生　20年後、同窓会でいじめっ子と再会した結果…,4691,,,0,db_thumbnail_url: HTTPError
6-ouj6mWKuE,人生の輝き,深夜のコンビニで暖を取るお爺さんを助けた貧乏学生。翌日、その学生に全額奨学金の給付が決定していた…,4691,,,0,db_thumbnail_url: HTTPError
7wlE2KDIslw,人生の光と影 朗読館,理事長だと知らずに話し相手になった看護助手。翌朝、突然のクビ宣告…しかし“その理由”を聞いた瞬間、誰もが黙り込んだ…,4690,,,0,db_thumbnail_url: HTTPError
uPCJwZ6Doro,愛しき人の人生日記,「お前のチケットもらうわw」大事な商談で上司に置き去りにされた派遣社員。2時間後、商談の席で相手社長の一言に上司が蒼白…,4678,,,0,db_thumbnail_url: HTTPError
mpU1XM9b2PA,人生は七色,スペインで全財産を失った26歳の日本人女性。廃業寸前のスペインレストランが１つの羽釜で奇跡を起こす…【感動ストーリー】【人生は七色】,4669,,,0,db_thumbnail_url: HTTPError
R9F-wrIdovA,人生逆転ストーリー,俺の敷地に連日トラックが不法駐車「またか…」→出られないように封鎖して“一週間の旅行”に出た結果…,4657,,,0,db_thumbnail_url: HTTPError
NQrbv-CRPww,人生は七色,決してエリート街道ではなかった新人女性議員は、国の緊急事態に能力を開花させた,4656,,,0,db_thumbnail_url: HTTPError
m_JJUXes5lk,感動スカっと人生録,「72年間、一人ぼっちだった…」路上で倒れた孤独な老人を救った貧乏女性－その優しさが鉄の心を砕いた瞬間,4655,,,0,db_thumbnail_url: HTTPError
c9I8e58kywY,人生ドラマ館,豪雨の中、高級寿司店にボロボロ兄妹が来店し「10円しかなくて」「貧乏人は帰れ」→直後、クビ宣告されたばかりのギャル板前「いっぱい食べて」,4654,,,0,db_thumbnail_url: HTTPError
sH7KyE1Qepw,【スカッと朗読】シニアドラマ館,法事で嫁に「ぶら下がって生きてる人みたい」と嘲笑された母…しかし翌日“本当の姿”を知った嫁が青ざめた。,4650,existing,E:\Data\ObsidianVault\02_Channels\シニア朗読\競合リサーチ\サムネ企画検索ポータル_20260605\thumbnail_assets\sH7KyE1Qepw.jpg,150722,
1gUonU7nZ9k,人生の温もり,「逃げるな」60歳の孤独なパン職人が、雨の夜 ずぶ濡れの幼い姉弟に告げた最初の一言。15年後 全国コンテストで再会した二人の正体は…【感動する話】,4647,existing,E:\Data\ObsidianVault\02_Channels\シニア朗読\競合リサーチ\サムネ企画検索ポータル_20260605\thumbnail_assets\1gUonU7nZ9k.jpg,230869,
QZbIno9d2sg,人生逆転ドラマch,「彼の車2000万だって♪」俺を見下す元カノカップルに高級車を自慢される。俺「その車，うちのと一緒ですね」元カノ「えっ？」,4628,existing,E:\Data\ObsidianVault\02_Channels\シニア朗読\競合リサーチ\サムネ企画検索ポータル_20260605\thumbnail_assets\QZbIno9d2sg.jpg,68047,
oG93M-tl4AU,人生の裏側,認知症の祖母を守るため、ヤクザ事務所を訪ねた貧乏大学生。翌日、悪質業者前に黒塗りの高級車が現れる…【感動する話】,4606,existing,E:\Data\ObsidianVault\02_Channels\シニア朗読\競合リサーチ\サムネ企画検索ポータル_20260605\thumbnail_assets\oG93M-tl4AU.jpg,177651,
tPOXGdzEbUE,人生は100年,廃棄弁当をホームレスにあげたコンビニのアルバイト店員…「娘を売れ」と言われた父が選んだ壮絶な18年間【感動する話】,4605,existing,E:\Data\ObsidianVault\02_Channels\シニア朗読\競合リサーチ\サムネ企画検索ポータル_20260605\thumbnail_assets\tPOXGdzEbUE.jpg,157034,
3M6iwAfVVqA,愛しき人の人生日記,倒れた老人を助けて商談に遅刻しクビになった中卒OL。翌日、会社に黒塗りの高級車が現れて…,4595,,,0,db_thumbnail_url: HTTPError
5BGltEhJJfc,【スカッと朗読】シニアドラマ館,【スカッと】同窓会で嘲笑された未亡人が、大手企業を震え上がらせた日。隠された特許がすべてを逆転させる物語,4585,existing,E:\Data\ObsidianVault\02_Channels\シニア朗読\競合リサーチ\サムネ企画検索ポータル_20260605\thumbnail_assets\5BGltEhJJfc.jpg,182305,
rHFjoD8tX5A,人生の温もり,雪の夜に拾われた少女が見つけた一冊のノート。「褒めちゃいけない、この声が鈍る」→元歌手が10年間隠していた本音とは【感動する話】,4577,existing,E:\Data\ObsidianVault\02_Channels\シニア朗読\競合リサーチ\サムネ企画検索ポータル_20260605\thumbnail_assets\rHFjoD8tX5A.jpg,343046,
gEugtTs-cDE,潮見組　人情列伝,手相を読む天才少年が関東最大勢力の組長に叫んだ「おじさん、組に裏切り者がいるよ！」【感動する話】,4568,existing,E:\Data\ObsidianVault\02_Channels\シニア朗読\競合リサーチ\サムネ企画検索ポータル_20260605\thumbnail_assets\gEugtTs-cDE.jpg,266007,
uHOkTWPr3uc,潮見組　人情列伝,極寒の夜、親に捨てられ一人震える6歳の少女「お兄ちゃんは私のヒーローだね」ヤクザ事務所で温かい牛乳を飲ませてあげた結果【感動する話】,4568,existing,E:\Data\ObsidianVault\02_Channels\シニア朗読\競合リサーチ\サムネ企画検索ポータル_20260605\thumbnail_assets\uHOkTWPr3uc.jpg,308288,
8m16WKMzoc4,感動スカっと人生録,「女のくせに生意気だ」3年間バカにされた26歳女性…ボルト1本を締めた時、営業部長は絶句した,4565,,,0,db_thumbnail_url: HTTPError
w1Zr5uwUaLk,人生逆転ドラマシアター,【教訓】お金で人を判断した先にあるもの——同窓会で考えさせられたこと,4546,existing,E:\Data\ObsidianVault\02_Channels\シニア朗読\競合リサーチ\サムネ企画検索ポータル_20260605\thumbnail_assets\w1Zr5uwUaLk.jpg,288541,
ehDaLjOxg70,【スカッと朗読】シニアドラマ館,【スカッと】祝いで母を排除した嫁の末路。知らなかった“本当の立場”とは,4523,existing,E:\Data\ObsidianVault\02_Channels\シニア朗読\競合リサーチ\サムネ企画検索ポータル_20260605\thumbnail_assets\ehDaLjOxg70.jpg,174653,
EzNqMVEd1T0,人生のギフト,赤字まみれで差し押さえ目前の寿司屋の店主ー財布を盗まれた目が見えない少年に特上寿司を握った結果…【感動する話】,4508,existing,E:\Data\ObsidianVault\02_Channels\シニア朗読\競合リサーチ\サムネ企画検索ポータル_20260605\thumbnail_assets\EzNqMVEd1T0.jpg,231989,
RAYy3tx9_Mc,人生色々TV,「財布を忘れた」「いいから食いな」スーツの男にタダで上寿司を食わせた…翌日、多額の借金で店が差し押さえとなるとそこに現れたのが・・・,4503,,,0,db_thumbnail_url: HTTPError
B73xqBC5ayk,愛しき人の人生日記,工場で倒れた老人を人工呼吸で助けたパート社員。翌日、かかってきた電話に工場が騒然…,4503,,,0,db_thumbnail_url: HTTPError
PWKAFxgUrwA,人生逆転ドラマシアター,ボロボロの服で1億円の振込に来たお婆さんを嘲笑した銀行員。だが後日、800億円を他行へ移され支店が大炎上…,4483,,,0,db_thumbnail_url: HTTPError
Ff5e8qlHBBI,人生逆転ドラマシアター,「あなたが座れる席ではありません」ファーストクラスで理不尽に追い出されたお爺さん…暴れる乗客に流暢なアラビア語で対応した瞬間、乗務員全員が震えだした,4482,,,0,db_thumbnail_url: HTTPError
qbyfJbclU0w,人生ドラマ座,同窓会で、高校時代に私をどん底に落としめた社長令嬢に一言「アナタを逮捕しに来ました」「え？」,4481,existing,E:\Data\ObsidianVault\02_Channels\シニア朗読\競合リサーチ\サムネ企画検索ポータル_20260605\thumbnail_assets\qbyfJbclU0w.jpg,219246,
Ln-RM9ZfN60,人生逆転ストーリー,「みかじめ料払え！組長命令だ！」とラーメン屋を脅したチンピラ→店主「ほう…あのガキがそんな命令を？」次の瞬間、全員が凍りつく！,4479,,,0,db_thumbnail_url: HTTPError
_vrbGa1-02U,人生逆転ドラマシアター,お婆さんを脅したボスママ「私の旦那はヤクザよ！詫びに来いよw」私「わかりました。きちんと筋を通します。」ボスママは正体を知り凍りついた,4474,,,0,db_thumbnail_url: HTTPError
JnCZ7rFbFLs,人生逆転ドラマシアター,「私の父は頭取よ？ヤクザの妻はクビにしないとね。」と銀行員に罵声とともにひどい仕打ちを受けた清掃員のお婆さん。翌日銀行員は葬られた…,4463,,,0,db_thumbnail_url: HTTPError
LUYIHUvNn04,面白きかな人生,「次の職場って町工場かｗｗ？」学歴マウント上司が派遣OLを嘲笑→上司「見てみたいものだな」OL「いいですよ」上司「え…？」【面白きかな人生】,4459,existing,E:\Data\ObsidianVault\02_Channels\シニア朗読\競合リサーチ\サムネ企画検索ポータル_20260605\thumbnail_assets\LUYIHUvNn04.jpg,183274,
9v3BH6Yj37Q,面白きかな人生,「貧乏人が来る場所じゃないわよ？ｗ」エリート女が同窓会で嘲笑→次の瞬間、会計でオーナー「貴女様が欠席なら会費100万円です」エリート「え…？」【面白きかな人生】,4459,existing,E:\Data\ObsidianVault\02_Channels\シニア朗読\競合リサーチ\サムネ企画検索ポータル_20260605\thumbnail_assets\9v3BH6Yj37Q.jpg,218987,
ST_dVQlF2HA,人生逆転ストーリー,遺産も何も残さなかった父──その葬儀に現れた、“見知らぬ参列者”が語った衝撃の真実とは？,4455,,,0,db_thumbnail_url: HTTPError
BB1Q3IzbuOY,人生のシナリオ,廃業寸前の京都パン屋のフランス人職人が22歳の日本人女性をアルバイトに雇った結果→衝撃の展開に…【感動する話】,4454,existing,E:\Data\ObsidianVault\02_Channels\シニア朗読\競合リサーチ\サムネ企画検索ポータル_20260605\thumbnail_assets\BB1Q3IzbuOY.jpg,160673,
B0nY6nywZJg,人生のギフト,「おじいさん、これ食べてください」全財産300円で買ったおにぎりをホームレスに渡した貧乏少年 → 翌日、まさかの展開に【感動する話】,4446,existing,E:\Data\ObsidianVault\02_Channels\シニア朗読\競合リサーチ\サムネ企画検索ポータル_20260605\thumbnail_assets\B0nY6nywZJg.jpg,253625,
6Q98lodKpdk,人生逆転ドラマシアター,「担保価値ゼロ」冷たく追い返された老農夫。翌日、地方銀行の前で誰もが息を呑んだ。,4439,,,0,db_thumbnail_url: HTTPError
ouJHdoYjuBE,人生の輝き,役所で身分証を破られた老人の味方をした契約社員にクビ宣告をした統括課長。直後、老人の放った一言に課長がガクガク震え出し…,4436,,,0,db_thumbnail_url: HTTPError
8N6tqf8fqqY,人生ドラマ館,「何があったの？」ファミレスで支払いできないボロボロ女性にギャル店員が全額肩代わり→「いつでも連絡して」と電話番号を渡した結果…,4424,,,0,db_thumbnail_url: HTTPError
SrXRtmI7r-E,人生はバラ色,「ボロ服清掃員が大株主？じゃあ全部売ってみろよ！」毎日トイレ掃除をする新人清掃員を鼻で笑った銀行役員→「…承知しました」お望み通り全株売った結果…,4423,existing,E:\Data\ObsidianVault\02_Channels\シニア朗読\競合リサーチ\サムネ企画検索ポータル_20260605\thumbnail_assets\SrXRtmI7r-E.jpg,222904,
NnP3lMjp9qo,【スカッと朗読】シニアドラマ館,【スカッと】席次表から名前を消された新郎の母。嫁の暴言により披露宴中止…その裏の真実とは,4412,existing,E:\Data\ObsidianVault\02_Channels\シニア朗読\競合リサーチ\サムネ企画検索ポータル_20260605\thumbnail_assets\NnP3lMjp9qo.jpg,165896,
I6TswiFu8cw,人生の光と影 朗読館,雪の中で迷子の子供を助けた女性ドライバー。翌日、理不尽に解雇されるが…,4411,,,0,db_thumbnail_url: HTTPError
TZdIcRrzwVM,人生ドラマTV,新婚初夜、指一本触れない夫。布団をめくると、固まってしまいました。【感動物語】,4406,existing,E:\Data\ObsidianVault\02_Channels\シニア朗読\競合リサーチ\サムネ企画検索ポータル_20260605\thumbnail_assets\TZdIcRrzwVM.jpg,157695,
jAdgz63ttkM,仁義と人生の部屋,「老人なんて余裕だわw」ヤクザ組長と知らずオレオレ詐欺をしたチンピラ→翌日、黒塗り高級車30台が集結し...【スカッとする話】,4393,existing,E:\Data\ObsidianVault\02_Channels\シニア朗読\競合リサーチ\サムネ企画検索ポータル_20260605\thumbnail_assets\jAdgz63ttkM.jpg,244836,
r9-GcMoxWME,感動スカっと人生録,「貧乏人のくせに!」罵られる私を救った転校生..数日後、黒服の男たちが現れ学校中が震えた,4387,,,0,db_thumbnail_url: HTTPError
b4EMxljMw3g,潮見組　人情列伝,親友に裏切られ会社クビになりホームレスになった男性。公園でボロボロ少女を助けたらヤクザ組長の娘だった結果…【感動する話】,4386,existing,E:\Data\ObsidianVault\02_Channels\シニア朗読\競合リサーチ\サムネ企画検索ポータル_20260605\thumbnail_assets\b4EMxljMw3g.jpg,310913,
RHUln3FW5Y8,愛しき人の人生日記,「貧乏人がよく来たなw」同窓会で社長に馬鹿にされた女性。名を知った瞬間、彼は顔面蒼白になり…,4375,,,0,db_thumbnail_url: HTTPError
lYPBjEpzcj4,人生逆転ドラマch,同級生に｢貧乏人！｣と罵られる女子高生…下校時，高級車が学校の前に停まり，出てきた老人が｢お嬢様お迎えにきました｣同級生｢え？｣,4365,existing,E:\Data\ObsidianVault\02_Channels\シニア朗読\競合リサーチ\サムネ企画検索ポータル_20260605\thumbnail_assets\lYPBjEpzcj4.jpg,60441,
R9T2jkm6tBs,お茶の間TV 〈スカッと感動〉,極道の妻を侮辱したチンピラ→5分後、店主の背中に伝説の龍が覚醒し組員100名が震え上がる..【スカッとする話】 YAKUZA,4351,existing,E:\Data\ObsidianVault\02_Channels\シニア朗読\競合リサーチ\サムネ企画検索ポータル_20260605\thumbnail_assets\R9T2jkm6tBs.jpg,248803,
m2p52SPl-Q8,心に響く人生ドラマ日誌,老人に東京行きの飛行機チケットを譲った就活生。最終面接に遅刻し人生の全てを失った結果,4343,existing,E:\Data\ObsidianVault\02_Channels\シニア朗読\競合リサーチ\サムネ企画検索ポータル_20260605\thumbnail_assets\m2p52SPl-Q8.jpg,148746,
ZHTyb54rpjw,人生のギフト,廃業寸前のラーメン屋に所持金20円のボロボロの少女が来店「チャーシュー1枚だけでも…」店主「腹いっぱい食べな」→特製ラーメン大盛りをご馳走した結果…【感動する話】,4331,existing,E:\Data\ObsidianVault\02_Channels\シニア朗読\競合リサーチ\サムネ企画検索ポータル_20260605\thumbnail_assets\ZHTyb54rpjw.jpg,245764,
Mkx3jaCO7MQ,人生逆転ストーリー,「お前はクビだ！」ホームレスの老人に廃棄弁当を渡したスーパー店員は即日解雇された。しかし、その数日後、黒塗りの高級車が列をなして現れ…,4328,,,0,db_thumbnail_url: HTTPError
SOze93P0nig,感動スカっと人生録,吹雪の深夜、老人を救出し配送3時間遅延のドライバー。会社倒産で絶望－数日後、黒塗りの車が現れ…,4325,,,0,db_thumbnail_url: HTTPError
lR6_jDaWm1Y,人生の輝き,「汚い作業着で来るな」町工場で侮辱された老職人。翌朝、世界的企業の会長が工場を買収していた…,4322,,,0,db_thumbnail_url: HTTPError
wA-pK2wVkSM,人生は100年,「皿洗いが出しゃばるな！」65歳の日本人女性を罵倒したフランス人シェフ。彼女が宮内庁で天皇の料理を作っていたとも知らずに…【感動する話】,4311,existing,E:\Data\ObsidianVault\02_Channels\シニア朗読\競合リサーチ\サムネ企画検索ポータル_20260605\thumbnail_assets\wA-pK2wVkSM.jpg,253950,
j0RoopX0FFI,人生逆転ストーリー,嘲笑され、銀行を追い出されたお婆さん。翌日500億全額解約した結果…,4305,,,0,db_thumbnail_url: HTTPError
1NLygoxm8PA,人生色々TV,「お前のパパ年収が少ないなw」同級生とその親に嘲笑された…翌日、母が「300万は円じゃなくて•••」他の保護者が青ざめた・・・,4297,,,0,db_thumbnail_url: HTTPError
caeDD_N-Ogo,人生は100年,末期がんで余命３ヶ月の妻に、一生懸命尽くした結果…【感動する話】,4297,existing,E:\Data\ObsidianVault\02_Channels\シニア朗読\競合リサーチ\サムネ企画検索ポータル_20260605\thumbnail_assets\caeDD_N-Ogo.jpg,151233,
gZ_Y87BefQ0,静かなる英雄たち,「見るだけなら帰って」宝石店であしらわれた老夫婦。その後かかってきた一本の電話に、店員の顔が凍りついた。,4294,existing,E:\Data\ObsidianVault\02_Channels\シニア朗読\競合リサーチ\サムネ企画検索ポータル_20260605\thumbnail_assets\gZ_Y87BefQ0.jpg,227534,
BSqkGNMGc6U,愛しき人の人生日記,街中で倒れた妊婦を助け大企業の商談に遅刻した新人OL。翌日、違約金1億円の請求が来て…,4293,,,0,db_thumbnail_url: HTTPError
176JNBPe2NA,人生の輝き,「トイレ？老害には貸せないw」ボロ着の老人を嘲笑う銀行員たち。老人「本店に伝えますね」→次々に支店が閉店する地獄絵図に…,4288,,,0,db_thumbnail_url: HTTPError
4tyITVgMkqA,人生逆転ストーリー,「退職したのにまだ現場？ 暇なんだなw」同窓会で笑われた男――「お前、コイツの経歴知らないのか？」「え…？」,4283,,,0,db_thumbnail_url: HTTPError
rRUneXR5eF0,人生ドラマTV,貧乏人と決めつけ傲慢な態度の銀行員の末路→左遷→退職→婚約破棄→最後にたどり着いたのは･･･,4281,existing,E:\Data\ObsidianVault\02_Channels\シニア朗読\競合リサーチ\サムネ企画検索ポータル_20260605\thumbnail_assets\rRUneXR5eF0.jpg,239680,
8Wonj14aDa8,人生は100年,11年間育ててくれた社長から突然の解雇通告→葬儀で専務が「施設育ちの貧乏人が内部告発したな！」と水をかけてきた。すると社長夫人が「恥を知りなさい！」【感動する話】,4274,existing,E:\Data\ObsidianVault\02_Channels\シニア朗読\競合リサーチ\サムネ企画検索ポータル_20260605\thumbnail_assets\8Wonj14aDa8.jpg,159410,
PwA-Hm1feSI,【スカッと朗読】シニアドラマ館,息子夫婦の“財産乗っ取り計画”、深夜に知った衝撃の真実,4267,existing,E:\Data\ObsidianVault\02_Channels\シニア朗読\競合リサーチ\サムネ企画検索ポータル_20260605\thumbnail_assets\PwA-Hm1feSI.jpg,151267,
aGqeliKTo7g,愛しき人の人生日記,弁当200食ドタキャンされた弁当屋店主。翌日､現れた老人の一言に部長が凍りつく…,4253,,,0,db_thumbnail_url: HTTPError
VwiVhHQm0xI,愛しき人の人生日記,｢言われたことだけやってろ｣社内で罵倒された派遣社員。実は取引先令嬢で部長が土下座…,4240,,,0,db_thumbnail_url: HTTPError
_Tmg5mqOqX4,人生ドラマ館,母を失い、継父に捨てられた女子高生が一人になった夜。母の遺したメモ通りに電話した翌日――黒塗りの高級車が目の前に現れて……！！,4238,,,0,db_thumbnail_url: HTTPError
bRehVU-IavQ,人生ドラマ館,｢パパは交通誘導員です｣授業でゲラゲラ笑われる女子高生。その後，現れた老人の一言に全員が真っ青になる…,4238,,,0,db_thumbnail_url: HTTPError
Dv9_qVu-oKw,仁義と人生の部屋,認知症になっていた母。ヤクザの息子は１つのアルバムを目にして覚悟を決めた【感動する話】,4226,,,0,db_thumbnail_url: HTTPError
l4NF50j7K7g,愛しき人の人生日記,老人を助けクビになった28歳派遣OL。翌日、会社から電話がかかってきて…,4206,,,0,db_thumbnail_url: HTTPError
4tQgDeN0TiY,静かなる英雄たち,老舗旅館の門番のおじいさんが三味線を手にすると皆が笑ったが、最初の一音が響いた瞬間──。,4198,existing,E:\Data\ObsidianVault\02_Channels\シニア朗読\競合リサーチ\サムネ企画検索ポータル_20260605\thumbnail_assets\4tQgDeN0TiY.jpg,188199,
kgUymj6xrH4,人生逆転ドラマシアター,「ゴミ臭い！」と席を外された父――翌日、彼の“正体”を知った瞬間、全員が凍りついた,4187,,,0,db_thumbnail_url: HTTPError
tCYuZ3Eo20U,人生は七色,「汚ねぇジジイと犬はどっか行け！」大雨の中、罵声を浴びせた動物病院の院長。しかし、ホームレスだけが知る“ある秘密”の暴露で人生崩壊…,4152,,,0,db_thumbnail_url: HTTPError
v4BBPue_M7A,人生の光と影 朗読館,お店を追い出されたお婆さんに唯一優しくした落ちこぼれ契約社員。翌日、お婆さんの本当の正体が発覚し全ての悪事が暴かれる…,4148,,,0,db_thumbnail_url: HTTPError
sXrJxPYjt3w,潮見組　人情列伝,11社連続で面接に落ちた32歳の男性。歩道橋で倒れるヤクザを助けた結果…【感動する話】,4139,existing,E:\Data\ObsidianVault\02_Channels\シニア朗読\競合リサーチ\サムネ企画検索ポータル_20260605\thumbnail_assets\sXrJxPYjt3w.jpg,285955,
ZvcORxw3zHA,人生の温もり,「こんな田舎の味噌汁に金は払えねえ」75歳の老婆を動画で晒したYouTuber→吹雪の夜、黒塗りの高級車が止まり…老婆の正体に全員が凍りついた【感動する話】,4134,existing,E:\Data\ObsidianVault\02_Channels\シニア朗読\競合リサーチ\サムネ企画検索ポータル_20260605\thumbnail_assets\ZvcORxw3zHA.jpg,305832,
rMaqHm7vuHU,人生はバラ色,「お前邪魔だしクビ！退職金100円なw」社長の息子が赤字居酒屋を立て直した敏腕女性社員を解雇「ハイ、喜んで！」あっさり辞めた翌日w,4131,existing,E:\Data\ObsidianVault\02_Channels\シニア朗読\競合リサーチ\サムネ企画検索ポータル_20260605\thumbnail_assets\rMaqHm7vuHU.jpg,169644,
LxgkXPqUiwI,人生のギフト,「俺が家族になる」両親が他界し、施設に入れられる少女 →借金1200万円で差し押さえ寸前のラーメン屋の店主が引き取った結果...【感動する話】,4130,existing,E:\Data\ObsidianVault\02_Channels\シニア朗読\競合リサーチ\サムネ企画検索ポータル_20260605\thumbnail_assets\LxgkXPqUiwI.jpg,229936,
wa4qwKkmSq4,感動スカっと人生録,『派遣風情が』と罵倒した課長→火災救助した派遣社員の正体に全社員驚愕…,4129,,,0,db_thumbnail_url: HTTPError
joCj93NrzBU,人生ドラマ,【感動×スカッと】銀行員の義理の娘候補を試そうと、財閥未亡人はホームレスの姿で銀行へ…｜感動実話｜逆転ストーリー｜朗読｜感動ドラマㅣ老後物語ㅣ老後の知恵ㅣ老年の人生ㅣ幸せな晩年ㅣオーディオブック,4128,existing,E:\Data\ObsidianVault\02_Channels\シニア朗読\競合リサーチ\サムネ企画検索ポータル_20260605\thumbnail_assets\joCj93NrzBU.jpg,223771,
R_Ypr5f-jqw,人生逆転ドラマシアター,「食い逃げするつもりだろ？」見た目で高級寿司店を追い出された老夫婦。「世の為、私は鬼になる」ー翌日、一本の電話で寿司店が地獄絵図,4118,,,0,db_thumbnail_url: HTTPError
Zphmxo2wqgI,人生は七色,「最期ぐらいは誰かのために」余命宣告を受けた老人が街のホームレスたちに豚汁を振舞った結果…,4105,,,0,db_thumbnail_url: HTTPError
HO6bX3v6l5A,人生はバラ色,「中卒のクズは便所掃除しとけｗ」会長の娘だと知らずに新人歓迎会で女性新入社員を侮辱したエリート部長。翌日、部長の席が消えた…,4101,existing,E:\Data\ObsidianVault\02_Channels\シニア朗読\競合リサーチ\サムネ企画検索ポータル_20260605\thumbnail_assets\HO6bX3v6l5A.jpg,235017,
x7gtYasDKNc,【スカッと朗読】シニアドラマ館,【スカッと】「俺に母親はいない」——息子に切り捨てられた日、私は35年分の愛を手放した。,4098,existing,E:\Data\ObsidianVault\02_Channels\シニア朗読\競合リサーチ\サムネ企画検索ポータル_20260605\thumbnail_assets\x7gtYasDKNc.jpg,164520,
n4BgjhwBJ0k,人生の輝き,毎日決まった時間に銀行に来て、1000円だけ下ろすお爺さん。若手行員たちはお爺さんを陰で笑っていた。だが、彼の行動の衝撃的な理由に銀行員全員が凍りついた…,4089,,,0,db_thumbnail_url: HTTPError
DzaCf0Cr_YA,人生はバラ色,「ランドセルで株主総会？追い出していいよw」  12歳の少女を笑いながら会場から追い出したエリート役員たち。「…わかりました」全株売却→翌日、会社が消えた,4084,existing,E:\Data\ObsidianVault\02_Channels\シニア朗読\競合リサーチ\サムネ企画検索ポータル_20260605\thumbnail_assets\DzaCf0Cr_YA.jpg,202965,
eXOwFEamopQ,人生色々TV,「娘に似合うかな」「似合うさ」毎日来ては子供服を見るだけで帰る夫婦…ある日店員が思い切って声をかけると、その場で泣き崩れました…,4069,,,0,db_thumbnail_url: HTTPError
R04-CdVdIiw,人生は七色,一人で生きる事を決意したバツイチ店長は、生活保護の母子に出会い人生が大きく変わるのでした,4056,existing,E:\Data\ObsidianVault\02_Channels\シニア朗読\競合リサーチ\サムネ企画検索ポータル_20260605\thumbnail_assets\R04-CdVdIiw.jpg,278381,
eFk2x5qN0_c,人生逆転ドラマch,｢ＶＩＰなら自家用ジェット呼べよw｣社員旅行で置き去りにされた若手女性社員。数時間後，大統領専用旅客機が現れ…,4046,existing,E:\Data\ObsidianVault\02_Channels\シニア朗読\競合リサーチ\サムネ企画検索ポータル_20260605\thumbnail_assets\eFk2x5qN0_c.jpg,138174,
ae7u7YKuw10,お茶の間TV 〈スカッと感動〉,取引先会長と知らず「身の程を知れ！」と罵倒した課長→翌日、年間15億円の取引消滅で会社ごと凍りつく【スカッとする話】,4043,existing,E:\Data\ObsidianVault\02_Channels\シニア朗読\競合リサーチ\サムネ企画検索ポータル_20260605\thumbnail_assets\ae7u7YKuw10.jpg,212289,
QtmBA_2Dg3I,静かなる英雄たち,掃除婦だと侮辱された日本人のおばあさん。一本の彫刻刀でフランスの美術展をざわつかせた。,4028,existing,E:\Data\ObsidianVault\02_Channels\シニア朗読\競合リサーチ\サムネ企画検索ポータル_20260605\thumbnail_assets\QtmBA_2Dg3I.jpg,173917,
TWj8NL5S4Xk,人生スカッと物語,線路内で倒れたおばあさんを助けた母子家庭の少女。数日後、学校中が凍りつく…,4022,,,0,db_thumbnail_url: HTTPError
CrhMaLZ8Bb8,人生ドラマ館,雨の中、ずぶ濡れのギャルに“ぬいぐるみ”を渡した少女――まさかこの出会いで、人生が変わるなんて,4021,,,0,db_thumbnail_url: HTTPError
HOxPVeWID3k,人生ドラマ館,6年間いじめられ続けた貧乏女子高生。高校最後の日に、いじめっ子に強烈な仕返しをする！,4017,,,0,db_thumbnail_url: HTTPError
84qzeUuILX0,潮見組　人情列伝,足を洗ったヤクザの元に助けを求めるボロボロの少女「ママを助けて…！」その一言に元若頭が覚悟を決め動き出した【感動する話】,4017,existing,E:\Data\ObsidianVault\02_Channels\シニア朗読\競合リサーチ\サムネ企画検索ポータル_20260605\thumbnail_assets\84qzeUuILX0.jpg,238630,
QglJeii2Hs4,愛しき人の人生日記,車内放置の乳児を助けクビになったパート社員。数日後､訪れた黒塗りの車に店長が青ざめる…,4017,,,0,db_thumbnail_url: HTTPError
PsDTYVlrgRM,人生スカッと物語,「底辺企業に席はないｗ」祝賀会で嘲笑された下請けOL。その直後、1本の電話で全員が凍りついた…,4011,existing,E:\Data\ObsidianVault\02_Channels\シニア朗読\競合リサーチ\サムネ企画検索ポータル_20260605\thumbnail_assets\PsDTYVlrgRM.jpg,231905,
GIT_JCr2hXs,愛しき人の人生日記,弁当100食ドタキャンされた廃業寸前の弁当屋。翌日、50億円の契約破棄で部長が土下座…,4009,,,0,db_thumbnail_url: HTTPError
U4osd52MKpE,静かなる英雄たち,「撮ってみたw老害ドライバー！」SNSのため理由なくビンタされたタクシー運転手の老人。だが1日後、投稿者した若者は顔面蒼白に――。,4001,existing,E:\Data\ObsidianVault\02_Channels\シニア朗読\競合リサーチ\サムネ企画検索ポータル_20260605\thumbnail_assets\U4osd52MKpE.jpg,206638,
BUlxfXx6GaY,人生色々TV,5円玉を差し出す少年に袋いっぱい菓子を入れた…２０年後、廃業寸前の店主が店で倒れるとそこに現れたのは…,4001,,,0,db_thumbnail_url: HTTPError
2UYCvmo7AsY,人生ドラマ座,「中卒のゴミ親子だろｗ」還暦の同窓会で亡き母の生き様を笑った元エリート銀行員。「⋯変わらないね」→直後、彼が自慢した天下り先がこの世から消滅した,3999,existing,E:\Data\ObsidianVault\02_Channels\シニア朗読\競合リサーチ\サムネ企画検索ポータル_20260605\thumbnail_assets\2UYCvmo7AsY.jpg,279051,
s4yL3rUchlk,感動スカっと人生録,「その手じゃ、字も書けないでしょ」と笑った係長——左手の最初の一筆で、式典会場が静まり返った,3996,,,0,db_thumbnail_url: HTTPError
dcrjpgWh8nk,感動スカっと人生録,地下道で妊婦を助け遅刻したOL―数日後『情報を漏らしただろ』と詰め寄られ…,3995,,,0,db_thumbnail_url: HTTPError
w5PQ1IBtCD8,人生の輝き,新人OLを侮辱してビールをぶっかけた営業本部長の妻。その直後、新人OLが笑って「ありがとうございます」→部長妻は顔面蒼白に…,3990,,,0,db_thumbnail_url: HTTPError
-fdVwoVSiic,人生ドラマTV,彼は知らなかった！彼女のバックにはヨーロッパ財閥会長がいることを。翌朝、男の会社は消えていた。そして、元カノは大切なモノを取り戻した【感動する話】,3975,existing,E:\Data\ObsidianVault\02_Channels\シニア朗読\競合リサーチ\サムネ企画検索ポータル_20260605\thumbnail_assets\-fdVwoVSiic.jpg,247516,
jZuEN1xVWYI,お茶の間TV 〈スカッと感動〉,車椅子の少年をいじめた不良たち。 翌日、彼らの前に黒いバイク軍団が集結 、凍りついた【スカッとする話】,3971,existing,E:\Data\ObsidianVault\02_Channels\シニア朗読\競合リサーチ\サムネ企画検索ポータル_20260605\thumbnail_assets\jZuEN1xVWYI.jpg,140500,
8R3nPoK6c5Y,静かなる英雄たち,駅ホームで困っていた学生を助けた定年男性...その後かかってきた一本の電話に家族全員が言葉を失った！,3970,existing,E:\Data\ObsidianVault\02_Channels\シニア朗読\競合リサーチ\サムネ企画検索ポータル_20260605\thumbnail_assets\8R3nPoK6c5Y.jpg,185314,
_P6FVZ8lyzE,人生の輝き,高校を中退して高級レストランの料理配達をする23歳の男性。ある日、レストランの従業員がSNSで一つの料理動画を見つけると…,3960,,,0,db_thumbnail_url: HTTPError
R685VCnWp38,人生逆転ストーリー,「その格好じゃ万引き疑われますよ」高級スーパーで侮辱されたボロ服のお婆さん。翌日、店長が震えた“まさかの正体”とは！？,3955,,,0,db_thumbnail_url: HTTPError
bAX5P0CzgWg,人生劇場放送局,【スカッと】「300食分キャンセルで」鮨屋を見下した銀行員。翌日「この銀行、潰そう」→頭取が土下座した【シニア】,3950,existing,E:\Data\ObsidianVault\02_Channels\シニア朗読\競合リサーチ\サムネ企画検索ポータル_20260605\thumbnail_assets\bAX5P0CzgWg.jpg,154811,
pv5QPweJl1g,人生の輝き,「誰か救急車を呼んでください！」転んで頭から血を流しているお婆さんを助けて受験に間に合わなかった女子高生。翌朝、少女のスマホに１本の着信が…,3950,,,0,db_thumbnail_url: HTTPError
59p4-ejwyqQ,人生逆転ストーリー,「清掃員は社員食堂を使うな」大企業の部長に侮辱された68歳女性――会長の表情が一瞬で変わった理由は？,3947,existing,E:\Data\ObsidianVault\02_Channels\シニア朗読\競合リサーチ\サムネ企画検索ポータル_20260605\thumbnail_assets\59p4-ejwyqQ.jpg,235626,
JG4In5UgeYU,潮見組　人情列伝,雪が降りしきる極寒の夜、親に捨てられ居場所のない6歳の少女→天涯孤独のヤクザが家に連れ帰り温かいお風呂とご飯を振る舞った結果【感動する話】,3941,existing,E:\Data\ObsidianVault\02_Channels\シニア朗読\競合リサーチ\サムネ企画検索ポータル_20260605\thumbnail_assets\JG4In5UgeYU.jpg,317321,
cGe-rO9kDas,人生逆転ドラマシアター,【教訓】「私の父は頭取よ？」——銀行での一言が問いかけた「人は何で評価されるのか」,3920,existing,E:\Data\ObsidianVault\02_Channels\シニア朗読\競合リサーチ\サムネ企画検索ポータル_20260605\thumbnail_assets\cGe-rO9kDas.jpg,267734,
R_Lg2zoTvT0,愛しき人の人生日記,道路で倒れていたお爺さんを助け面接に遅刻した貧乏就活生。直後の面接で、面接官の顔を見て驚愕し…,3917,,,0,db_thumbnail_url: HTTPError
LiYFb5B7If0,人生スカッと朗読-劇場-,「親がヤクザ？絶対嘘でしょw」同窓会で嘲笑された私。10分後、大量の黒塗りの高級車が現れ..【スカッとする話】YAKUZA,3904,,,0,db_thumbnail_url: HTTPError
kl8rrc_0X4U,静かなる英雄たち,「何でもやります」廃業寸前の蔵元に現れた中卒の女性。掃除係として雇うと、まさかの展開に――。,3903,existing,E:\Data\ObsidianVault\02_Channels\シニア朗読\競合リサーチ\サムネ企画検索ポータル_20260605\thumbnail_assets\kl8rrc_0X4U.jpg,222192,
Dj1V7tq6Hpo,人生劇場放送局,【スカッと】「低学歴は雑用がお似合いｗ」と笑われた俺→翌日、美人受付嬢の一言で上司が震えあがる。【シニア】,3901,existing,E:\Data\ObsidianVault\02_Channels\シニア朗読\競合リサーチ\サムネ企画検索ポータル_20260605\thumbnail_assets\Dj1V7tq6Hpo.jpg,145160,
YDlKTzOc564,人生逆転ドラマch,「まだ独身？お気の毒w」同窓会で地味な友人を見下す副社長夫人。友人「あなたこそお気の毒ね」夫人「は？」,3895,existing,E:\Data\ObsidianVault\02_Channels\シニア朗読\競合リサーチ\サムネ企画検索ポータル_20260605\thumbnail_assets\YDlKTzOc564.jpg,72904,
nkQerZDOKbY,愛しき人の人生日記,高級ホテルで清掃員に夢を語った女性スタッフが突然解雇。後日、現れた黒スーツの男の一言に全員が凍りついた…,3885,,,0,db_thumbnail_url: HTTPError
3qoka-rukQs,人生は七色,「女はお茶汲みでもしてろ」派閥内で見下された女性議員。ある日、彼女のもとに総理大臣から1本の電話が…【スカッと】,3880,,,0,db_thumbnail_url: HTTPError
dwKMckTNbyI,人生ドラマ館,「3浪？諦めなよw」ゲラゲラ笑われる美大浪人生　数分後、現れた外国人女性の一言に全員が真っ青に…,3880,,,0,db_thumbnail_url: HTTPError
8xVrXLObWlE,人生ドラマTV,給食の残りを生徒にあげた調理員を解雇した校長…後日、黒塗りの車が現れ、解雇された,3876,existing,E:\Data\ObsidianVault\02_Channels\シニア朗読\競合リサーチ\サムネ企画検索ポータル_20260605\thumbnail_assets\8xVrXLObWlE.jpg,170521,
riRbWv89aFg,面白きかな人生,「本物の金持ちは1階に住むのよｗ」「母子家庭にはムリね」とタワマン即買いを自慢するボスママ。次の瞬間、娘「ここ1階ないよ」ボスママ「え？」【面白きかな人生】,3863,existing,E:\Data\ObsidianVault\02_Channels\シニア朗読\競合リサーチ\サムネ企画検索ポータル_20260605\thumbnail_assets\riRbWv89aFg.jpg,315720,
NfXxGhAVNhk,仁義と人生の部屋,「俺は◯◯組のヤクザだ！みかじめ料200万払え！」祖母から受け継いだ俺の定食屋に中学のいじめっ子がヤクザとして現れた→「ウチの組にお前なんていないけど？」【スカッとする話】,3851,existing,E:\Data\ObsidianVault\02_Channels\シニア朗読\競合リサーチ\サムネ企画検索ポータル_20260605\thumbnail_assets\NfXxGhAVNhk.jpg,239511,
WrgBO6DIlcI,人生のシナリオ,「貧乏人は帰れ！」高級ホテルで追い返される老人を助けたのは人生に絶望していた26歳OL。後日老人が現れ、彼女の運命は大きく変わる【感動する話】,3840,,,0,db_thumbnail_url: HTTPError
ZAyVDgwB420,人生スカッと物語,「なんだこの貧乏くせぇ弁当は？」部長に弁当を踏み潰された貧乏OL―それを見ていた清掃員の一言で会社全体が凍りつく…,3833,,,0,db_thumbnail_url: HTTPError
pdAp709mRn8,愛しき人の人生日記,所持金100円の老人に無料で天ぷらをご馳走した貧乏女子高生。翌日、倒産寸前の蕎麦屋がとんでもないことに！,3807,,,0,db_thumbnail_url: HTTPError
Dx7CRcu2gcM,愛しき人の人生日記,｢派遣は口出すな｣と銀行で支店長に見下される派遣の窓口オペレーター。だが、車椅子の上品な老人が訪れると彼女に「お久しぶりね…」,3806,,,0,db_thumbnail_url: HTTPError
0aIe0FRttVU,人生の輝き,母親の医療費を稼ぐため、朝4時から新聞配達する16歳の貧乏少女。ある日、配達先で倒れていたお婆さんの命を救った結果、彼女の生活は一変した…,3798,,,0,db_thumbnail_url: HTTPError
6y0DMMpq7SM,人生逆転ドラマch,会社の同僚に顔の火傷をバカにされる俺。取引先の美人社長「私の恩人なの」同僚「え…？！」,3788,existing,E:\Data\ObsidianVault\02_Channels\シニア朗読\競合リサーチ\サムネ企画検索ポータル_20260605\thumbnail_assets\6y0DMMpq7SM.jpg,204128,
BtMfuPWzN0Y,感動スカっと人生録,「本当に行ったの？w」視察中止を私にだけ知らせなかった上司ー森の中で道に迷った時、ある男性が現れ…,3786,,,0,db_thumbnail_url: HTTPError
vunkUp7SR7E,感動スカっと人生録,「この機体、落ちます」左遷された派遣整備士——3ヶ月後、突然現れた人物に全員が震えた,3786,,,0,db_thumbnail_url: HTTPError
wEv-elAi_Ms,人生の輝き,ボロ服で通帳記帳に来た老人を「みすぼらしい格好で来るな」と罵倒する若い銀行員。翌日、再び訪れた老人はスーツ姿で「50億引き出します」,3785,,,0,db_thumbnail_url: HTTPError
-7768ZyR5oI,感動スカっと人生録,聴覚障害の子を保護して通報された女性。職場まで押しかけられた翌日→黒服の男性が現れ…,3783,,,0,db_thumbnail_url: HTTPError
dVQ0TE7Tq3A,愛しき人の人生日記,お金がない老婆の自転車を無料で修理した父子家庭女子高生。助けた相手は思いもよらぬ人物だった,3777,,,0,db_thumbnail_url: HTTPError
uHo6zJGiie4,人生は七色,「シングルマザー」が理由で落とされた青年。数年後、面接官は青年のお店に泣きついていたのです【感動ストーリー】,3768,,,0,db_thumbnail_url: HTTPError
NQycFzQaw3U,人生逆転ストーリー,雨の夜、ずぶ濡れの老人に傘を差し出した金髪の不良少年　翌日、老人が告げた“とてつもない恩返し”とは,3767,,,0,db_thumbnail_url: HTTPError
qPNuQCak_Jk,面白きかな人生,「社長命令。あなたは今日で終わりです」優秀な社員が次々退職→「どうして辞めるの？」社員「社長からクビと言われて」社長「え？」【面白きかな人生】,3748,existing,E:\Data\ObsidianVault\02_Channels\シニア朗読\競合リサーチ\サムネ企画検索ポータル_20260605\thumbnail_assets\qPNuQCak_Jk.jpg,281567,
9rpjfL1a1ww,人生ドラマ館,17歳で両親を失い高校を中退して8歳の妹を育てたギャル姉。12年後→成人式当日、妹「お姉ちゃんごめんなさい、私ずっと知ってたの」姉も知らなかった妹の嘘とは,3746,,,0,db_thumbnail_url: HTTPError
UVWGZC4OvY0,お茶の間TV 〈スカッと感動〉,【スカッとする話】「ショバ代100万払えw」屋台を蹴り散らかすチンピラ。「僕も同業です..続くは事務所で..」→「え？」 YAKUZA,3734,existing,E:\Data\ObsidianVault\02_Channels\シニア朗読\競合リサーチ\サムネ企画検索ポータル_20260605\thumbnail_assets\UVWGZC4OvY0.jpg,267370,
voo1Dsr2O7Y,【スカッと朗読】シニアドラマ館,【スカッと】「田舎臭い」と嘲笑われた母が“全支援停止”を決断した日。知られざる反撃の結末,3725,existing,E:\Data\ObsidianVault\02_Channels\シニア朗読\競合リサーチ\サムネ企画検索ポータル_20260605\thumbnail_assets\voo1Dsr2O7Y.jpg,150441,
w2EJ21uNXLg,面白きかな人生,「中卒が内定とか嘘だろw」懇親会でエリート集団に嘘の会場を教えられた少女→翌朝、○○発覚でエリート人生崩壊に…【面白きかな人生】,3711,existing,E:\Data\ObsidianVault\02_Channels\シニア朗読\競合リサーチ\サムネ企画検索ポータル_20260605\thumbnail_assets\w2EJ21uNXLg.jpg,253285,
Q-WWSvv9yLA,人生ドラマ館,「弟に１口だけもらえませんか？」 焼き鳥屋台に訪れたボロボロ姉弟 → 住み込みでお手伝いしてもらった結果…,3701,,,0,db_thumbnail_url: HTTPError
seLLRec_krk,面白きかな人生,「PCも使えないババアは帰っていいぞ」上司から無能扱いされた老女→次の瞬間、老女「では全株式を売却しますね」上司「え…」【面白きかな人生】,3694,existing,E:\Data\ObsidianVault\02_Channels\シニア朗読\競合リサーチ\サムネ企画検索ポータル_20260605\thumbnail_assets\seLLRec_krk.jpg,240197,
HTfDX_4qu-A,人生スカッと物語,「ゴミ通帳ですねw」銀行員にビリビリにされたボロ通帳。「銀行を潰します」その直後、銀行中が息を呑む…,3689,,,0,db_thumbnail_url: HTTPError
1ziwGBhUAuI,人生逆転ドラマch,｢年収140万でスポンサー？！w｣同窓会で笑われる女性。司会者｢ドルですよ｣同級生｢え？…｣,3688,existing,E:\Data\ObsidianVault\02_Channels\シニア朗読\競合リサーチ\サムネ企画検索ポータル_20260605\thumbnail_assets\1ziwGBhUAuI.jpg,61025,
9VUdlnPRNxY,人生のギフト,「おにいちゃん、明日はご飯あるかな」土砂降りの公園で震えるガリガリの兄妹→廃業寸前の食堂の店主が温かいおでんをたらふく振舞った結果【感動する話】,3646,existing,E:\Data\ObsidianVault\02_Channels\シニア朗読\競合リサーチ\サムネ企画検索ポータル_20260605\thumbnail_assets\9VUdlnPRNxY.jpg,241507,
4zeZXnAl5Jk,人生は七色,新社長に即刻解雇された老人はAIには替えられない本物の技術者でした・・・,3645,,,0,db_thumbnail_url: HTTPError
jpVOW48yh0E,人生の輝き,「そんなボロ財布で融資？w」と銀行員に激しく侮辱された老人。だがボロ財布から取り出した1枚の名刺でその場の全員がひれ伏した…,3644,,,0,db_thumbnail_url: HTTPError
Tz05Fn70t2I,人生の輝き,大手自動車部品工場で「お荷物のじいさん」と蔑まれる車椅子の作業員。だが、彼が提出した一枚の書類に工場長は震え上がった…,3643,,,0,db_thumbnail_url: HTTPError
y_2mTbSR9J0,面白きかな人生,「おたくの娘さん高卒確定？笑えるｗｗ」。「うちはT大合格よ」高学歴ママ友が豪遊マウント→SNSでの真実が暴かれ人生終了【面白きかな人生】,3640,existing,E:\Data\ObsidianVault\02_Channels\シニア朗読\競合リサーチ\サムネ企画検索ポータル_20260605\thumbnail_assets\y_2mTbSR9J0.jpg,244809,
BPEmJ0atQ28,人生の光と影 朗読館,車にひかれる寸前の妊婦を助けて商談に遅刻したOL。後日、社長室に呼ばれた瞬間“予想外の展開”が…,3640,,,0,db_thumbnail_url: HTTPError
tDFQikARPEc,【スカッと朗読】シニアドラマ館,【スカッと】年末に追い出された私たち。笑っていた義家族が凍りついた理由【シニアライフ】【60代以上の方へ】,3633,existing,E:\Data\ObsidianVault\02_Channels\シニア朗読\競合リサーチ\サムネ企画検索ポータル_20260605\thumbnail_assets\tDFQikARPEc.jpg,178261,
Jt4um-v73H0,感動スカっと人生録,「勝ち目のない客は切れ」大手法律事務所の地味な事務員——泣いて帰る女を見送った翌朝、全員が凍りついた,3615,,,0,db_thumbnail_url: HTTPError
SEyGTElH_g4,人生劇場放送局,【スカッと】孫と高級寿司屋で「貧乏人は帰れ」と罵倒された老人→翌日、店内が凍りつく。【シニア】,3614,existing,E:\Data\ObsidianVault\02_Channels\シニア朗読\競合リサーチ\サムネ企画検索ポータル_20260605\thumbnail_assets\SEyGTElH_g4.jpg,153490,
dgZdGXI4Kgg,人生の輝き,「うちは時価ですが？w」高級寿司屋で嘲笑された老夫婦「この店、潰してしまおう」翌朝大将の携帯に大量の着信が…,3600,,,0,db_thumbnail_url: HTTPError
ZygVpacP8L8,感動スカっと人生録,クビ宣告の雨の夜、助けた老人の財布を拾った貧乏派遣OL。翌日電話が鳴りやまず...,3600,,,0,db_thumbnail_url: HTTPError
J2x-qo3JvJk,感動スカっと人生録,「高卒独学？使えない」と切り捨てた部長——深夜のシステム障害で暴かれた事実に、全員が凍った,3599,existing,E:\Data\ObsidianVault\02_Channels\シニア朗読\競合リサーチ\サムネ企画検索ポータル_20260605\thumbnail_assets\J2x-qo3JvJk.jpg,194136,
91M4mhqNbv0,人生のギフト,「ここに、いてもいいですか」両親を亡くし余命1年と告げられた少女 → 廃業寸前の老夫婦が里親として引き取った結果【感動する話】,3586,existing,E:\Data\ObsidianVault\02_Channels\シニア朗読\競合リサーチ\サムネ企画検索ポータル_20260605\thumbnail_assets\91M4mhqNbv0.jpg,222352,
tyooXIXgOf8,人生の輝き,「こんなボロい通帳で」銀行で侮辱されたヨレヨレの老人。だが、老人が「本社に確認して」とその残高を見せると支店長が震え上がった…,3583,,,0,db_thumbnail_url: HTTPError
fPMi8yL4RSs,人生逆転ドラマシアター,派遣70歳女性が放った一言──海外役員も言葉を失った英語無茶振り劇,3574,,,0,db_thumbnail_url: HTTPError
X8G6wgjFxO0,人生逆転ストーリー,「窓口使うな、邪魔なんだよ」突き飛ばされて銀行を追い出されたおばあさん。翌日“500億解約”で支店長が震えながら土下座！,3573,,,0,db_thumbnail_url: HTTPError
4Fjp3F8slqA,人生の光と影 朗読館,「邪魔なジジィが！」絡まれるお爺さんを庇った貧乏少女。直後、お爺さんが再び現れ全てが覆る結果に…,3568,,,0,db_thumbnail_url: HTTPError
GtOGUsB3JlQ,愛しき人の人生日記,高級レストランで罵倒され続けた皿洗いの女性。大事な国賓が訪れた日、遅刻したオーナーシェフの代わりに包丁を持った瞬間、厨房中に衝撃が走り…,3555,,,0,db_thumbnail_url: HTTPError
2ebK4bfQYZc,人生のシナリオ,所持金もなく誰にも頼れない天涯孤独の女子高生「助けて…」小さな本屋の店主が助けた結果【感動する話】,3550,,,0,db_thumbnail_url: HTTPError
uYCajJwam0c,面白きかな人生,「まだパートなんですって？笑」同窓会で嘲笑されたシングル母。数時間後、司会者が震える声で読み上げた「本日のスポンサーCEOは…その方です」全員「え？」【面白きかな人生】,3543,existing,E:\Data\ObsidianVault\02_Channels\シニア朗読\競合リサーチ\サムネ企画検索ポータル_20260605\thumbnail_assets\uYCajJwam0c.jpg,200721,
m1KO9RFp0s0,心に響く人生ドラマ日誌,大富豪だとは知らずに助けた貧乏高校生。翌日、学校に黒塗りの高級車が現れて,3531,existing,E:\Data\ObsidianVault\02_Channels\シニア朗読\競合リサーチ\サムネ企画検索ポータル_20260605\thumbnail_assets\m1KO9RFp0s0.jpg,150946,
1MZtI_IVsME,人生の輝き,「捨てときましたw」亡き夫との思い出の通帳を捨てられたお婆さん。「この銀行は終わりです」直後、銀行の前に黒塗りの高級車が次々と現れて…,3525,,,0,db_thumbnail_url: HTTPError
owk1gdoBnOE,人生ドラマ座,"高級料亭で""年金暮らしの老婆""を嘲笑した銀行員「そんな大金、動かせるわけないだろw」お望みどおり速攻で""200億解約""した結果【スカッと朗読】#スカッと朗読",3520,existing,E:\Data\ObsidianVault\02_Channels\シニア朗読\競合リサーチ\サムネ企画検索ポータル_20260605\thumbnail_assets\owk1gdoBnOE.jpg,271140,
x0RhJtkL3HE,人生スカッと物語,心肺停止の老婆を助けて20億円の商談に遅刻した母子家庭OL―「今すぐクビだ！」その後、1本の電話が彼女の運命を変える・・・,3520,,,0,db_thumbnail_url: HTTPError
dLC1GeslZqw,人生のギフト,極寒の路地裏で、1本の焼き芋を分け合うボロ服の兄妹→廃業寸前の旅館の店主がご飯をたらふく振る舞った結果【感動する話】,3514,existing,E:\Data\ObsidianVault\02_Channels\シニア朗読\競合リサーチ\サムネ企画検索ポータル_20260605\thumbnail_assets\dLC1GeslZqw.jpg,235971,
wVkk8DbTm_o,人生逆転ドラマch,助けを求めるお爺さんに全財産1000円を渡した貧乏女子学生。数日後，目の前に黒塗りの高級車が現れて…,3511,existing,E:\Data\ObsidianVault\02_Channels\シニア朗読\競合リサーチ\サムネ企画検索ポータル_20260605\thumbnail_assets\wVkk8DbTm_o.jpg,161313,
HCrSgMbhPec,面白きかな人生,「貧乏人と遊んじゃダメってママが」父子家庭を見下すボスママ→授業参観で父が頭を下げて「旦那さんの給料安くてすみません」ボスママ「え…社長？」【面白きかな人生】,3508,existing,E:\Data\ObsidianVault\02_Channels\シニア朗読\競合リサーチ\サムネ企画検索ポータル_20260605\thumbnail_assets\HCrSgMbhPec.jpg,245904,
zNxMG2pjl8w,人生逆転ストーリー,「年収150万？その収入でよく来れたわね」同窓会で女社長に嘲笑された女性→「ドルだけどね」「えっ…！？」その“本当の姿”に全員真っ青！,3498,,,0,db_thumbnail_url: HTTPError
Ef6J2vhSXpw,人生のシナリオ,精肉店の店主がバイオリンを持つと皆が笑った。だが、最初の一音が響いた瞬間・・・,3495,existing,E:\Data\ObsidianVault\02_Channels\シニア朗読\競合リサーチ\サムネ企画検索ポータル_20260605\thumbnail_assets\Ef6J2vhSXpw.jpg,165684,
bYQW2vpx03g,潮見組　人情列伝,普段はニートでだらしない父がヤクザに一言「組長連れてこいや」全員が驚愕した父の正体は…【感動する話】,3494,existing,E:\Data\ObsidianVault\02_Channels\シニア朗読\競合リサーチ\サムネ企画検索ポータル_20260605\thumbnail_assets\bYQW2vpx03g.jpg,309195,
vmDlpRV2xG4,愛しき人の人生日記,街中で転倒した車椅子のお爺さんを助けた中卒OL　上場企業の商談に遅刻し解雇されたが…,3494,,,0,db_thumbnail_url: HTTPError
40miYM_h7tg,人生逆転ストーリー,「今日は店のおごりです」金婚式で訪れた高級寿司屋で財布を忘れた老夫婦。大将が快くご馳走した結果…,3492,,,0,db_thumbnail_url: HTTPError
5MuU1XAnMkk,感動スカっと人生録,貧乏な児童に給食を分けた調理員、校長に即クビ宣告…数日後、校門前の黒塗り高級車に凍りつく,3482,,,0,db_thumbnail_url: HTTPError
AcGpZnw5srA,人生はバラ色,「施設育ちの汚い貧乏人は無理w」お見合いの席で施設育ちの女性を見下す大手銀行の頭取の息子とその家族。「持ってる株売却します」相手家族「どうぞどうぞ！」翌日、銀行と家族諸共、崩壊www,3481,existing,E:\Data\ObsidianVault\02_Channels\シニア朗読\競合リサーチ\サムネ企画検索ポータル_20260605\thumbnail_assets\AcGpZnw5srA.jpg,232494,
zEp4UyS4HO0,人生スカッと物語,「退職します」銀行のパワハラで退職する中卒OL 彼女と仲の良かった清掃員の老人が本気を出す…,3474,,,0,db_thumbnail_url: HTTPError
A2bfYEPE6z4,人生の光と影 朗読館,車椅子の老人を助け挙式に遅刻した母親を新郎家が侮辱。だが、彼女が救った老人が“新郎の祖父”と知るや空気が一変し…,3453,,,0,db_thumbnail_url: HTTPError
hKZHnCdfRA8,人生逆転ドラマシアター,警備員のお爺さんが要だと知らなかった社長──『ジジイは不要』と言われ、会社を去った本当の結末,3451,,,0,db_thumbnail_url: HTTPError
RoBhkstSUog,人生ドラマ館,「明日から来なくていい」送迎バスに置き去りの児童を助けた派遣のギャルを即日クビにした園長　翌日、アパート前に黒塗りの高級車が現れて...,3450,,,0,db_thumbnail_url: HTTPError
PRJ8Y7ubTMA,人生逆転ドラマシアター,【教訓】60歳の同窓会で気づかされた「人の価値は過去では測れない」,3449,existing,E:\Data\ObsidianVault\02_Channels\シニア朗読\競合リサーチ\サムネ企画検索ポータル_20260605\thumbnail_assets\PRJ8Y7ubTMA.jpg,256666,
JKu2fQrvDAg,面白きかな人生,「契約は中止です。お帰りください」受付嬢に300億の契約中止を告げられたOL。次の瞬間、取引先会長が現れ懲戒解雇に【面白きかな人生】,3447,existing,E:\Data\ObsidianVault\02_Channels\シニア朗読\競合リサーチ\サムネ企画検索ポータル_20260605\thumbnail_assets\JKu2fQrvDAg.jpg,261092,
UqVa-N7GTNU,人生のヒカリ,「お礼は...私の体でいいですか」500食の弁当をドタキャンされた美人女性店主。通りすがりの貧乏老人が「俺が全部買う」と言ったら...,3431,existing,E:\Data\ObsidianVault\02_Channels\シニア朗読\競合リサーチ\サムネ企画検索ポータル_20260605\thumbnail_assets\UqVa-N7GTNU.jpg,229168,
Pca-iT-hTnE,人生の輝き,「30円しか預金ないので破っちゃいますw」通帳をビリビリにした若手銀行員。だが直後、お婆さんの言葉に全行員が土下座した…,3429,,,0,db_thumbnail_url: HTTPError
X74Vq4EwsIo,人生逆転ドラマシアター,【教訓】高級料亭での出来事が教えてくれた「人として大切なこと」,3426,existing,E:\Data\ObsidianVault\02_Channels\シニア朗読\競合リサーチ\サムネ企画検索ポータル_20260605\thumbnail_assets\X74Vq4EwsIo.jpg,280082,
7NCn2Atdvks,愛しき人の人生日記,お婆さんを助け遅刻し見下された就活生。お婆さんの正体を知った瞬間、面接官たちが凍りついた…！,3426,,,0,db_thumbnail_url: HTTPError
AgMtrRygKEM,潮見組　人情列伝,ヤクザ事務所に間違い電話をするボロボロの少女「ピザの出前お願いします…」「10分で届ける」組員総出で配達に行った結果【感動する話】,3414,existing,E:\Data\ObsidianVault\02_Channels\シニア朗読\競合リサーチ\サムネ企画検索ポータル_20260605\thumbnail_assets\AgMtrRygKEM.jpg,297102,
e87C8lqoZQ4,人生逆転ストーリー,銀行員「予約に30秒遅れたから帰れw」→客「じゃあ300億の株、全部売るね？」→翌日、支店パニック！,3399,,,0,db_thumbnail_url: HTTPError
drWhnMSqE5g,潮見組　人情列伝,ヤクザ組長の息子と知らずに少年を病院送りにした男。翌日、国会議員の元へ10台の黒塗りの高級車が現れ男が土下座する展開に【感動する話】,3399,existing,E:\Data\ObsidianVault\02_Channels\シニア朗読\競合リサーチ\サムネ企画検索ポータル_20260605\thumbnail_assets\drWhnMSqE5g.jpg,317621,
MqZmfud_is0,面白きかな人生,「給料2倍で戻ってやる！」低学歴の上司を見下し屋上に居座ったエリート新人たち→会社「検討します」と1カ月完全放置した結果【面白きかな人生】,3392,existing,E:\Data\ObsidianVault\02_Channels\シニア朗読\競合リサーチ\サムネ企画検索ポータル_20260605\thumbnail_assets\MqZmfud_is0.jpg,240992,
N2urrr-Juqk,【スカッと朗読】シニアドラマ館,「出ていけ！」と叫んだ夫。数ヵ月後、泣きついてきたのはその口でした。,3385,existing,E:\Data\ObsidianVault\02_Channels\シニア朗読\競合リサーチ\サムネ企画検索ポータル_20260605\thumbnail_assets\N2urrr-Juqk.jpg,140440,
Tm4M2iPZK60,仁義と人生の部屋,「お前の家族がどうなってもいいのか！」路地裏で男を追い込む借金取り→背後のヤクザに気づかず…1ヶ月後、全てが終わった【スカッとする話】,3382,,,0,db_thumbnail_url: HTTPError
Bo6hds6ZywM,面白きかな人生,50万の浄水器を売りつける男に71歳女性が「買うからうちにおいで」翌朝、営業マンが消えた理由【面白きかな人生】,3379,,,0,db_thumbnail_url: HTTPError
iyJKq6jqWwM,【スカッと朗読】シニアドラマ館,【スカッと】高級レストランで支払いができず青ざめた息子夫婦…原因は母の沈黙だった【シニアライフ】【60代以上の方へ】,3379,existing,E:\Data\ObsidianVault\02_Channels\シニア朗読\競合リサーチ\サムネ企画検索ポータル_20260605\thumbnail_assets\iyJKq6jqWwM.jpg,167738,
8jLc42ULjNE,愛しき人の人生日記,大物とは知らず丁寧に対応した新入社員への解雇通知が、会社を激震させた裏事情…,3376,existing,E:\Data\ObsidianVault\02_Channels\シニア朗読\競合リサーチ\サムネ企画検索ポータル_20260605\thumbnail_assets\8jLc42ULjNE.jpg,211850,
wJ-deW0TiJA,人生逆転ドラマch,高級ホテルでシングルマザーがバカにされる。その後，待ち合わせに現れた人物に全員が真っ青に…,3373,existing,E:\Data\ObsidianVault\02_Channels\シニア朗読\競合リサーチ\サムネ企画検索ポータル_20260605\thumbnail_assets\wJ-deW0TiJA.jpg,70906,
l-8lEjw6GTc,心に響く人生ドラマ日誌,「お前らの代わりはいくらでもいるｗ」部下をバカにするパワハラ上司。→すると「じゃあ全員で辞めますね」上司「え？」,3365,existing,E:\Data\ObsidianVault\02_Channels\シニア朗読\競合リサーチ\サムネ企画検索ポータル_20260605\thumbnail_assets\l-8lEjw6GTc.jpg,190730,
Ml60JlFAntY,感動スカっと人生録,「悔しいなら反論してみろ」取引先の重役の前で晒された28歳OL―無言で差し出した一枚に会議室が凍り付いた,3360,,,0,db_thumbnail_url: HTTPError
_XWf3ktFQdo,人生ドラマ館,ボロボロの子供に余り物をあげて閉店に追い込まれたケーキ屋を営む女子高生。翌日、店の電話が鳴り止まず…,3350,,,0,db_thumbnail_url: HTTPError
t7GBrnDmjPE,人生ドラマ館,大雪の夜、男たちから逃げていたボロボロの少女がギャルの前に飛び出してきた→家に連れ帰り、温かいご飯をふるまった結果…,3346,,,0,db_thumbnail_url: HTTPError
r7v6rRCygGc,人生逆転ストーリー,銀行員「捨てときますねw」と思い出の詰まったボロ通帳を捨てられたお婆さん「…倒産させます」翌日、2000億解約で銀行が破綻の危機に…,3337,,,0,db_thumbnail_url: HTTPError
EBV0WgGTTm8,感動スカっと人生録,「臭い老人は帰れ！」と追い出した銀行員、翌日250億円の顧客と判明し、銀行員全員が青ざめる…,3326,,,0,db_thumbnail_url: HTTPError
jl5NoRbU6GI,お茶の間TV 〈スカッと感動〉,「掃除カスw」と雑巾を顔に投げる成金→5分後、黒塗りの高級車50台と伝説のヤクザ登場し「お前このお方に何した？」→「え？」【スカッとする話】 YAKUZA,3326,existing,E:\Data\ObsidianVault\02_Channels\シニア朗読\競合リサーチ\サムネ企画検索ポータル_20260605\thumbnail_assets\jl5NoRbU6GI.jpg,159657,
gAH0OArCeWs,人生逆転ストーリー,「年金の方はあちらで」銀行でバカにされた質素な老人。だが彼が“通訳”して助けた外国人親子のまさかの正体に、全員が凍りつく,3319,,,0,db_thumbnail_url: HTTPError
tlChosnHOp0,人生色々TV,ビルを綺麗にしただけなのに解雇された…公園で凹んでいると高級車が現れ連れて行かれた先にまさかの・・・,3318,,,0,db_thumbnail_url: HTTPError
R3l08aaVoXQ,人生の光と影 朗読館,雪道で転んだこどもを助けた車椅子の女子大生。しかし、助けた子どもの正体が社長の孫で空気が一変…,3314,,,0,db_thumbnail_url: HTTPError
cpe-IOI8Ca4,愛しき人の人生日記,老人に東京行きのチケットを譲った貧乏就活生。超一流企業の最終面接に遅刻した結果…,3313,,,0,db_thumbnail_url: HTTPError
qDsoDHcEMJg,人生色々TV,夫が倒れてラーメン屋が廃業の危機に…そこに現れたのがまさかの人でした…,3309,,,0,db_thumbnail_url: HTTPError
YMEIj0FPWb4,人生の輝き,「生活保護でしょ？」病院の待合室で嘲笑される質素な老人。だが医師が「先生」と呼んで頭を下げた瞬間、待合室は水を打ったように静かになった…,3308,,,0,db_thumbnail_url: HTTPError
q3GCmemWwN8,人生の温もり,鍋焼きうどんを頼んだら高校時代に俺の弁当を笑った女が配達に来た。「お前が配達？」「…ご注文ありがとうございます」→復讐のつもりで注文し続けた結果…【感動する話】,3306,existing,E:\Data\ObsidianVault\02_Channels\シニア朗読\競合リサーチ\サムネ企画検索ポータル_20260605\thumbnail_assets\q3GCmemWwN8.jpg,216142,
Z4aex76icPE,人生の輝き,「貧乏人が高級料亭？ファミレスの方がお似合いよ」偶然再会した同級生を見下した女社長　翌日、50億の大口契約が白紙になり会社が崩壊…,3304,,,0,db_thumbnail_url: HTTPError
heODHrsEv7s,人生逆転ストーリー,「…ウチの値段、知ってます？」高級寿司店で老夫婦を追い出した二代目大将――翌日、彼らの“正体”を知り顔面蒼白！,3299,,,0,db_thumbnail_url: HTTPError
TnluDKwyMJs,人生劇場放送局,【スカッと】「もう来なくていい」頭取と知らず土砂降りで救助した新人行員。直後、解雇され...。【シニア】,3287,existing,E:\Data\ObsidianVault\02_Channels\シニア朗読\競合リサーチ\サムネ企画検索ポータル_20260605\thumbnail_assets\TnluDKwyMJs.jpg,225696,
U6PJE4mq9yE,人生逆転ドラマシアター,高級寿司店でヤクザに絡まれた老人──正体が判明した瞬間、客席が戦慄する,3283,,,0,db_thumbnail_url: HTTPError
IsoavJeSUEk,愛しき人の人生日記,廊下で倒れた老人を助けクビになった派遣社員。翌日、現れた老人の一言に支配人が凍りつく…,3280,,,0,db_thumbnail_url: HTTPError
MmSZkUwK8jc,人生色々TV,超貧乏な俺に、店のパンを無断で持って来てくれた…20年後、彼女は悪の罠に落ちて最悪の事態に・・・,3270,existing,E:\Data\ObsidianVault\02_Channels\シニア朗読\競合リサーチ\サムネ企画検索ポータル_20260605\thumbnail_assets\MmSZkUwK8jc.jpg,207332,
4SHorXlqe7s,人生逆転ストーリー,「年金暮らしは“回転寿司”にでも行けば？」高級寿司店でバカにされた老人。嘲った大将が青ざめた“翌日のニュース”とは？,3264,,,0,db_thumbnail_url: HTTPError
OKrCLVoqEeQ,人生ドラマTV,「私をクビにして！」上司に懇願する銀行員。結果、上司がクビになり、彼女は給料アップ。因果応報、当然の結果となった理由,3260,existing,E:\Data\ObsidianVault\02_Channels\シニア朗読\競合リサーチ\サムネ企画検索ポータル_20260605\thumbnail_assets\OKrCLVoqEeQ.jpg,214706,
f8gW-9oGybc,人生スカッと物語,用水路に転落したお婆さんを助けた貧乏就活女子「ヒーロー気取りか？」大手企業の最終面接で面接官から罵倒されたが、後日お婆さんの意外な正体が判明して…,3251,,,0,db_thumbnail_url: HTTPError
Lev9uC--X1U,人生色々TV,貧乏営業マンが倒れた浮浪者を助けた…後日、大手取引先で衝撃の事態をむかえる！,3242,,,0,db_thumbnail_url: HTTPError
XBi1keLp9DE,人生逆転ドラマシアター,【教訓】中学の同窓会での一言が教えてくれた「人の価値は数字では測れない」,3238,,,0,db_thumbnail_url: HTTPError
filnnQnWFRg,人生の輝き,同窓会で警備員の格好をした男を「見張りジジイ」と侮辱した同級生。だが、彼の制服の胸のバッジを見ると震え出し…,3224,,,0,db_thumbnail_url: HTTPError
ZHiSp3wriWU,人生ドラマ,空港契約のおばあさん、外国人博士に声をかけると皆が嘲笑。だが5秒後、全員がひざまずく｜家族｜感動話｜朗読ドラマ｜シニア物語 感動ドラマㅣ老後物語ㅣ老後の知恵ㅣ老年の人生ㅣ幸せな晩年ㅣオーディオブック」,3222,existing,E:\Data\ObsidianVault\02_Channels\シニア朗読\競合リサーチ\サムネ企画検索ポータル_20260605\thumbnail_assets\ZHiSp3wriWU.jpg,180578,
LW9aMcIkbIc,静かなる英雄たち,駐車場で不審者扱いされた定年後の技術者。彼のカバンから出てきた1枚の紙に、若い警備員が言葉を失った…。,3212,existing,E:\Data\ObsidianVault\02_Channels\シニア朗読\競合リサーチ\サムネ企画検索ポータル_20260605\thumbnail_assets\LW9aMcIkbIc.jpg,197616,
SmL9dOumRDs,人生のシナリオ,MBA取得エリートに見下された中卒の清掃員のおじいさん。数ヶ月後、高級寿司店での再会で上司が青ざめた【感動する話】,3212,existing,E:\Data\ObsidianVault\02_Channels\シニア朗読\競合リサーチ\サムネ企画検索ポータル_20260605\thumbnail_assets\SmL9dOumRDs.jpg,215047,
aFl1fxxiRn4,人生の輝き,中卒の学歴をバカにしていた20年前の恋人と、飛行機で偶然隣の席になった男性。だが、彼女は知らなかった。彼が車イスの父と約束を叶え機長になっていたことを…,3211,,,0,db_thumbnail_url: HTTPError
_kSFe1MkgEc,【スカッと朗読】シニアドラマ館,「もう来ないで」と言われた私。望み通り関係を断ったら…息子夫婦が地獄を見た話,3210,existing,E:\Data\ObsidianVault\02_Channels\シニア朗読\競合リサーチ\サムネ企画検索ポータル_20260605\thumbnail_assets\_kSFe1MkgEc.jpg,167618,
8uDe_7nlx3w,人生の光と影 朗読館,駅で車椅子の老婦人を助けスーツが破れた女子大生。母の古いスーツを笑われた翌日、助けた老婦人が会場に現れ全員が凍りつく…,3204,,,0,db_thumbnail_url: HTTPError
ApMyjaH5ZCk,潮見組　人情列伝,ヤクザ事務所に間違い電話をする顔に青あざの少女「ラーメンの出前お願いします」若頭「すぐに行く」100人の部下を配達すると…【感動する話】,3202,,,0,db_thumbnail_url: HTTPError
cTN6a6nPn5I,面白きかな人生,「低層階は人権ないからｗ」「中卒だと低層階よねｗ」タワマン高層階でマウントする同級生→直後、「高層階なんて絶対借りないよ」「は？」【面白きかな人生】,3185,existing,E:\Data\ObsidianVault\02_Channels\シニア朗読\競合リサーチ\サムネ企画検索ポータル_20260605\thumbnail_assets\cTN6a6nPn5I.jpg,265669,
y0aAOdhIEh0,人生の光と影 朗読館,雨の駅で倒れた老人を助け遅刻した女子大生。翌日、就職面接の空気が凍りついた…,3180,,,0,db_thumbnail_url: HTTPError
qeUMBHNAMv4,愛しき人の人生日記,駅で転倒した老人を助けた派遣社員がクビに。翌日､会社に黒塗りの高級車が現れて・・・,3176,,,0,db_thumbnail_url: HTTPError
_YjRSz-zL9s,人生色々TV,バス代不足で降車出来ない貧乏就活生に少女が50円を渡した…後日、二人にとんでもない再会が・・・,3171,,,0,db_thumbnail_url: HTTPError
02JPZsvpQf8,人生の輝き,町工場で雑用係の老人を嘲笑する若手エンジニア。納期遅れで倒産危機の中、作業台の前に老人がゆっくりと座った…,3169,,,0,db_thumbnail_url: HTTPError
aJLg3-u50oY,人生スカッと物語,忘年会100名分を当日キャンセルし、小料理屋の女性店主を嘲笑した銀行員―年始早々、銀行中が凍りついた…,3165,,,0,db_thumbnail_url: HTTPError
v0cdRzVtlsA,人生の温もり,55歳の配達員が届けた手紙は届かない→死んだ祖母宛に手紙を書く姉弟→「届いてるよ」と嘘をついた理由…20年後に届いた真実…【感動する話】,3135,existing,E:\Data\ObsidianVault\02_Channels\シニア朗読\競合リサーチ\サムネ企画検索ポータル_20260605\thumbnail_assets\v0cdRzVtlsA.jpg,256218,
agPYSjmOwMk,人生スカッと物語,「バイトは雑巾だけ絞ってろ！」セルフレジで困るおばあさんを助けた母子家庭女子高生。翌朝、病院に現れた人物に全員が息をのんだ…,3133,,,0,db_thumbnail_url: HTTPError
1dqxXA2MgKI,人生のシナリオ,不良に恐喝されたお爺さん…50万貸した翌週、10台のパトカーが現れ警官30人が…,3127,existing,E:\Data\ObsidianVault\02_Channels\シニア朗読\競合リサーチ\サムネ企画検索ポータル_20260605\thumbnail_assets\1dqxXA2MgKI.jpg,159831,
yqCTK7TYpSo,【スカッと朗読】シニアドラマ館,【スカッと】「死ぬまで施設で暮らせ」と捨てられた母が、実は“家と8000万資産”の真の持ち主だった話,3121,existing,E:\Data\ObsidianVault\02_Channels\シニア朗読\競合リサーチ\サムネ企画検索ポータル_20260605\thumbnail_assets\yqCTK7TYpSo.jpg,166543,
7Jmg7njcRnc,愛しき人の人生日記,大雪の中倒れていた老人を助けたパート社員がクビに。翌日､店長から電話がかかってきて…,3111,,,0,db_thumbnail_url: HTTPError
pWpwIyeXXqM,人生はバラ色,「ボロ服のガキが筆頭株主？クビにしてみろよw」株主総会に体操着で現れた14歳の少女を嘲笑した役員たち→「了解です」8000億の株を売却、翌日会社が消滅,3088,existing,E:\Data\ObsidianVault\02_Channels\シニア朗読\競合リサーチ\サムネ企画検索ポータル_20260605\thumbnail_assets\pWpwIyeXXqM.jpg,240772,
2JwdQWnwXio,感動スカっと人生録,ボロボロの通帳を見て鼻で笑った銀行員。老夫婦が「全額で」と呟いた瞬間その残高をみて全員が震え上がった…,3079,,,0,db_thumbnail_url: HTTPError
YcktcJY__v4,人生はバラ色,「高卒？バカは仕事するなよw」ハーバード大卒社長にクビにされた新入社員。翌日、取引額5000億が突然白紙になり社内がパニック！,3077,existing,E:\Data\ObsidianVault\02_Channels\シニア朗読\競合リサーチ\サムネ企画検索ポータル_20260605\thumbnail_assets\YcktcJY__v4.jpg,172242,
YHFdfRzRrt4,面白きかな人生,「中卒女は引っ込んでろ！」エリート企画室集団に舞台裏で追い出された新人女性→本番10分前、AD「観客が誰もいません！」エリート「え？」【面白きかな人生】,3076,existing,E:\Data\ObsidianVault\02_Channels\シニア朗読\競合リサーチ\サムネ企画検索ポータル_20260605\thumbnail_assets\YHFdfRzRrt4.jpg,273453,
RiDXcD2FdNQ,【スカッと朗読】シニアドラマ館,金づる扱いの母が“本性”を見せた瞬間…息子夫婦の人生が終わった日,3070,existing,E:\Data\ObsidianVault\02_Channels\シニア朗読\競合リサーチ\サムネ企画検索ポータル_20260605\thumbnail_assets\RiDXcD2FdNQ.jpg,178983,
lF44cW7v3oU,人生スカッと物語,「修学旅行にも行けない貧乏人」と嘲笑され続けた貧乏女子高生。命がけで救ったお婆さんの“正体”に、学校中が凍りついた…,3064,,,0,db_thumbnail_url: HTTPError
CoN86cvFBtc,人生スカッと朗読-劇場-,タワマンのラウンジに行くと高層階ボスママ集団「PTA幹部の家族でないとお茶会参加できないのw」お茶会参加を辞退した結果...【スカッとする話】,3063,,,0,db_thumbnail_url: HTTPError
CllBevo-ITE,人生スカッと物語,「これしかないけど…」お婆さんに“パン”を渡す母子家庭の貧乏学生　翌日、塾に着物姿のお婆さんが現れ…,3060,,,0,db_thumbnail_url: HTTPError
NoBlDkU0V6Y,人生はバラ色,「中卒の底辺派遣なんか代わりはいくらでもいるｗ」と部長から罵倒された派遣OL→「今日で会社辞めます」次の瞬間、全員が凍りついた,3058,existing,E:\Data\ObsidianVault\02_Channels\シニア朗読\競合リサーチ\サムネ企画検索ポータル_20260605\thumbnail_assets\NoBlDkU0V6Y.jpg,210780,
Tfpimt4SdZA,心に響く人生ドラマ日誌,「この飛行機墜ちます」警告を無視された地味な新人整備士…だが、業界のトップだけが彼女の正体に気づいて…,3054,existing,E:\Data\ObsidianVault\02_Channels\シニア朗読\競合リサーチ\サムネ企画検索ポータル_20260605\thumbnail_assets\Tfpimt4SdZA.jpg,166398,
9Geew1nCPac,人生逆転ドラマシアター,平社員の65歳に向けられた「給料泥棒」の一言。だが翌朝の総会で、彼が創業期から株を支え続けた重鎮株主と知った瞬間、不正が崩れ落ちた…,3053,,,0,db_thumbnail_url: HTTPError
kd-z3LSUJlY,人生の輝き,「5円しか預金ないのでゴミ箱行きでw」通帳をビリビリに破いて捨てた支店長。「ではあなたもゴミ箱に」翌朝、その銀行はゴミ箱に捨てられました…,3053,,,0,db_thumbnail_url: HTTPError
J0-XVnE-VVk,【スカッと朗読】シニアドラマ館,"義母へ水道水、夫へ8,000円ステーキ…その瞬間“援助3848万円”は止まった",3053,existing,E:\Data\ObsidianVault\02_Channels\シニア朗読\競合リサーチ\サムネ企画検索ポータル_20260605\thumbnail_assets\J0-XVnE-VVk.jpg,168950,
IH3utEovikg,人生の輝き,「こんな小汚い店で新年会？やっぱキャンセルしてw」母娘親子が営む小料理屋を侮辱した男。翌日、男は涙を流しながら「小汚い店」で食事をしていた…,3031,,,0,db_thumbnail_url: HTTPError
mcheGoYBIs0,人生の光と影 朗読館,貧乏神と呼ばれた老人にも優しくした落ちこぼれのキャバ嬢。翌日、キャバクラの前に黒塗りの高級車が現れると....,3031,,,0,db_thumbnail_url: HTTPError
J60jZUtuw_s,人生色々TV,「臭いから帰れ」と銀行を追い出された老婆…翌日、スーツ姿で全口座解約しました,3030,,,0,db_thumbnail_url: HTTPError
2cIXTkPqVaM,【スカッと朗読】シニアドラマ館,「警察呼びます、不法侵入です」嫁に追い出された私が“土地の名義”を出した瞬間、家族全員が青ざめた。,3029,existing,E:\Data\ObsidianVault\02_Channels\シニア朗読\競合リサーチ\サムネ企画検索ポータル_20260605\thumbnail_assets\2cIXTkPqVaM.jpg,164236,
HSYhqA4HT18,【スカッと朗読】シニアドラマ館,嫁「出ていくか従うか選んで」→私が静かに家を売却したら、息子夫婦が顔面蒼白に…,3014,existing,E:\Data\ObsidianVault\02_Channels\シニア朗読\競合リサーチ\サムネ企画検索ポータル_20260605\thumbnail_assets\HSYhqA4HT18.jpg,161007,
dQOcXO2T9wM,人生の輝き,「ただの主婦に融資なんかできるわけがないだろ！」と高齢女性を侮辱し続けた銀行員。だが、その女性の真の肩書を知った時、彼は膝から崩れ落ちた…,3012,,,0,db_thumbnail_url: HTTPError
FUIGt432QLQ,感動スカっと人生録,上司に裏切られ全てを横取りされた私。深夜の厨房で、店を失った元料理人と作り始めたものは…,3000,,,0,db_thumbnail_url: HTTPError
A3n5NHrWaKI,人生のヒカリ,倒れる認知症のお婆さんに1000円で弁当を買った貧乏中学生。翌日、お婆さんの姉が高級車で現れ...,3000,existing,E:\Data\ObsidianVault\02_Channels\シニア朗読\競合リサーチ\サムネ企画検索ポータル_20260605\thumbnail_assets\A3n5NHrWaKI.jpg,141009,
zyCm6e1Plo4,【スカッと朗読】シニアドラマ館,「母さん、年末年始はまた“こき使う係”よろしく」息子夫婦の暴走が招いた最悪の結末,2979,existing,E:\Data\ObsidianVault\02_Channels\シニア朗読\競合リサーチ\サムネ企画検索ポータル_20260605\thumbnail_assets\zyCm6e1Plo4.jpg,155882,
FMRypdRT_eE,人生ドラマ,[大学病院の清掃員に偽装した監査顧問、指をさして見下した同級生、10分後には汗だくで雑巾を絞っていた]「同級生の侮辱・医局ママ会の特権・審判｜感動オーディオドラマ,2961,existing,E:\Data\ObsidianVault\02_Channels\シニア朗読\競合リサーチ\サムネ企画検索ポータル_20260605\thumbnail_assets\FMRypdRT_eE.jpg,126272,
J2BflsPkqWg,感動スカっと人生録,「家政婦は知らなかった」会長の正体を。そして、留守中に禁断の曲をピアノで弾いた結果…,2956,,,0,db_thumbnail_url: HTTPError
RED8378eL2o,【スカッと朗読】シニアドラマ館,姑の肝臓移植を頼まれた私。“じゃあ同じようにしてくれますか？”と言い返した結果…,2952,existing,E:\Data\ObsidianVault\02_Channels\シニア朗読\競合リサーチ\サムネ企画検索ポータル_20260605\thumbnail_assets\RED8378eL2o.jpg,185282,
ARD4qU7BnZ4,静かなる英雄たち,書店で留学生を助けたおじいさん。その数日後、まさかの招待状が...。,2945,existing,E:\Data\ObsidianVault\02_Channels\シニア朗読\競合リサーチ\サムネ企画検索ポータル_20260605\thumbnail_assets\ARD4qU7BnZ4.jpg,171482,
3hAf5l6NWto,人生色々TV,地上げ屋に店が荒らされる事態に…「止めてー」女店主が泣き叫んだ次の瞬間、店の前に高級車がズラリと並びました…,2937,,,0,db_thumbnail_url: HTTPError
o_nb9rrv_Xs,潮見組　人情列伝,亡き息子の面影重なるヤクザに歩み寄る孤独な80歳女性「1日だけ息子になって…」翌日、息子の墓前に100人もの黒スーツの漢たちが現れ…【感動する話】,2937,existing,E:\Data\ObsidianVault\02_Channels\シニア朗読\競合リサーチ\サムネ企画検索ポータル_20260605\thumbnail_assets\o_nb9rrv_Xs.jpg,314267,
rehmjBUCEhc,【スカッと朗読】シニアドラマ館,嫁に平手打ちされ追放された日。私が静かに微笑んだ“本当の理由”を知って震える息子夫婦,2936,existing,E:\Data\ObsidianVault\02_Channels\シニア朗読\競合リサーチ\サムネ企画検索ポータル_20260605\thumbnail_assets\rehmjBUCEhc.jpg,154177,
es3S1SBmwp0,人生の輝き,大学の学食で食事代が支払えないお爺さんに食事を奢った貧乏学生。翌日、学食の本格的な調査が開始されていた…,2934,,,0,db_thumbnail_url: HTTPError
uQm4rNW1O9E,感動スカっと人生録,「派遣がピアノか？」と嘲笑した常務――30分後、誰も知らなかった彼女の正体に言葉を失った,2934,existing,E:\Data\ObsidianVault\02_Channels\シニア朗読\競合リサーチ\サムネ企画検索ポータル_20260605\thumbnail_assets\uQm4rNW1O9E.jpg,225698,
TAaKu9n8Quc,【スカッと朗読】シニアドラマ館,「縁を切ります」宣告の翌朝、母の正体を知って崩れ落ちた息子夫婦の末路。,2932,existing,E:\Data\ObsidianVault\02_Channels\シニア朗読\競合リサーチ\サムネ企画検索ポータル_20260605\thumbnail_assets\TAaKu9n8Quc.jpg,155797,
LiZ2uLBV_W8,愛しき人の人生日記,財布を忘れ困っているお婆さんに280円を渡した貧乏就活生。翌日、最終面接で現れたのはまさかの人物で…,2931,,,0,db_thumbnail_url: HTTPError
vlLGTeJX8gE,人生の輝き,「場違いな母親で子どもが可哀想だ」と名門私立校で罵倒された清掃員。だが卒業式で彼女の息子が答辞を読み上げた時、会場が驚愕に包まれた。,2907,,,0,db_thumbnail_url: HTTPError
ctrLBuF6aew,感動スカっと人生録,7ヶ国語を話す不愛想な東大卒女子。赤字続きの蕎麦屋を救ったら、無口な老人が現れ…,2907,,,0,db_thumbnail_url: HTTPError
83kbq7nfgXg,人生逆転ストーリー,「黙って床でも磨いてろ」清掃員のお婆さんに暴言を吐いた部長は、彼女が会長の妻だったとは知らなかった。,2904,,,0,db_thumbnail_url: HTTPError
QRxueIoR9Xw,【スカッと朗読】シニアドラマ館,家族旅行で置き去りにされた母。その瞬間、1800万円の援助が止まり地獄が始まる,2902,existing,E:\Data\ObsidianVault\02_Channels\シニア朗読\競合リサーチ\サムネ企画検索ポータル_20260605\thumbnail_assets\QRxueIoR9Xw.jpg,168172,
_8lgZIIZv-A,愛しき人の人生日記,「お前が辞めても困らないんだよ」部長から罵倒された派遣OL。「今日で会社辞めます」次の瞬間、全員が凍りついた,2899,,,0,db_thumbnail_url: HTTPError
AjGeKvN0bR0,人生ドラマTV,【感動の続編】16年前、車イス少女に奇跡を起こした少年が、16年後、同じ場所で彼女にひざまずいた,2891,existing,E:\Data\ObsidianVault\02_Channels\シニア朗読\競合リサーチ\サムネ企画検索ポータル_20260605\thumbnail_assets\AjGeKvN0bR0.jpg,294658,
ssl0FInVXEc,【スカッと朗読】シニアドラマ館,【スカッと】「片親の貧乏人」と見下された母の正体は、病院グループ会長だった【シニアライフ】【60代以上の方へ】,2880,existing,E:\Data\ObsidianVault\02_Channels\シニア朗読\競合リサーチ\サムネ企画検索ポータル_20260605\thumbnail_assets\ssl0FInVXEc.jpg,147859,
UkJfvC8uGk4,人生逆転ドラマシアター,一流ホテルで、貧しい老人が追い出された夜…その後に明らかになった衝撃の真実,2877,,,0,db_thumbnail_url: HTTPError
Qz14eF_4NI0,人生逆転ストーリー,「今日は、お代はいいよ」雨の日に財布を忘れた若者…翌日、解体業者が店を破壊していた,2873,,,0,db_thumbnail_url: HTTPError
Ft3PO5sR81I,人生逆転ドラマシアター,温厚なおじいさんをぼったくりバーが脅迫！悪徳店員が「生命保険入ってるだろ？」と迫る。しかし次の瞬間、おじいさんが正体を明かすとと店内が凍りついた,2871,,,0,db_thumbnail_url: HTTPError
6EcjlN8_qNE,【スカッと朗読】シニアドラマ館,「完暦は1人で祝ってくれ」と息子に捨てられた母…しかし“家売却”で全てが逆転した話,2855,existing,E:\Data\ObsidianVault\02_Channels\シニア朗読\競合リサーチ\サムネ企画検索ポータル_20260605\thumbnail_assets\6EcjlN8_qNE.jpg,167265,
5VLNJ7CZnCg,人生の輝き,「貧乏人は診察拒否」と病院で追い返された夜間清掃員。だが翌週、突然院長が辞任した理由とは…,2854,,,0,db_thumbnail_url: HTTPError
7amhB2wnypU,人生スカッと朗読-劇場-,義父が最大グループの総帥と知らず私をビンタするボスママ「悔しかったら偉い人連れてきなさいよw」→10分後、フレンチのお店の前に黒塗りの高級車30台が現れ…【スカッとする話】,2832,,,0,db_thumbnail_url: HTTPError
0Osryk9Io5U,潮見組　人情列伝,両親を亡くし親族中たらい回しにされ施設送りになる少年。組長の叔父「俺がこいつを育てる」,2831,existing,E:\Data\ObsidianVault\02_Channels\シニア朗読\競合リサーチ\サムネ企画検索ポータル_20260605\thumbnail_assets\0Osryk9Io5U.jpg,204340,
3qNeT_qgCwI,人生の輝き,「直せたら1億やる」町工場の老整備士を侮辱する億万長者のアメリカ人。最高の整備士チームが修理できない高級車を、老整備士がたった7分で修理すると…,2829,,,0,db_thumbnail_url: HTTPError
PDnEMMIfUYs,心に響く人生ドラマ日誌,「どうせ買わない」追い出される貧乏な子供に、唯一声をかけた契約社員。その翌日、店に黒塗りの高級車が現れ店長が凍りついた,2825,existing,E:\Data\ObsidianVault\02_Channels\シニア朗読\競合リサーチ\サムネ企画検索ポータル_20260605\thumbnail_assets\PDnEMMIfUYs.jpg,157281,
xgJD3ef9A1Q,人生の輝き,「生意気な女は要らない!」工場で倒れたおばさんを助けた派遣社員の女性が解雇された。翌週、本社から黒塗りの車が現れて…【感動する話】,2817,,,0,db_thumbnail_url: HTTPError
PICROpjQpOc,人生スカッと物語,社長「明日から来なくていい」新人派遣OL「わかりました」帰り支度を始めた瞬間、社長「…違う、君ではない」全員「え？」フロアが静まり返る...,2816,existing,E:\Data\ObsidianVault\02_Channels\シニア朗読\競合リサーチ\サムネ企画検索ポータル_20260605\thumbnail_assets\PICROpjQpOc.jpg,219914,
WotbAQsXXkA,人生ドラマ館,高架下で絶望していた義足の元オリンピック陸上選手を救った20歳のヤンキーギャル→1年後、オリンピック目前で心臓疾患があると診断され…,2811,,,0,db_thumbnail_url: HTTPError
3hMYDXIlev8,人生逆転ドラマch,タダ食い狙いのボスママにランチ会に誘われた私。私「もうみんな来てますよ」ボスママ「え？」,2804,existing,E:\Data\ObsidianVault\02_Channels\シニア朗読\競合リサーチ\サムネ企画検索ポータル_20260605\thumbnail_assets\3hMYDXIlev8.jpg,104490,
qNAUETqyW8U,人生ドラマ館,フリーターのギャルがホームレスの女子高生に全財産の千円を渡した結果→強面のヤクザが目の前に現れて…,2797,existing,E:\Data\ObsidianVault\02_Channels\シニア朗読\競合リサーチ\サムネ企画検索ポータル_20260605\thumbnail_assets\qNAUETqyW8U.jpg,242615,
cBnJXdndHVw,人生ドラマ館,絶縁した姉が経営する大手会社から弁当600個ドタキャン嫌がらせされた女子高生の弁当屋　「1個1円なら買い取るわよ」→妹「本当？お姉ちゃん、ありがとう！」,2795,,,0,db_thumbnail_url: HTTPError
UuHLc68JKy4,愛しき人の人生日記,街中で妊婦を助けて10億円の商談に遅刻した中途社員　契約が破談した翌日、社長室に呼び出されて…,2787,,,0,db_thumbnail_url: HTTPError
5bFw9P00m8k,愛しき人の人生日記,歩道橋から転落した老人を助け10億円の商談に遅刻した中卒OL。クビになった翌日､会社から呼び出され…,2787,,,0,db_thumbnail_url: HTTPError
dYWnE21SsC4,人生スカッと物語,「農業なんて底辺だろ」銀行窓口で見下され解約を勧められた農家のお婆さん。その直後、銀行全体が凍りつく…,2785,,,0,db_thumbnail_url: HTTPError
1Dh8lDhj3bg,お茶の間TV 〈スカッと感動〉,極道を救った一杯の味噌汁..→地上げ屋に思い出を壊された恩人の為にカチコミした結果..【スカッとする話】 YAKUZA,2782,existing,E:\Data\ObsidianVault\02_Channels\シニア朗読\競合リサーチ\サムネ企画検索ポータル_20260605\thumbnail_assets\1Dh8lDhj3bg.jpg,173982,
ofoRImJMhGQ,人生の光と影 朗読館,バス賃が払えない老人に小銭を渡した貧困女子大生。翌日、学長室に呼び出され…,2782,,,0,db_thumbnail_url: HTTPError
onmnh-FMa4w,人生の光と影 朗読館,火事で全焼寸前の家から老婆を救い出した貧乏な女子大生。翌日、大手企業の最終面接に遅刻したその時…,2781,,,0,db_thumbnail_url: HTTPError
Yg_8LRx7HJE,人生の光と影 朗読館,「年寄りは後ろに並べ！」恫喝される老人を救った貧乏なパート女性。翌日、不当解雇寸前に黒服の集団が現れ…,2776,,,0,db_thumbnail_url: HTTPError
_Xc2V9bVnQI,人生逆転ストーリー,「どうせ安い旅行しか選ばないでしょ？」と旅行代理店で嘲られた老夫婦→「1000人の社員旅行だったけど…」翌日、その“正体”に店内が凍りつく！,2775,,,0,db_thumbnail_url: HTTPError
UDCuIl8rb1w,人生スカッと物語,「子会社？負け組の集まりだろw」銀行員の同級生に侮辱された女性。「気が済んだ？」→翌日、彼の銀行から500億円が消えた…,2774,existing,E:\Data\ObsidianVault\02_Channels\シニア朗読\競合リサーチ\サムネ企画検索ポータル_20260605\thumbnail_assets\UDCuIl8rb1w.jpg,232513,
10u1oClbX2U,人生のシナリオ,ため池で溺れる老人を救った少女。助けた相手はまさかの敵だった！裏切られた少女…その後の衝撃の真実とは,2770,,,0,db_thumbnail_url: HTTPError
rbG3NkES7pU,人生のヒカリ,株主総会で17歳のセーラー服姿の女子高生が全株1200億売却した結果...,2770,existing,E:\Data\ObsidianVault\02_Channels\シニア朗読\競合リサーチ\サムネ企画検索ポータル_20260605\thumbnail_assets\rbG3NkES7pU.jpg,229367,
NiAKYX1ghDo,人生ドラマ,[大学病院の清掃員に偽装した監査顧問、指をさして見下した同級生、10分後には汗だくで雑巾を絞っていた]同級生の侮辱・医局ママ会の特権・審判ㅣ感動ドラマㅣ老後物語ㅣ老後の知恵ㅣ老年の人生ㅣ幸せな晩年,2765,existing,E:\Data\ObsidianVault\02_Channels\シニア朗読\競合リサーチ\サムネ企画検索ポータル_20260605\thumbnail_assets\NiAKYX1ghDo.jpg,177391,
exevUUmC02M,人生の光と影 朗読館,「ゴミ通帳ですね」銀行員に破られたボロ通帳。翌日、支店の空気が一変した…,2762,,,0,db_thumbnail_url: HTTPError
Y6Zv3cB-xK8,人生ドラマ館,「私が通訳できます」見下されたギャルが７か国語を話した瞬間、その場が凍りつく…,2747,,,0,db_thumbnail_url: HTTPError
_Ky0lHaPeo8,【スカッと朗読】シニアドラマ館,【スカッと】水道が壊れただけで母を追い出した嫁の末路｜他人扱いした相手が大家だった【シニアライフ】【60代以上の方へ】,2747,existing,E:\Data\ObsidianVault\02_Channels\シニア朗読\競合リサーチ\サムネ企画検索ポータル_20260605\thumbnail_assets\_Ky0lHaPeo8.jpg,175057,
Huuy1yu2M3I,人生のヒカリ,「良いですよ、泊まってください」結婚記念日に財布を忘れた老夫婦。翌日、解体業者が旅館を壊していた,2739,existing,E:\Data\ObsidianVault\02_Channels\シニア朗読\競合リサーチ\サムネ企画検索ポータル_20260605\thumbnail_assets\Huuy1yu2M3I.jpg,134448,
ztK3BWHjZ1M,静かなる英雄たち,「もう使えない」と馬鹿にされた元技術者、災害時の危機で若者たちを導いた一枚のメモ...。,2737,existing,E:\Data\ObsidianVault\02_Channels\シニア朗読\競合リサーチ\サムネ企画検索ポータル_20260605\thumbnail_assets\ztK3BWHjZ1M.jpg,152664,
lLWQlXOeuYI,【スカッと朗読】シニアドラマ館,【スカッと】「同居費を払え」と迫る嫁に反撃した瞬間。土地の権利を見せたら態度が一変した話,2729,existing,E:\Data\ObsidianVault\02_Channels\シニア朗読\競合リサーチ\サムネ企画検索ポータル_20260605\thumbnail_assets\lLWQlXOeuYI.jpg,162440,
kNk5lY5vRUg,人生スカッと物語,振り込め詐欺からお婆さんを助けた高校中退のコンビニバイト。翌日、お店の前に黒塗りの高級車が現れ…,2718,,,0,db_thumbnail_url: HTTPError
rZD5140ZRZ4,愛しき人の人生日記,会長と知らず、雨の日に傘を貸した派遣社員。翌日、突然クビを言い渡され,2716,existing,E:\Data\ObsidianVault\02_Channels\シニア朗読\競合リサーチ\サムネ企画検索ポータル_20260605\thumbnail_assets\rZD5140ZRZ4.jpg,254094,
xLcJa7lbQT4,感動スカっと人生録,「英語も分からない老害」70代清掃員を庇いクビ宣告された高卒契約社員。次の瞬間、黒塗りベンツが…,2714,,,0,db_thumbnail_url: HTTPError
jlcm47X70W4,【スカッと朗読】シニアドラマ館,「二度と来るな」と追い払われた両親の“本当の資産”を知った息子が土下座した日,2710,existing,E:\Data\ObsidianVault\02_Channels\シニア朗読\競合リサーチ\サムネ企画検索ポータル_20260605\thumbnail_assets\jlcm47X70W4.jpg,174274,
44Y28HMlBN4,人生スカッと朗読-劇場-,花嫁の父を侮辱し、花嫁にワインをかけた義母。ヤクザの元組長が立ち上がり、黒塗り高級車が30台が現れた結果...【スカッとする話】,2710,,,0,db_thumbnail_url: HTTPError
pqmRmrl-qj8,人生のヒカリ,「盗んだものを出して！」認知症のお婆さんが薬局で万引き。後日こりずにお婆さんが現れ皆が凍り付く...,2709,existing,E:\Data\ObsidianVault\02_Channels\シニア朗読\競合リサーチ\サムネ企画検索ポータル_20260605\thumbnail_assets\pqmRmrl-qj8.jpg,174371,
-3A7tdZ49l4,人生の光と影 朗読館,老人にチケットを譲り最終面接に遅刻した女子大生。全てを失った彼女の前に現れた人物で空気が一変…,2708,,,0,db_thumbnail_url: HTTPError
uKsf6n8o5Zo,人生の光と影 朗読館,団体予約を突然キャンセルされた若女将。翌日、旅館前に並んだ車列で空気が一変した,2702,,,0,db_thumbnail_url: HTTPError
9MxghhP9a60,人生の輝き,銀行で職員たちに6時間放置され窓口を閉められた老婆。その直後、老婆が呟いた一言で重役行員が次々と姿を消した…,2701,,,0,db_thumbnail_url: HTTPError
ZvKIzwwUwG4,人生はバラ色,「こんな汚い店で宴会？明日キャンセルでww」母娘の料理屋を侮辱したエリート営業マン──翌日会社に電話「300億円契約破棄で」会社がパニックに！,2701,existing,E:\Data\ObsidianVault\02_Channels\シニア朗読\競合リサーチ\サムネ企画検索ポータル_20260605\thumbnail_assets\ZvKIzwwUwG4.jpg,189829,
pC148GpNHMs,人生は七色,【BEST5動画】見ないと損する！200万人が感動で涙した、『人生は七色』ベスト5動画　新ナビゲーター紹介,2697,existing,E:\Data\ObsidianVault\02_Channels\シニア朗読\競合リサーチ\サムネ企画検索ポータル_20260605\thumbnail_assets\pC148GpNHMs.jpg,280558,
BvVqSA9ZQRQ,人生の輝き,銀行で1000円を下ろしに来ただけで侮辱された貧しい身なりのお爺さんが、ついに全額の5000億円を引き出した結果…,2697,,,0,db_thumbnail_url: HTTPError
zkzizERnduw,人生色々TV,真夏の畦道で汚れた老人を助けた貧乏女子高生…後日、全校集会で老人が登場すると全生徒と教員が青ざめた・・・,2691,,,0,db_thumbnail_url: HTTPError
Q4He-gGhd5I,人生逆転ストーリー,「あの夜のおにぎり、今でも覚えてる」地上げ屋に追い詰められた弁当店の少女の前に現れた“意外な男”の正体とは？,2691,,,0,db_thumbnail_url: HTTPError
rLrnUXLuNYE,人生逆転ドラマシアター,「こんな清掃員に手術を任せるなんて正気か⁉」日本の病院で嘲笑された老人──しかしその正体に医師全員が凍りついた…,2679,,,0,db_thumbnail_url: HTTPError
pMbEem9jSAY,人生ドラマ館,「名札、付けてあげようか？」亡き姉夫婦の娘の入学式に出席したギャル。泣き出した姪に声をかけたのは、会社で「感情のない機械」と呼ばれる冷徹な上司で…,2679,,,0,db_thumbnail_url: HTTPError
yIjXqI6PSKU,人生色々TV,商店街で倒れたお婆ちゃんを助けた就活生…大企業の面接に遅刻した結果まさかの事態に…,2677,,,0,db_thumbnail_url: HTTPError
1iTLOuZx_Co,【スカッと朗読】シニアドラマ館,「さっさと遺産持って来い！」と叫んだ夫。笑いながら告げた“真実”に凍りつく一家。,2671,existing,E:\Data\ObsidianVault\02_Channels\シニア朗読\競合リサーチ\サムネ企画検索ポータル_20260605\thumbnail_assets\1iTLOuZx_Co.jpg,182923,
Odl3FdntdnM,人生ドラマ館,「なんでお前が？」俺の妹の病室に現れた校内一最恐の金髪ヤンキー　彼が握りしめていたのは、３年前亡くなった兄妹の母の形見だった…,2670,,,0,db_thumbnail_url: HTTPError
ZC7WpM2BtJw,人生スカッと物語,「お荷物w」と嘲笑された定年社員のお婆さん。退職日、全社員が地獄を見る…,2666,,,0,db_thumbnail_url: HTTPError
YBqL8ZHB5I4,人生逆転ストーリー,「いいから食いな」雨の夜、ずぶ濡れの貧しい母娘にラーメンを出した店主──十年後、その言葉が奇跡を呼び起こす──,2665,,,0,db_thumbnail_url: HTTPError
25OXIIBd730,人生の輝き,同窓会で社長から「社会のお荷物w」とビールをかけられたボロボロな作業服の男性。「荷物は全て停止で！」直後、社長の顔色がみるみる青ざめて…,2663,,,0,db_thumbnail_url: HTTPError
xFSP7B9IfL4,人生の輝き,ATMに毎日通い続ける老人をたらい回しにする銀行員。ある日、銀行から40億円が引き出されていた…,2653,,,0,db_thumbnail_url: HTTPError
EIhKlOjeBL0,愛しき人の人生日記,所持金10円の少女にケーキをあげたバイト店員がクビに　後日、店の前に黒塗りの高級車が現れ店長は驚愕し…,2650,,,0,db_thumbnail_url: HTTPError
lLI2Q-Tw_eU,【スカッと朗読】シニアドラマ館,嫁家族だけで孫を囲み、母を排除した息子夫婦。帰宅して見たのは“更地”だった…,2645,existing,E:\Data\ObsidianVault\02_Channels\シニア朗読\競合リサーチ\サムネ企画検索ポータル_20260605\thumbnail_assets\lLI2Q-Tw_eU.jpg,181979,
deFtiFdNnTE,人生逆転ドラマシアター,「下請けが口を出すな！」と怒鳴られた作業服のお爺さん──会議中、流暢なフランス語を話し出した瞬間、役員全員が凍りついた,2634,,,0,db_thumbnail_url: HTTPError
29fgxEwm8Wc,面白きかな人生,「中卒は黙ってな」と父親を追放した年収2000万の娘夫婦。半年後、国賓級の警護と共に帰った来た父を見て…【面白きかな人生】,2629,,,0,db_thumbnail_url: HTTPError
Xpwa5wKkIjQ,面白きかな人生,全財産3万円の老婆が夫の形見の時計を二束三文で売却するが店員に大声で嘲笑された…翌朝、国籍不明の大富豪団が現れ店員蒼白！【面白きかな人生】,2627,,,0,db_thumbnail_url: HTTPError
572wmmIqZSY,人生逆転ストーリー,「70年式のヴィンテージ車だぞ？直せるものなら直してみろ！」嘲笑うアメリカ人学生──だが日本人青年の“15分の奇跡”に全員が凍りつく！,2622,,,0,db_thumbnail_url: HTTPError
lQapNAaMEaQ,心に響く人生ドラマ日誌,天才プログラマーと知らず見下された新人女性。しかしサイバー攻撃が発生し、彼女がPCを触った3秒後…！,2619,existing,E:\Data\ObsidianVault\02_Channels\シニア朗読\競合リサーチ\サムネ企画検索ポータル_20260605\thumbnail_assets\lQapNAaMEaQ.jpg,181895,
OamijAOl1Us,面白きかな人生,「裏方のくせに勘違いしないで」一緒に起業した親友に「あんたはクビよ」と切り捨てられた女性、翌日、会社に大量の電話が…【面白きかな人生】,2614,existing,E:\Data\ObsidianVault\02_Channels\シニア朗読\競合リサーチ\サムネ企画検索ポータル_20260605\thumbnail_assets\OamijAOl1Us.jpg,245200,
Zsq3mzdNBDk,人生ドラマ館,「誰にも言うなよ？」クラス全員が恐れるヤンキー、修学旅行で陰キャの女子高生と一緒に観光した結果…,2613,,,0,db_thumbnail_url: HTTPError
UpRCujmbo_I,潮見組　人情列伝,「いざと言うときここに電話しな」亡き母の置き手紙に書かれた一言。倒産寸前の町工場に30台もの高級車が現れ…【感動する話】,2613,existing,E:\Data\ObsidianVault\02_Channels\シニア朗読\競合リサーチ\サムネ企画検索ポータル_20260605\thumbnail_assets\UpRCujmbo_I.jpg,312572,
P2-xCwFq60U,人生の輝き,貧乏人と侮辱され工場で清掃員として働く女性。しかし、彼女の物語は20年前から始まっていた…,2605,,,0,db_thumbnail_url: HTTPError
KATNmmvSTxI,【スカッと朗読】シニアドラマ館,【スカッと】母さんは来ないで」入園式で締め出された私が半年後、息子夫婦に下した“最後の決断”,2596,existing,E:\Data\ObsidianVault\02_Channels\シニア朗読\競合リサーチ\サムネ企画検索ポータル_20260605\thumbnail_assets\KATNmmvSTxI.jpg,198663,
FOOYVxn7DUQ,面白きかな人生,「昔から要領悪かったよねｗ」新年会50人ドタキャンされた人気レストランの女店主→その犯人が判明した瞬間、すべてが凍りついた【面白きかな人生】,2593,existing,E:\Data\ObsidianVault\02_Channels\シニア朗読\競合リサーチ\サムネ企画検索ポータル_20260605\thumbnail_assets\FOOYVxn7DUQ.jpg,238298,
j3CFJaASIIY,心に響く人生ドラマ日誌,山奥でお婆さんのボロ車を修理した16歳の整備士。翌日、お店に黒塗りの高級車が続々と集まり…,2589,,,0,db_thumbnail_url: HTTPError
-af3wAm4GHw,人生色々TV,エリート・臭い老婆・貧乏女と見知らぬ三人が隣同士に…偶然にも面接会場で再会すると足が震え脂汗を流したのは・・・,2587,,,0,db_thumbnail_url: HTTPError
n0GY4NEqBu8,潮見組　人情列伝,深夜のコンビニで空腹のボロボロ少女にカップ麺奢るヤクザ。直後、ヤクザの刺青を見た少女が「ママとお揃いだね」→実は【感動する話】,2582,existing,E:\Data\ObsidianVault\02_Channels\シニア朗読\競合リサーチ\サムネ企画検索ポータル_20260605\thumbnail_assets\n0GY4NEqBu8.jpg,235929,
TiJfqrgjN7Y,人生の輝き,「格に合わない客」と五つ星ホテルで追い返された老夫婦。「では営業停止で」翌日、総支配人が顔面蒼白になった理由とは…,2581,,,0,db_thumbnail_url: HTTPError
ddEBAJUBgMs,【スカッと朗読】シニアドラマ館,【スカッと】3日かけたおせちを「カップ麺ないか？」と否定された48年、正月をやめた私【シニアライフ】【60代以上の方へ】,2568,existing,E:\Data\ObsidianVault\02_Channels\シニア朗読\競合リサーチ\サムネ企画検索ポータル_20260605\thumbnail_assets\ddEBAJUBgMs.jpg,157129,
qSsXHbwAitE,人生逆転ストーリー,「場違いですね。本当に予約しました？」高級旅館を見た目で追い返されたおばあさん──翌日、その正体を知り支配人が土下座！,2567,,,0,db_thumbnail_url: HTTPError
_X-V3oCDBUI,人生の光と影 朗読館,夜勤中、老人を救った非正規の看護助手。医療ミスの濡れ衣で解雇…数日後、病院が静まり返る,2560,,,0,db_thumbnail_url: HTTPError
JN996pycEbM,人生スカッと物語,財布を忘れたお婆さんにバス代230円を払った貧乏女子高生。数日後、学校の前に黒塗りの高級車が現れ...,2554,,,0,db_thumbnail_url: HTTPError
f3DblH1blmU,人生逆転ストーリー,定年後も黙々と現場を支えた男──彼が去った瞬間、全ての歯車が狂い始めた。“老人は役立たず”と笑った若者が見た、衝撃の結末とは？,2550,,,0,db_thumbnail_url: HTTPError
K5dG3O6DJ9w,人生のヒカリ,「もう限界だ！誰か助けて！」山奥で倒産寸前の弁当屋を営む老夫婦。その時、貧乏は小学5年生が現れ奇跡を起こす,2540,existing,E:\Data\ObsidianVault\02_Channels\シニア朗読\競合リサーチ\サムネ企画検索ポータル_20260605\thumbnail_assets\K5dG3O6DJ9w.jpg,167175,
n-gHs0W71M0,愛しき人の人生日記,全焼寸前の家から少年を救い出した派遣OL。「使えん無能はクビ」重要な上場企業との商談に遅れた結果・・・,2539,,,0,db_thumbnail_url: HTTPError
624SIlxp98U,人生逆転ドラマシアター,孫を侮辱した”幹部たちに訪れた報い―祖父の逆転劇,2535,,,0,db_thumbnail_url: HTTPError
SsT-iku8VN0,人生スカッと物語,5000円を下ろしに来て嘲笑されたお婆さん。1兆円動かした瞬間、銀行中が凍りついた…,2532,existing,E:\Data\ObsidianVault\02_Channels\シニア朗読\競合リサーチ\サムネ企画検索ポータル_20260605\thumbnail_assets\SsT-iku8VN0.jpg,247139,
wc6IXf_wq8E,潮見組　人情列伝,同窓会に行った妻が外資勤めの同級生に辱め受け30分で帰宅「貧乏人は帰れって…」激怒したヤクザ若頭の俺「野郎ども、行くぞ」【感動する話】,2530,existing,E:\Data\ObsidianVault\02_Channels\シニア朗読\競合リサーチ\サムネ企画検索ポータル_20260605\thumbnail_assets\wc6IXf_wq8E.jpg,268421,
oOAqpaLpKf4,人生のギフト,「掃除でも何でもします」所持金50円のボロ服の親子に焼肉をご馳走した店主ー10年後、信じられない展開に…【感動する話】,2527,existing,E:\Data\ObsidianVault\02_Channels\シニア朗読\競合リサーチ\サムネ企画検索ポータル_20260605\thumbnail_assets\oOAqpaLpKf4.jpg,259196,
IbB4oSxbA8Q,愛しき人の人生日記,障害を持つ娘に暴言を吐かれた…次の瞬間、バスの運転手が「降りてください」「は？」,2517,,,0,db_thumbnail_url: HTTPError
Wgwh72Ylm6Q,【スカッと朗読】シニアドラマ館,【スカッと】「800万円援助して建てた家が…SNSで“衝撃の真実”を知りました」実母が選んだ最後の決断【シニアライフ】【60代以上の方へ】,2514,existing,E:\Data\ObsidianVault\02_Channels\シニア朗読\競合リサーチ\サムネ企画検索ポータル_20260605\thumbnail_assets\Wgwh72Ylm6Q.jpg,179895,
TJQh0tnhvzE,人生スカッと物語,川に落ちた猫を助け、一流企業の面談に遅刻し不採用になったシングルマザー。しかし翌日、意外な人物から突然の電話が…,2513,,,0,db_thumbnail_url: HTTPError
v9ytlC3B9fs,人生の輝き,「動きが遅い老害」と罵られたコンビニ店員の高齢男性が、店内で事件を起こし逃走した客をレシート１枚で捕まえた…,2511,,,0,db_thumbnail_url: HTTPError
9bGCa5wxe6M,人生の輝き,面接会場のエレベーター前で困っている車イスのお爺さんを助けた就活生。だが翌日、彼女は最終面接を白紙にされ、呼び出された場所を聞いた瞬間…,2509,,,0,db_thumbnail_url: HTTPError
gIrzOuH4Wzs,人生逆転ドラマch,若い女性に乗り換えたくて離婚を迫られる私。「全然オッケー」とあっさり承諾した結果…,2507,existing,E:\Data\ObsidianVault\02_Channels\シニア朗読\競合リサーチ\サムネ企画検索ポータル_20260605\thumbnail_assets\gIrzOuH4Wzs.jpg,82226,
NwrycfXBU1A,面白きかな人生,「ほら、貧乏人にエサよｗ」と同窓会で見下された女性→次の瞬間、中学で受けた仮りが動く！30億契約の相手の正体にDQN女崩れ落ち【面白きかな人生】,2502,existing,E:\Data\ObsidianVault\02_Channels\シニア朗読\競合リサーチ\サムネ企画検索ポータル_20260605\thumbnail_assets\NwrycfXBU1A.jpg,226023,
hTlboPbEqwU,人生はバラ色,「貧乏人が来るところじゃないw」高級寿司屋で侮辱された老夫婦  「この店、潰そう」翌日、電話が鳴り止まず…,2502,existing,E:\Data\ObsidianVault\02_Channels\シニア朗読\競合リサーチ\サムネ企画検索ポータル_20260605\thumbnail_assets\hTlboPbEqwU.jpg,162110,
KBN3xPqWO5M,人生ドラマ館,「その格好で融資？w」銀行でゲラゲラ笑われたギャルと老人　3日後、専務の一言で銀行員全員が凍りつく…,2501,,,0,db_thumbnail_url: HTTPError
Kb6_v33sb0k,人生スカッと物語,用水路に転落したお婆さんを助けた貧乏就活女子「ヒーロー気取りか？」老舗旅館の最終面接で面接官から不採用にされた数日後、一本の電話が彼女の運命を変える…,2496,,,0,db_thumbnail_url: HTTPError
Rdx_LZz6DCg,人生ドラマ館,「邪魔だからどけ」初詣で女子高生を見下した酔っぱらいの男たち。その直後、神社前に黒塗りの高級車が並び、男たちが凍りつく…,2494,,,0,db_thumbnail_url: HTTPError
nSpzkYyUY3E,人生の輝き,「覚悟しなさい」汚い婆さんと侮辱されてきた清掃員の老婆が300人の黒服を連れて支店長の元に現れると…,2490,,,0,db_thumbnail_url: HTTPError
WN2HiargKlU,人生はバラ色,「こんなガキがエンジニア？w帰れよ」 会社の全システムを1人で支えてた19歳の天才派遣をバカにしてクビに →翌日、全システムダウンで8000億の損害が発生 書き出し,2488,existing,E:\Data\ObsidianVault\02_Channels\シニア朗読\競合リサーチ\サムネ企画検索ポータル_20260605\thumbnail_assets\WN2HiargKlU.jpg,230681,
Pczbv4NkE2g,人生はバラ色,「お前見た目だけで中身全然ないなw」若手女性社員を侮辱したセクハラ上司、「実はわたし…」その正体を知った途端、上司が膝から崩れ落ちた……,2487,existing,E:\Data\ObsidianVault\02_Channels\シニア朗読\競合リサーチ\サムネ企画検索ポータル_20260605\thumbnail_assets\Pczbv4NkE2g.jpg,191420,
FsVQ5fG7LSA,感動スカっと人生録,「スペイン語で何か言ってみる？」取引先社長の前で笑われた派遣社員——口を開いた瞬間、会議室の全員が息をのんだ,2484,existing,E:\Data\ObsidianVault\02_Channels\シニア朗読\競合リサーチ\サムネ企画検索ポータル_20260605\thumbnail_assets\FsVQ5fG7LSA.jpg,213259,
TPBi39xcqsA,人生ドラマ館,父が無職だとバカにされた貧乏女子高生　修学旅行の朝、校門前に現れた執事にクラスが凍りつく…,2483,,,0,db_thumbnail_url: HTTPError
JaJk-g5aIBA,人生の光と影 朗読館,役所でバカにされる老人を咄嗟の嘘で庇った契約社員の女性。後日、クビになる寸前、大企業のCEOが現れ…,2471,,,0,db_thumbnail_url: HTTPError
sn9zmNtq0hA,潮見組　人情列伝,「うちはもう終わりだ…」100人の予約ドタキャンで絶望する旅館女将。「今から100人入れるか？」ヤクザ組員全員が集結し…【感動する話】,2465,existing,E:\Data\ObsidianVault\02_Channels\シニア朗読\競合リサーチ\サムネ企画検索ポータル_20260605\thumbnail_assets\sn9zmNtq0hA.jpg,244130,
dz5SlwzAXKU,人生の光と影 朗読館,罵倒される清掃員の老人を救った貧乏受付嬢。その夜、老人の正体が発覚し、ボスママの悪事が全て暴かれる…,2464,,,0,db_thumbnail_url: HTTPError
gJ3VPNovFdE,人生劇場放送局,【スカッと】同窓会で友達を見下した男は知らなかった。彼が大口取引先の社長だということを...。【シニア】,2459,existing,E:\Data\ObsidianVault\02_Channels\シニア朗読\競合リサーチ\サムネ企画検索ポータル_20260605\thumbnail_assets\gJ3VPNovFdE.jpg,139756,
9e0IdNxJFsQ,仁義と人生の部屋,「金が無いなら体で払え！」多額の借金が払えずチンピラに追い詰められる貧乏保育士。貧乏で給食がない園児に手作り弁当を渡すと、元ヤクザの祖父が現れて…【感動する話】,2453,,,0,db_thumbnail_url: HTTPError
Eh5YjVqj_Fw,人生の輝き,祖父の残した工場への融資を求めた中学生が銀行員に「ガキのクセに生意気だ！」と叩き出されたが、祖父の通帳を見せた瞬間、支店長が土下座した…,2453,,,0,db_thumbnail_url: HTTPError
zLkF1nNJwSg,人生の輝き,「こんな汚い通帳で」地方銀行でボロボロの通帳を嘲笑される農家夫婦。だが、彼らの通帳残高を見た支店長が震え声で一言呟いた…,2446,,,0,db_thumbnail_url: HTTPError
-W4904OmMn4,人生劇場放送局,【スカッと】「低学歴オヤジは帰れw」手柄を横取りした部長。俺「では、帰りますね」→直後、美人社長が背後に現れ…【シニア】,2441,existing,E:\Data\ObsidianVault\02_Channels\シニア朗読\競合リサーチ\サムネ企画検索ポータル_20260605\thumbnail_assets\-W4904OmMn4.jpg,151298,
YC5LPrp92TI,人生逆転ドラマシアター,【教訓】人を決めつけたときに見失うもの——50年ぶりの同窓会での気づき,2435,existing,E:\Data\ObsidianVault\02_Channels\シニア朗読\競合リサーチ\サムネ企画検索ポータル_20260605\thumbnail_assets\YC5LPrp92TI.jpg,282326,
i-zKjPrMYIc,人生逆転ストーリー,「アジア人お断り」パリの高級ブランド店で追い返された日本人おじいさん——翌日、店の前に黒塗りの高級車が…！？,2434,,,0,db_thumbnail_url: HTTPError
HNpsnTwle3M,人生ドラマ館,「10円でもいいんです」雪の駅で出会った貧乏少女の一言に、億万長者の父をもつボロ服ヤンキー少年は崩れ落ちた。,2434,,,0,db_thumbnail_url: HTTPError
NYFfqIbl-n4,人生色々TV,見知らぬ母子を助け車椅子生活となった会社員…３０年後、彼の前に一人の青年が現れると生活が一変した…,2431,,,0,db_thumbnail_url: HTTPError
yBxKy4NWX2g,面白きかな人生,「下請けごときの予約はキャンセルだ」二代目社長に暴言を吐かれ99人分がキャンセルに！翌朝、彼女が30億決裁権者と知り…【面白きかな人生】,2424,existing,E:\Data\ObsidianVault\02_Channels\シニア朗読\競合リサーチ\サムネ企画検索ポータル_20260605\thumbnail_assets\yBxKy4NWX2g.jpg,232098,
kthUSMp_1ks,愛しき人の人生日記,駅で倒れていた老人を助け不採用になった貧乏就活生。翌日､現れたスーツ男の一言に絶句する…,2419,,,0,db_thumbnail_url: HTTPError
VtTsXaszeQM,人生逆転ドラマシアター,【教訓】「1万円くらい預けろよ」——同窓会で老人を嘲笑した銀行役員が最後に気づいたこと,2415,existing,E:\Data\ObsidianVault\02_Channels\シニア朗読\競合リサーチ\サムネ企画検索ポータル_20260605\thumbnail_assets\VtTsXaszeQM.jpg,224315,
pK0oQ-PUl9w,面白きかな人生,「マグロをお前から買う理由はないw」10年取引の寿司屋に切られた卸業者→次の瞬間、「そのマグロ、うちの冷凍倉庫通さないと届きませんが？」【面白きかな人生】,2408,existing,E:\Data\ObsidianVault\02_Channels\シニア朗読\競合リサーチ\サムネ企画検索ポータル_20260605\thumbnail_assets\pK0oQ-PUl9w.jpg,237111,
_lx-fmUy634,人生の輝き,「50億返してみろw出来たら土下座してやるｗ」大手銀行の若手エリートに見下された80歳の下町工場社長「本当にいいんですね？」→5分で返済した結果…,2405,,,0,db_thumbnail_url: HTTPError
SXg14k9hvO8,静かなる英雄たち,「邪魔だ、どけ」高級イタリアンを追い出された皿洗いの老人。だが雇われた廃業寸前の山小屋で、「私が焼こう」生地を宙に舞わしてピザを振る舞うと、全員が息を呑んだ——。,2402,existing,E:\Data\ObsidianVault\02_Channels\シニア朗読\競合リサーチ\サムネ企画検索ポータル_20260605\thumbnail_assets\SXg14k9hvO8.jpg,163410,
Ga4Squ0r5dE,人生スカッと物語,「中卒はボーナス無しね」社長の息子が定年社員を嘲笑 → 「退職します」翌日、会社の売上の9割が消えた…,2400,existing,E:\Data\ObsidianVault\02_Channels\シニア朗読\競合リサーチ\サムネ企画検索ポータル_20260605\thumbnail_assets\Ga4Squ0r5dE.jpg,205898,
cZKgiQ1TGGc,人生ドラマ館,「相変わらず地味w」成人式で私を見下した、元いじめっ子→市長「あなたの父の会社潰します」いじめっ子「え？…」,2399,,,0,db_thumbnail_url: HTTPError
wPqT9j4MiUU,人生の輝き,混雑した電車で妊婦に席を譲り、会議に遅れた男性。重要なプレゼンに遅れて契約を失い絶望する彼の元に、プレゼン相手の社長が現れて…,2398,,,0,db_thumbnail_url: HTTPError
yVSV3ADRiFE,愛しき人の人生日記,歩道橋で倒れていたずぶ濡れのお婆さんを助けた貧乏女子高生。翌日､ボロアパートに黒塗りの高級車が現れ…,2393,,,0,db_thumbnail_url: HTTPError
jsJLStg7LMc,人生ドラマ座,親の顔が見てみたいわw｣授業参観でゲラゲラ笑う保護者たち。母｢では、お見せします｣保護者｢え...？｣,2391,existing,E:\Data\ObsidianVault\02_Channels\シニア朗読\競合リサーチ\サムネ企画検索ポータル_20260605\thumbnail_assets\jsJLStg7LMc.jpg,192646,
peOaDz1ipvI,人生逆転ストーリー,地元のエリート商社勤めの同級生「契約は嘘wドッキリ大成功〜w」→兄が取引先会長で“全契約停止宣告”し顔面蒼白！,2374,,,0,db_thumbnail_url: HTTPError
W-rxFdQyMFE,人生色々TV,障害を持つ息子に暴言を吐かれた…次の瞬間、大将が「お引き取り下さい」「はっ？何で(怒)」一体何が起きた・・・,2373,,,0,db_thumbnail_url: HTTPError
Cb8Xk5DtGZI,人生の輝き,「ババアの分際で生意気な！」と研修医に侮辱された下町食堂のシングルマザーが倒れた老人を助けた翌日、店の前に黒塗りの高級車が現れて…,2371,,,0,db_thumbnail_url: HTTPError
pQhLdkvqrPA,潮見組　人情列伝,ヤクザの命を救った貧困に喘ぐ少女。翌日、家の前に30台の黒塗りの高級車が…【感動する話】,2362,existing,E:\Data\ObsidianVault\02_Channels\シニア朗読\競合リサーチ\サムネ企画検索ポータル_20260605\thumbnail_assets\pQhLdkvqrPA.jpg,288162,
9nPsmhYlG6w,人生の輝き,不良だった過去を同僚に陰口を叩かれる27歳の保育補助の女性。ある日、迷子の老人を警察まで付き添った翌日、保育園に異変が…,2346,,,0,db_thumbnail_url: HTTPError
IgVJ6iyeDgs,愛しき人の人生日記,「中卒がゴルフ？w」同級生を侮辱した社長夫人。翌日、夫の会社に取引停止の電話が鳴り止まず…,2346,,,0,db_thumbnail_url: HTTPError
qL2cQlTkl9E,人生の糸,廃業してホームレスになった62歳の元寿司屋店主が、公園で倒れそうになった老人に全財産153円でおにぎりを奢った→3日後、まさかの展開に…【感動する話】,2344,,,0,db_thumbnail_url: HTTPError
diw_W2B8YVk,人生は七色,あのまま終わると思っていた野球少年の運命は、たこ焼き屋亭主との出会いですべてが変わったのでした,2342,,,0,db_thumbnail_url: HTTPError
fLBbBXNslto,【スカッと朗読】シニアドラマ館,給料“半分”にする？――俺の答えは“倍返し”だった,2342,existing,E:\Data\ObsidianVault\02_Channels\シニア朗読\競合リサーチ\サムネ企画検索ポータル_20260605\thumbnail_assets\fLBbBXNslto.jpg,156542,
9wIzfjwLZYI,人生ドラマ座,「貧乏人は身の程知りなよw」私立小学校の受験説明会で私を追い出したボスママ。「私、あなたの旦那の上司よ」ボスママの末路が...,2333,existing,E:\Data\ObsidianVault\02_Channels\シニア朗読\競合リサーチ\サムネ企画検索ポータル_20260605\thumbnail_assets\9wIzfjwLZYI.jpg,208646,
3oWirwi2NGA,人生の温もり,「お爺ちゃん、バイオリンやめるよ」貧しい清掃員の祖父を思った10歳の孫娘→5年後、大舞台の上で彼女が最初に呼んだ名前に客席が涙した【感動する話】,2333,existing,E:\Data\ObsidianVault\02_Channels\シニア朗読\競合リサーチ\サムネ企画検索ポータル_20260605\thumbnail_assets\3oWirwi2NGA.jpg,267611,
m1YAp2qskJU,仁義と人生の部屋,不良少年に宝物を渡し助けを求める少女。3日後→少女の自宅に１０台の大型バイクが集結【感動する話】,2331,,,0,db_thumbnail_url: HTTPError
SNVdpTI958U,人生の輝き,「手作業なんて時代遅れ」と倒産寸前の町工場で若い社長に侮辱された老職人。翌朝、世界的企業の専務が工場を買収していた…,2330,,,0,db_thumbnail_url: HTTPError
V_x5_E4yhL0,人生逆転ドラマシアター,「口臭い」銀行員にわざと聞こえるような悪口で大勢の前で恥をかかされ、銀行に居れなくなったお婆さん。翌日、老紳士と来店すると銀行が大パニック,2329,,,0,db_thumbnail_url: HTTPError
iW7bGP3pG7E,人生ドラマ館,「結婚式に遅れる」車のタイヤがパンクしパニックの老人。「俺に見せて!」声をかけたのは金髪ヤンキーだった,2326,,,0,db_thumbnail_url: HTTPError
CUbknWZNNe0,愛しき人の人生日記,財布を忘れた少年に全財産を渡した貧乏女子高生。数日後、黒のリムジンが学校に現れて…,2324,,,0,db_thumbnail_url: HTTPError
cQ04VFCsJjA,人生色々TV,パチンコ屋店長に罵倒され続けた彼女は、まさかの人生となりました・・・,2321,,,0,db_thumbnail_url: HTTPError
03gvw36lduQ,人生ドラマTV,老人におにぎりをあげた病院の清掃員。翌日、クビを言い渡されたその理由に涙が止まらない,2317,existing,E:\Data\ObsidianVault\02_Channels\シニア朗読\競合リサーチ\サムネ企画検索ポータル_20260605\thumbnail_assets\03gvw36lduQ.jpg,220373,
JEMqaVLTHiU,人生の光と影 朗読館,児童に弁当を分けただけで「非常識」と責められ即日解雇された保育士。数日後、黒塗りの車から“あの人物”が降りてきて園が騒然とする…,2317,,,0,db_thumbnail_url: HTTPError
Ae2wXCgXcb8,人生ドラマ,山で青年を助けた資産家老婦人。60年前の恩がめぐり、家族が再び奇跡を起こす——神のめぐり合わせ。山で起きた大事件！毒ヘビに噛まれた青年を救え！ #film #感動の館 #雑学 #夕暮れドラマスカッ,2298,existing,E:\Data\ObsidianVault\02_Channels\シニア朗読\競合リサーチ\サムネ企画検索ポータル_20260605\thumbnail_assets\Ae2wXCgXcb8.jpg,94402,
isOqm7reep0,人生逆転ドラマch,所持金たった100円のボロボロ女子高生に破産寸前の店主が看板メニューをご馳走した結果。,2296,existing,E:\Data\ObsidianVault\02_Channels\シニア朗読\競合リサーチ\サムネ企画検索ポータル_20260605\thumbnail_assets\isOqm7reep0.jpg,137694,
EmFppiqj1eI,人生はバラ色,「使えないメスガキは帰れよｗ会社の恥だｗ」会議で23歳派遣OLを怒鳴った専務と役員5人呟いたった一言で、会議室全体が凍りついた,2296,existing,E:\Data\ObsidianVault\02_Channels\シニア朗読\競合リサーチ\サムネ企画検索ポータル_20260605\thumbnail_assets\EmFppiqj1eI.jpg,236234,
iXfYNWQlp78,人生スカッと物語,お婆さんを助けて3分遅刻し上司に罵倒された女性配達員。翌日、会社に黒塗りの高級車が現れて…,2294,,,0,db_thumbnail_url: HTTPError
-AaFel8ex_c,人生逆転ドラマch,｢お父さん犯罪者なの？w｣同級生に笑われる女子高生。半年後，学校中の全員が土下座する…,2293,existing,E:\Data\ObsidianVault\02_Channels\シニア朗読\競合リサーチ\サムネ企画検索ポータル_20260605\thumbnail_assets\-AaFel8ex_c.jpg,67274,
U-Zk6q8wfJA,人生逆転ストーリー,奢られる前提で高級寿司を食い散らかす同級生「会計よろしくねw」→私「え？今日は回転寿司に集まってるけど？」→真実を伝えた結果,2290,,,0,db_thumbnail_url: HTTPError
4H3ndqEo8UY,人生逆転ドラマch,9年間いじめられ続けてきたメガネ女子。あえていじめっ子たちと同じ高校に進学した結果…,2287,existing,E:\Data\ObsidianVault\02_Channels\シニア朗読\競合リサーチ\サムネ企画検索ポータル_20260605\thumbnail_assets\4H3ndqEo8UY.jpg,142404,
na13g-1_DJo,人生の輝き,「1億円おろす？ボケが始まったかw」銀行員たちに嘲笑され8時間放置された老婆。翌朝、銀行は大混乱に陥っていた…,2286,,,0,db_thumbnail_url: HTTPError
r4s9eWKYhrI,人生ドラマ,結婚50周年の記念日に財布を忘れた老夫婦――実は大企業の会長夫妻だった。閉店寸前のうどん屋で起きた、信じられない奇跡！,2273,existing,E:\Data\ObsidianVault\02_Channels\シニア朗読\競合リサーチ\サムネ企画検索ポータル_20260605\thumbnail_assets\r4s9eWKYhrI.jpg,68206,
JDo7hI7b3Gc,人生スカッと物語,不当解雇で職を失った派遣社員━駅でお婆さんを介抱した翌日、会社から呼び出され…,2257,,,0,db_thumbnail_url: HTTPError
mVJc6QabjyQ,人生逆転ドラマシアター,「金が欲しいなら証明してみろよ」未亡人の酒屋を嘲笑した男──常連の老人が静かに電話しただけで、店も信用も崩れ落ちた,2255,,,0,db_thumbnail_url: HTTPError
OSdGFUqftKA,感動スカっと人生録,「お父さんとは呼ばない」義父に言い続けた花嫁が披露宴で初めて言った一言――会場の全員が泣き崩れた,2247,,,0,db_thumbnail_url: HTTPError
eL1ciFrg_X8,人生の輝き,自動車工場で日本の品質をアメリカから来た技術者に侮辱される19歳のライン工。しかし、彼が作った日本製部品の精度を測った瞬間、アメリカ人技術者の顔色が…,2245,,,0,db_thumbnail_url: HTTPError
cl5O-kYGiiE,人生のギフト,「なんでもお手伝いします」空腹で震える両親を失った兄妹に、うどんを振る舞った店主 → 10年後、衝撃の展開に【感動する話】,2245,existing,E:\Data\ObsidianVault\02_Channels\シニア朗読\競合リサーチ\サムネ企画検索ポータル_20260605\thumbnail_assets\cl5O-kYGiiE.jpg,230757,
aaZg66NdbYI,【スカッと朗読】シニアドラマ館,【スカッと】孫のお宮参りで追い出された私たち夫婦。その後“絶縁＆全援助停止”で息子一家が崩壊するまで,2236,existing,E:\Data\ObsidianVault\02_Channels\シニア朗読\競合リサーチ\サムネ企画検索ポータル_20260605\thumbnail_assets\aaZg66NdbYI.jpg,171911,
zzroorlCygw,人生ドラマ座,「一般人は入れないから」地味な同級生を見下す芸能人の娘。翌日、番組スポンサー会議で彼女が取締役席に座り、現場騒然,2229,existing,E:\Data\ObsidianVault\02_Channels\シニア朗読\競合リサーチ\サムネ企画検索ポータル_20260605\thumbnail_assets\zzroorlCygw.jpg,151083,
ZmKvBRJqoHg,涙のひととき,【感動する話】廃業寸前の豆腐屋に片腕の高校中退の女の子が来店「日給100円で働かせてください」67歳店主「正社員として月給15万円で雇う」→1ヶ月後、まさかの展開に…,2221,existing,E:\Data\ObsidianVault\02_Channels\シニア朗読\競合リサーチ\サムネ企画検索ポータル_20260605\thumbnail_assets\ZmKvBRJqoHg.jpg,241180,
8Te2qog3bng,人生はバラ色,「私の旦那はエリート幹部よ！悔しかったらやり返しなさいw」ボロボロ服の新ママのイカスミパスタを被せ嘲笑うママ友→「では、遠慮なく」ボスママの顔面が蒼白に…,2218,existing,E:\Data\ObsidianVault\02_Channels\シニア朗読\競合リサーチ\サムネ企画検索ポータル_20260605\thumbnail_assets\8Te2qog3bng.jpg,228468,
GqwDtdEa1g4,人生逆転ドラマシアター,【教訓】銀行で笑われた一人の老人が静かに示した「本当の価値」,2216,existing,E:\Data\ObsidianVault\02_Channels\シニア朗読\競合リサーチ\サムネ企画検索ポータル_20260605\thumbnail_assets\GqwDtdEa1g4.jpg,269981,
8zJZyv4TRcY,【スカッと朗読】シニアドラマ館,孫の結婚式で『帰って』と言われた私が、その場で全員を失職させた理由,2209,existing,E:\Data\ObsidianVault\02_Channels\シニア朗読\競合リサーチ\サムネ企画検索ポータル_20260605\thumbnail_assets\8zJZyv4TRcY.jpg,163925,
9QoVL7JaQvA,【スカッと朗読】シニアドラマ館,【スカッと】「結婚式当日、息子は“嫁の家族と海外旅行”へ。私だけ外された理由」【シニアライフ】【60代以上の方へ】,2206,existing,E:\Data\ObsidianVault\02_Channels\シニア朗読\競合リサーチ\サムネ企画検索ポータル_20260605\thumbnail_assets\9QoVL7JaQvA.jpg,209958,
KdQXTzbckis,【スカッと朗読】シニアドラマ館,【スカッと】「同居のご協力」に凍りついた日。1600万円援助した母に返ってきた残酷な裏切り【シニアライフ】【60代以上の方へ】,2195,existing,E:\Data\ObsidianVault\02_Channels\シニア朗読\競合リサーチ\サムネ企画検索ポータル_20260605\thumbnail_assets\KdQXTzbckis.jpg,170292,
QZenekERHwQ,人生逆転ストーリー,「地味女。場違いよ！」とファーストクラスを追い出された日本人女性→数時間後、たった一本の電話で航空会社が歴史的崩壊へ…！,2189,,,0,db_thumbnail_url: HTTPError
HIQzU9Bo288,面白きかな人生,「会計は30万だ！払えねぇなら警察呼ぶぞ！」ぼったくりバーでハメられた70歳老人。「どうぞ呼んで」と答えた次の瞬間！【面白きかな人生】,2188,,,0,db_thumbnail_url: HTTPError
gRDLp5OMQJQ,人生逆転ストーリー,亡き妻との思い出を磨き続けた清掃員のおじいさん──無実の罪で職場を追い出された翌日、“黒塗りの車”が現れ…,2186,,,0,db_thumbnail_url: HTTPError
f2uGe45I9Y8,人生の光と影 朗読館,川に落ちた少年を助けた、貧乏就活生。翌日、最終面接に遅刻してしまった会社の社長から電話がかかってきて…,2183,,,0,db_thumbnail_url: HTTPError
peykV0VCoeA,人生の光と影 朗読館,火事から隣人を救出し大学推薦面接に遅刻した女子大生。「もう帰れ」と言われた翌日、校長室に呼ばれた理由,2181,existing,E:\Data\ObsidianVault\02_Channels\シニア朗読\競合リサーチ\サムネ企画検索ポータル_20260605\thumbnail_assets\peykV0VCoeA.jpg,204122,
Xbk76v38kt4,【スカッと朗読】シニアドラマ館,【スカッと】正月に息子が私の家だけ避けた理由。怒っていた母が最後に知った真実【シニアライフ】【60代以上の方へ】,2168,existing,E:\Data\ObsidianVault\02_Channels\シニア朗読\競合リサーチ\サムネ企画検索ポータル_20260605\thumbnail_assets\Xbk76v38kt4.jpg,181935,
21GguF4EiMc,【スカッと朗読】シニアドラマ館,【スカッと】貧乏人呼ばわりされた私が実は大企業の社長だった日 銀行での大逆転劇,2166,existing,E:\Data\ObsidianVault\02_Channels\シニア朗読\競合リサーチ\サムネ企画検索ポータル_20260605\thumbnail_assets\21GguF4EiMc.jpg,174562,
HeqPaA-GinU,面白きかな人生,「地味女に会社は回せないでしょｗ」美人エリート社員が一斉退職→「どーぞどーぞ」30歳女社長が100憶の契約を動かした結果…【面白きかな人生】,2165,existing,E:\Data\ObsidianVault\02_Channels\シニア朗読\競合リサーチ\サムネ企画検索ポータル_20260605\thumbnail_assets\HeqPaA-GinU.jpg,271757,
xuP_fJQ6nx4,人生逆転ドラマシアター,「聞き分けのない老人は帰れ」理不尽銀行員と揉み合いになり転倒させられたお爺さん。翌日、銀行の大口顧客が一斉解約！たった1日で5000億が引き出され、破綻寸前,2162,,,0,db_thumbnail_url: HTTPError
HXnbgC5BUVA,愛しき人の人生日記,"全財産3,000円を使って事故で怪我したおばあさんを助けた母子家庭の貧乏女子高生。数日後、家の前に現れた人物に驚愕する…",2158,,,0,db_thumbnail_url: HTTPError
klIsIOgpgsw,人生の輝き,「子供は黙ってろ！」と罵倒された高校生が、たった一通のメールで世界的IT企業の役員会を震撼させた…,2157,,,0,db_thumbnail_url: HTTPError
Ti7DNnUaj1I,人生の温もり,「絶対に忘れるな」認知症の父が娘を忘れた日→それでも毎朝絵を貼り続けた13歳→ある日冷蔵庫の前で涙の再会【感動する話】,2156,,,0,db_thumbnail_url: HTTPError
yIR8vtgJR5c,人生ドラマTV,そば屋を営む息子の婚約者、未婚の母を試すため、ホームレス姿で行った会長は、逆に彼女に試された結果...会長は土下座、追い出された。,2155,existing,E:\Data\ObsidianVault\02_Channels\シニア朗読\競合リサーチ\サムネ企画検索ポータル_20260605\thumbnail_assets\yIR8vtgJR5c.jpg,244200,
l75chdsCfdg,【スカッと朗読】シニアドラマ館,【スカッと】嫁「家賃払えないなら帰れ！」息子夫婦に追い出された60代母…最後に笑ったのは私だった,2154,existing,E:\Data\ObsidianVault\02_Channels\シニア朗読\競合リサーチ\サムネ企画検索ポータル_20260605\thumbnail_assets\l75chdsCfdg.jpg,174551,
jnRpaiQWDP0,【スカッと朗読】シニアドラマ館,義母「この家はようすけのものよ！」→ 登記簿を見た瞬間、義母が崩れ落ちた日。,2154,existing,E:\Data\ObsidianVault\02_Channels\シニア朗読\競合リサーチ\サムネ企画検索ポータル_20260605\thumbnail_assets\jnRpaiQWDP0.jpg,161687,
hj2NrZVxqDg,人生逆転ドラマch,「ヤクザの妻よ？私には逆らえないでしょw」タワマンパーティーでワインをぶっかけられた私「確かめてみる？」主犯の女「え？」,2142,existing,E:\Data\ObsidianVault\02_Channels\シニア朗読\競合リサーチ\サムネ企画検索ポータル_20260605\thumbnail_assets\hj2NrZVxqDg.jpg,175206,
B7yemgvyft0,人生の輝き,「つまみ出せ！」ボロボロの服で来店した老人を追い出す銀行員。翌朝、黒塗り高級車が次々現れ支店長は顔面蒼白に…,2141,,,0,db_thumbnail_url: HTTPError
woabrjM1w4w,【スカッと朗読】シニアドラマ館,【スカッと】誕生日LINEが「気持ちだけ」の理不尽。見下された母の資産3億ギャップが生んだ衝撃の逆転【シニアライフ】【60代以上の方へ】,2135,existing,E:\Data\ObsidianVault\02_Channels\シニア朗読\競合リサーチ\サムネ企画検索ポータル_20260605\thumbnail_assets\woabrjM1w4w.jpg,166486,
hhJS3NQZwC4,潮見組　人情列伝,財閥家の社長息子は毎回赤点で学年ビリ。そんな素行不良の息子にホームレスのヤクザが勉強を教えた結果、人生が激変することに…【感動する話】,2126,existing,E:\Data\ObsidianVault\02_Channels\シニア朗読\競合リサーチ\サムネ企画検索ポータル_20260605\thumbnail_assets\hhJS3NQZwC4.jpg,311706,
0xjn-HDbhrs,人生スカッと物語,心肺停止の老婆を助けて最終面接に遅刻した貧乏就活生―不採用通知の後、会社に黒塗りの高級車が現れて・・・,2125,,,0,db_thumbnail_url: HTTPError
x1ZdzC5fKbk,人生はバラ色,「身分に合ってないw』高級寿司屋で若い女性銀行員に侮辱されたお爺さん 翌日、銀行に黒服100人連れて現れて、支店長が顔面蒼白に,2124,existing,E:\Data\ObsidianVault\02_Channels\シニア朗読\競合リサーチ\サムネ企画検索ポータル_20260605\thumbnail_assets\x1ZdzC5fKbk.jpg,169488,
InF9ai_go_E,人生ドラマ館,「父子家庭かわいそうw」正月の親戚集まりで見下されたシングルファザー　30分後、ある一本の電話で親戚たちが青ざめる…,2112,,,0,db_thumbnail_url: HTTPError
n9wqm-CSj1c,人生の輝き,同窓会で同級生の成功組に馬鹿にされるタクシー運転手。だが、中東でのビジネス交渉の話題になると、普段ハンドルを握るだけの彼が突然アラビア語を話し出し…,2111,,,0,db_thumbnail_url: HTTPError
HBIHyQ-d208,人生は宝物,借金800万円の閉店寸前のラーメン屋に今にも倒れそうな母娘が来店→37歳店主が大盛りラーメンをご馳走した結果…【感動する話】,2109,,,0,db_thumbnail_url: HTTPError
IIMJjiM-jlk,人生スカッと物語,1億円を下ろしに来て銀行員に嘲笑されたお婆さんが１兆円を引き出した瞬間、支店長の膝がガクガク崩れ落ち…,2107,,,0,db_thumbnail_url: HTTPError
VtM9sJzUDSM,人生逆転ストーリー,「皿洗いは黙ってろ！」60代の日本人女性を嘲笑うフランス人シェフ。だが誰も知らなかった。彼女が王族を救った伝説の料理人であることを…,2105,,,0,db_thumbnail_url: HTTPError
mQZp4OC3ieY,潮見組　人情列伝,極寒の夜にヤクザを救った廃業寸前の整備士。翌日、工場に10台もの黒塗りの高級車が現れ…【感動する話】,2102,existing,E:\Data\ObsidianVault\02_Channels\シニア朗読\競合リサーチ\サムネ企画検索ポータル_20260605\thumbnail_assets\mQZp4OC3ieY.jpg,242606,
c9B8mqSfqiU,人生の輝き,「小銭なんか迷惑よ」祖父のリハビリ費用を貯めた孫娘の小銭貯金を笑った銀行員。翌日、本部から監査が殺到…支店長「お前は一体何をした!?」,2101,,,0,db_thumbnail_url: HTTPError
t1T6ug_jCB4,愛しき人の人生日記,畑で倒れた老人を助け一流企業の最終面接に遅刻した貧乏就活生。「あなたに面接資格はない」と面接官に追い出された結果…,2098,,,0,db_thumbnail_url: HTTPError
KoOPp3UkllA,人生スカッと物語,ボロ服のホームレスに傘を差し出した貧乏就活生。翌日、“会社に現れた女”に会社中が凍りついた,2097,,,0,db_thumbnail_url: HTTPError
em6xWTPDK1g,人生スカッと物語,「中卒は留守番してろw」20億の商談当日、駅でエリート部長に置き去りにされた新人OL。2時間後、取引先社長「彼女が来ないなら契約は白紙だ」→「え？」,2091,existing,E:\Data\ObsidianVault\02_Channels\シニア朗読\競合リサーチ\サムネ企画検索ポータル_20260605\thumbnail_assets\em6xWTPDK1g.jpg,233376,
wivDkFsCOSs,人生の輝き,ひき逃げされた老婆を助けて大手企業の面接に遅刻した就活生。面接官に不採用を告げられるが、直後彼女が発した一言は「あなた、さっき車で…」,2091,,,0,db_thumbnail_url: HTTPError
DmgM90z14J8,人生はバラ色,「5兆円？クソガキが寝言ぬかすなｗ」 制服姿の女子中学生を追い出した銀行支店長 →翌日全額出金で本店まで連鎖崩壊,2090,existing,E:\Data\ObsidianVault\02_Channels\シニア朗読\競合リサーチ\サムネ企画検索ポータル_20260605\thumbnail_assets\DmgM90z14J8.jpg,257653,
-d6UqXN2BtQ,人生の輝き,ボロボロの作業着で一流レストランを門前払いされたお爺さん。だが、彼の一言でそのレストランのミシュランの星は剥奪された…,2082,,,0,db_thumbnail_url: HTTPError
XlpkOg04_UM,人生ドラマ館,「ママ…？」ギャル店主のうどん屋台に毎日通う8歳の少女→少女の祖父の大企業会長がギャルを見た瞬間、膝から崩れ落ちた…,2081,,,0,db_thumbnail_url: HTTPError
64N51VQfGRU,【スカッと朗読】シニアドラマ館,【スカッと】銀座の寿司店で“外の人扱い”された母が、5億円資産家と知った瞬間の末路【シニアライフ】【60代以上の方へ】,2076,existing,E:\Data\ObsidianVault\02_Channels\シニア朗読\競合リサーチ\サムネ企画検索ポータル_20260605\thumbnail_assets\64N51VQfGRU.jpg,150517,
qhIDdjzcdqk,人生スカッと物語,道端で倒れているお婆さんを助けた貧乏就活生。「遅刻する奴はクズ」一流企業の最終面接で面接官に罵倒されたが、翌日、お婆さんの正体が判明し…,2072,,,0,db_thumbnail_url: HTTPError
rVugFAb5VfE,人生はバラ色,「金のないジジイは帰れw」高級料亭で銀行員にバカにされたお爺さん。翌日、8000億円をライバル銀行に移した結果…,2069,existing,E:\Data\ObsidianVault\02_Channels\シニア朗読\競合リサーチ\サムネ企画検索ポータル_20260605\thumbnail_assets\rVugFAb5VfE.jpg,193966,
nQc_gWdEjGY,面白きかな人生,「貧乏が伝染るから近寄らないでくださる？」娘の前で言われたひと言に父が黙った瞬間、教室後方の白髪の男が電話一本。翌朝、PTA執行部が総入れ替えになった理由【面白きかな人生】,2066,existing,E:\Data\ObsidianVault\02_Channels\シニア朗読\競合リサーチ\サムネ企画検索ポータル_20260605\thumbnail_assets\nQc_gWdEjGY.jpg,234908,
JSTMHBmZY-o,愛しき人の人生日記,「嫌なら辞めろ」雪の中で迷子の子供を警察に届けた配送ドライバーを即日解雇した所長　後日、黒塗りの車が現れて...,2059,,,0,db_thumbnail_url: HTTPError
g83RZRFg7uk,人生のギフト,「おにいちゃん、これならまた明日も食べられるね」パン屋のゴミ捨て場で、捨てられたパンの耳を分け合う兄弟 → 廃業寸前の店主が大盛ご飯をふるまった結果【感動する話】,2057,existing,E:\Data\ObsidianVault\02_Channels\シニア朗読\競合リサーチ\サムネ企画検索ポータル_20260605\thumbnail_assets\g83RZRFg7uk.jpg,251590,
ukETYEpTVgo,面白きかな人生,「ジジイに直せるわけねぇだろ！」航空ショーで緊急事態！笑われた町工場の老人が一夜で復活させた機体…助けた彼は元・戦闘機の神エンジニアだった【面白きかな人生】,2054,,,0,db_thumbnail_url: HTTPError
Y0iT9DkbMqw,人生スカッと物語,「ゴミ企業さんよ、今すぐ40億返してみろよw」銀行員に見下されたボロボロの清掃員のお婆さん。「わかりました。本当にいいんですね？」と即日返済され…,2053,,,0,db_thumbnail_url: HTTPError
D2IcMSzeK6A,感動スカっと人生録,遅刻で左遷されたOL。そこで「極秘テープ」見つけた数日後、女性CEOが現れて…,2049,,,0,db_thumbnail_url: HTTPError
QuqUqfBfHNE,人生逆転ドラマシアター,【教訓】何気ない言葉が生むもの——銀行で起きた出来事から学ぶ「人との向き合い方」,2048,existing,E:\Data\ObsidianVault\02_Channels\シニア朗読\競合リサーチ\サムネ企画検索ポータル_20260605\thumbnail_assets\QuqUqfBfHNE.jpg,292505,
dYnc9nWCqu0,愛しき人の人生日記,300円しかない老人に残金2000円の女性がラーメンをご馳走した結果、黒塗りの高級車が現れて…。,2047,,,0,db_thumbnail_url: HTTPError
Ud9rquwbA8g,人生ドラマ座,会社から不当解雇された派遣社員が川に転落した妊婦を助けた翌日、勤めていた会社が倒産していた…,2044,existing,E:\Data\ObsidianVault\02_Channels\シニア朗読\競合リサーチ\サムネ企画検索ポータル_20260605\thumbnail_assets\Ud9rquwbA8g.jpg,241431,
s_CcO6VhsIU,人生逆転ドラマシアター,屋台で老人に絡んだヤンキーたち──沈黙のあと、誰も動けなくなった,2040,,,0,db_thumbnail_url: HTTPError
KA067rd3mR4,人生色々TV,母は倒れ妹は事故に…家族を背負い過労で限界を迎えた深夜、１５の私に奇跡の手が差し伸べられた…,2025,,,0,db_thumbnail_url: HTTPError
4d0UEn-SdqY,人生はバラ色,「中卒のガキはトイレ掃除だけしとけｗ」２０歳女性新入社員を侮辱した東大卒人事部長→転職後、彼女の正体に部長が凍りついた・・・,2023,existing,E:\Data\ObsidianVault\02_Channels\シニア朗読\競合リサーチ\サムネ企画検索ポータル_20260605\thumbnail_assets\4d0UEn-SdqY.jpg,223891,
4B_HKBaL674,人生の輝き,「こんな些細な事で警察の手を煩わせるな」と若い警察官に怒鳴られる70代の老人の前に警察庁長官が現れると、全員が敬礼した…,2019,,,0,db_thumbnail_url: HTTPError
azPbLlEQ9Sg,人生スカッと物語,満員バスで倒れたおばあさんを助けて試験に遅刻した受験生　翌朝、校長室に呼ばれた理由とは…,2017,,,0,db_thumbnail_url: HTTPError
RIlnacPTLW0,人生の輝き,高齢のベテラン技術者に早期退職を迫る年下の上司。だが翌日、会社に現れた新社長の姿に彼が震え上がった理由とは…,2017,,,0,db_thumbnail_url: HTTPError
_Sa0W2DxIrk,人生の輝き,食品工場で突然倒れたお爺さんを救ったパート作業員の女性。翌朝、お爺さんが入院した病室を訪問した男に彼女は素性を見抜かれてしまい…,2013,,,0,db_thumbnail_url: HTTPError
tmtOu1mJNUQ,人生スカッと物語,「庶民はエレベーター禁止！」タワマンのボスママに見下された清掃員──彼女の正体を知った瞬間、地獄が始まる,2011,,,0,db_thumbnail_url: HTTPError
PgECAyGbxOc,感動スカっと人生録,子供の食費を犠牲にし、追い出された老人を庇ったシングルマザー-クビになった翌日の光景に絶句,2011,,,0,db_thumbnail_url: HTTPError
sW1NUdAgpfM,人生ドラマTV,嫁候補を試験しようと会長は浮浪者の格好で行った結果、支店長は彼女と会長に土下座した。,2010,existing,E:\Data\ObsidianVault\02_Channels\シニア朗読\競合リサーチ\サムネ企画検索ポータル_20260605\thumbnail_assets\sW1NUdAgpfM.jpg,233892,
PtQbHPXK6Lg,人生ドラマ座,「遅刻するヤツは社会のゴミ」一流企業の最終面接で人事部長に罵られた貧乏な私。後日、彼が採用の決定権を握る会長の前で顔面蒼白,1999,existing,E:\Data\ObsidianVault\02_Channels\シニア朗読\競合リサーチ\サムネ企画検索ポータル_20260605\thumbnail_assets\PtQbHPXK6Lg.jpg,151093,
pal2TM5ci-I,人生の輝き,「AIで全部自動化してやる！」と町工場の工場長を威圧的に攻めるIT企業の社長。だが翌日、業界紙の記者が現れてIT企業社長に告げた…,1996,,,0,db_thumbnail_url: HTTPError
ELWb0eO95PQ,お茶の間TV 〈スカッと感動〉,「残り物でよかったら...」赤字の定食屋が路上生活者に弁当を…翌週、大手IT企業から毎日200食の社員弁当契約が 【スカッとする話】,1994,existing,E:\Data\ObsidianVault\02_Channels\シニア朗読\競合リサーチ\サムネ企画検索ポータル_20260605\thumbnail_assets\ELWb0eO95PQ.jpg,154218,
hcVQQpdDE1U,人生逆転ドラマch,「クレカ止まってんだけど？」嫁が若い男と不倫旅行中に、俺「止めておいたから」嫁「えっ？」,1993,existing,E:\Data\ObsidianVault\02_Channels\シニア朗読\競合リサーチ\サムネ企画検索ポータル_20260605\thumbnail_assets\hcVQQpdDE1U.jpg,173174,
0XyzJWUz3Ho,人生の輝き,「小僧が偉そうに！プロを馬鹿にするな！」サイバー犯罪対策会議で激怒される高校生が、たった一行のコードだけで、世界的なハッカー集団を壊滅させた…,1988,,,0,db_thumbnail_url: HTTPError
_DV3-Iub5ec,愛しき人の人生日記,初出勤5分で解雇された新入社員。助けた老婆の正体は…⇒翌日、2兆円契約が破談に,1978,,,0,db_thumbnail_url: HTTPError
MRg4HiQDKGs,面白きかな人生,「ボロ居酒屋はキャンセルでｗ」同窓会50名分をドタキャンされた元同級生の店主、彼らは知らなかった、男が年商10億の社長だと【面白きかな人生】,1975,,,0,db_thumbnail_url: HTTPError
OJVRjn6yd3s,涙のひととき,【感動する話】義母の葬儀中に妻が突然「忘れ物したから家に帰りましょう」俺「葬儀中に何言ってるんだ？」俺の手を引っ張り強引に車に連れ込んだ。妻「気づかなかったの？」➡実は兄が…,1971,existing,E:\Data\ObsidianVault\02_Channels\シニア朗読\競合リサーチ\サムネ企画検索ポータル_20260605\thumbnail_assets\OJVRjn6yd3s.jpg,216472,
ND2h4oD2uNs,人生ドラマ座,「貧乏臭い服W」同窓会で外資系勤務の女に嘲笑われた同級生、翌日、彼女が現れた瞬間、昨日勝ち誇っていた外資系の女が「50億円」の言葉で顔面蒼白,1970,existing,E:\Data\ObsidianVault\02_Channels\シニア朗読\競合リサーチ\サムネ企画検索ポータル_20260605\thumbnail_assets\ND2h4oD2uNs.jpg,172253,
v5KH1kpfBaA,人生逆転ドラマシアター,【教訓】「他銀に変える？どうぞご勝手にw」融資を断られた老人。翌日、頭取「4兆円が消えた！」銀行が大パニック,1968,existing,E:\Data\ObsidianVault\02_Channels\シニア朗読\競合リサーチ\サムネ企画検索ポータル_20260605\thumbnail_assets\v5KH1kpfBaA.jpg,266285,
ZduiBQR7YQo,人生の光と影 朗読館,万引き少女をかばい、自腹で弁償したシングルマザー。翌日、店に現れた“ある人物”に店長が青ざめた…,1956,,,0,db_thumbnail_url: HTTPError
xxQYvSUgsGg,愛しき人の人生日記,誰も助けない老人を救ったヤンキー娘。老人の正体が実は超大物で彼女の人生が激変していく...,1954,,,0,db_thumbnail_url: HTTPError
qAxGNbU53Cg,面白きかな人生,「貧乏人が高級寿司とか無理すんなｗ」同級生に嘲笑された少女→翌日、寿司屋で遭遇して同級生の両親が「…あなたは、まさか…」【面白きかな人生】,1952,existing,E:\Data\ObsidianVault\02_Channels\シニア朗読\競合リサーチ\サムネ企画検索ポータル_20260605\thumbnail_assets\qAxGNbU53Cg.jpg,212981,
Ryz6N80i6-I,愛しき人の人生日記,「お元気で」上司のパワハラで退職する契約社員。彼女と仲の良かった清掃員のおばさんが本気を出す…,1949,,,0,db_thumbnail_url: HTTPError
rWkGgEwn-Bg,【スカッと朗読】シニアドラマ館,【スカッと】富士の樹海に捨てられた母が、すべてを取り戻すまでの静かな逆転劇【シニアライフ】【60代以上の方へ】,1947,existing,E:\Data\ObsidianVault\02_Channels\シニア朗読\競合リサーチ\サムネ企画検索ポータル_20260605\thumbnail_assets\rWkGgEwn-Bg.jpg,169455,
9uqcblgNa-Q,人生のギフト,「お父さん、迎えに来るよね？」真冬の夜のバス停で、置き去りにされた耳の聞こえない少女→廃業寸前の銭湯の店主が保護した結果【感動する話】,1942,existing,E:\Data\ObsidianVault\02_Channels\シニア朗読\競合リサーチ\サムネ企画検索ポータル_20260605\thumbnail_assets\9uqcblgNa-Q.jpg,271279,
L5VXrtQ0N1k,人生のギフト,「おじいちゃんの誕生日なんです」閉店間近のケーキ屋に現れたボロ服の少年→寝たきりの祖父の分だけケーキを買う姿に店主がホールケーキを渡した結果、10年後まさかの展開に…【感動する話】,1942,existing,E:\Data\ObsidianVault\02_Channels\シニア朗読\競合リサーチ\サムネ企画検索ポータル_20260605\thumbnail_assets\L5VXrtQ0N1k.jpg,250734,
wPjOvJeKJ_8,潮見組　人情列伝,極貧ヤクザが4日間何も食べていないホームレスに全財産3000円を渡した結果、後日予想だにしてなかった人生最大の報いを受ける結果に…【感動する話】,1935,existing,E:\Data\ObsidianVault\02_Channels\シニア朗読\競合リサーチ\サムネ企画検索ポータル_20260605\thumbnail_assets\wPjOvJeKJ_8.jpg,312867,
Rr1QD6jcTKs,人生の輝き,「お前といると飯がまずい。ここで食うな」社員食堂でエリート社員に見下された新入社員「…わかりました」翌日、彼女が昼食に弁当を持参した結果…,1931,,,0,db_thumbnail_url: HTTPError
2pE_ufx_qSA,お茶の間TV 〈スカッと感動〉,「お前はクビだ！」廃棄弁当をホームレスにあげた料亭のアルバイト店員は解雇された。しかし、彼のもとに黒塗りの高級車が現れて… 【スカッとする話】,1919,existing,E:\Data\ObsidianVault\02_Channels\シニア朗読\競合リサーチ\サムネ企画検索ポータル_20260605\thumbnail_assets\2pE_ufx_qSA.jpg,149019,
Qdo6kZJk21o,【スカッと朗読】シニアドラマ館,【スカッと】遺産9000万円は俺のものだと怒鳴った夫、遺言書を開いた瞬間に全員が笑った理由【シニアライフ】【60代以上の方へ】,1918,existing,E:\Data\ObsidianVault\02_Channels\シニア朗読\競合リサーチ\サムネ企画検索ポータル_20260605\thumbnail_assets\Qdo6kZJk21o.jpg,167663,
RUz8Dt0nchc,静かなる英雄たち,お金を落とした盲目のおじいさんに、7歳の少女だけが声をかけた。だがあのおじいさんの正体を知った時——全員が凍りついた。,1915,,,0,db_thumbnail_url: HTTPError
t35udJalWd0,人生の輝き,マンションの建設現場で、「休み時間はゲームばっかり」と同僚の作業員に馬鹿にされる建設作業員。しかし、彼のスマホに表示されていたのは…,1913,,,0,db_thumbnail_url: HTTPError
NfKIlWFBHx0,面白きかな人生,「こんなの私がやることじゃないわ！」「雑用ばっかり！」と会長に直談判したZ世代新人→お望みどおりの仕事を任せた結果【面白きかな人生】,1910,existing,E:\Data\ObsidianVault\02_Channels\シニア朗読\競合リサーチ\サムネ企画検索ポータル_20260605\thumbnail_assets\NfKIlWFBHx0.jpg,260410,
1XCt2JDiRGQ,人生色々TV,地上げ屋登場…「店が終わった」と諦めて明け渡そうとした次の瞬間、男らはカウンターを見て腰を抜かしました…,1908,,,0,db_thumbnail_url: HTTPError
sZQLrX78GYM,人生逆転ストーリー,「あんなじいさんが持ってるわけないだろ」高級寿司屋で銀行員に笑われた老人――翌日、法人口座100件・500億解約で支店が崩壊！,1907,,,0,db_thumbnail_url: HTTPError
KMdM00Zludk,人生はバラ色,「貧乏人にやるベッドはないw出ていけw」重病の母を追い出した理事長。「…わかりました」即日病院の株を買い占めた結果…,1904,existing,E:\Data\ObsidianVault\02_Channels\シニア朗読\競合リサーチ\サムネ企画検索ポータル_20260605\thumbnail_assets\KMdM00Zludk.jpg,222011,
fUSavldCOqU,【スカッと朗読】シニアドラマ館,【スカッと】「孫を無料で預かれ」3年ぶりに現れた息子夫婦の要求に母が下した決断【シニアライフ】【60代以上の方へ】,1895,existing,E:\Data\ObsidianVault\02_Channels\シニア朗読\競合リサーチ\サムネ企画検索ポータル_20260605\thumbnail_assets\fUSavldCOqU.jpg,170136,
uZTl6rWfBog,人生の温もり,パン屋の金を盗んだと疑われ町を去った女性→20年後、あの少年が戻ってきて明かした真実【感動する話】,1886,existing,E:\Data\ObsidianVault\02_Channels\シニア朗読\競合リサーチ\サムネ企画検索ポータル_20260605\thumbnail_assets\uZTl6rWfBog.jpg,245418,
ciQ05ChiJ6Y,人生のヒカリ,「おじさん、強いんだよね」ヤクザに助けを求め貯金を差し出す7歳少女→全組員が向かったら,1883,existing,E:\Data\ObsidianVault\02_Channels\シニア朗読\競合リサーチ\サムネ企画検索ポータル_20260605\thumbnail_assets\ciQ05ChiJ6Y.jpg,250440,
64UHqGvmuSg,人生の輝き,男性中心の宅配会社で働くシングルマザーの女性。ある豪雨の日、水没した道路で立ち往生している車椅子の老人を危険を顧みず助けた。翌日、いつもの配達先に荷物を届けると…,1881,,,0,db_thumbnail_url: HTTPError
syIEibWCjFw,人生逆転ドラマシアター,「盗む気？」と老人を追い出した店長と、唯一寄り添った新人。翌日、おじいさんの正体が判明し全てがひっくり返る…,1874,,,0,db_thumbnail_url: HTTPError
bIg48HW8mws,人生逆転ストーリー,「貧乏人と結婚は無理！」娘の婚約者の本性を暴くため、大富豪の私が仲居に変装した結果…,1873,,,0,db_thumbnail_url: HTTPError
nYcvf-_InMk,面白きかな人生,東京の一流ゲーム会社で清掃員をする76歳の老婦人、ホワイトボードに書かれたプログラムコードを見た次の瞬間…【面白きかな人生】,1872,,,0,db_thumbnail_url: HTTPError
-DbnS5K5M7c,面白きかな人生,「老害は引退しろ」と罵倒された定年間近の男→次の瞬間、年俸3億のヘッドハンティング！部長崩れ落ちる衝撃の正体【面白きかな人生】,1869,existing,E:\Data\ObsidianVault\02_Channels\シニア朗読\競合リサーチ\サムネ企画検索ポータル_20260605\thumbnail_assets\-DbnS5K5M7c.jpg,195431,
E1KG-pyEO5w,心に響く人生ドラマ日誌,「英語読めないかｗ」と笑われた69歳清掃員。100億の商談が破談寸前、彼女が放った“たった一言”で海外役員が凍りついた。,1869,existing,E:\Data\ObsidianVault\02_Channels\シニア朗読\競合リサーチ\サムネ企画検索ポータル_20260605\thumbnail_assets\E1KG-pyEO5w.jpg,204228,
3DboLOU2iXw,涙のひととき,【感動する話】火事から少年を救い右目の視力を失った貧乏女子高生。10年後、面接先の若手社長が「その右目、まさか…？」,1868,existing,E:\Data\ObsidianVault\02_Channels\シニア朗読\競合リサーチ\サムネ企画検索ポータル_20260605\thumbnail_assets\3DboLOU2iXw.jpg,210163,
W2rIm62svEQ,人生色々TV,大将が「今すぐ出て行け」と放ちました…転がるように店を出た部長に一体何が！？,1864,,,0,db_thumbnail_url: HTTPError
JbI1Fehr8Mw,人生の輝き,町工場でアメリカ人に原始的と嘲笑された鍛治職人。しかし、彼が手打ちで鍛造した包丁をアメリカ人が試し切りすると…,1860,,,0,db_thumbnail_url: HTTPError
CrQnTpxI0D0,人生スカッと物語,万引き犯と決めつけられたお婆さんをかばい、全財産1000円を渡した貧乏女子高生。翌日、黒塗りの高級車が現れ…,1854,,,0,db_thumbnail_url: HTTPError
2Hmo_5KuTjc,愛しき人の人生日記,会長だと知らずに話し相手になった清掃員。翌日、クビを言い渡されたその理由に涙が止まらない…,1852,,,0,db_thumbnail_url: HTTPError
eQj3dPU8Ywo,潮見組　人情列伝,「誰も助けてくれなくて…」いじめに苦しむ貧乏少女が1人のヤンキーに助けを求めた。翌日、小学校の前に100台のバイクが現れ…【感動する話】,1838,existing,E:\Data\ObsidianVault\02_Channels\シニア朗読\競合リサーチ\サムネ企画検索ポータル_20260605\thumbnail_assets\eQj3dPU8Ywo.jpg,278611,
orPNmCn3Ga4,面白きかな人生,「ジジイ！外注なんぞは外で待ってろ！」若手取締役が吐き捨てた瞬間、ガラス越しに並んだ黒スーツ20名。「オーナーの護衛が到着しました」会議室が一瞬で静まった【面白きかな人生】,1835,existing,E:\Data\ObsidianVault\02_Channels\シニア朗読\競合リサーチ\サムネ企画検索ポータル_20260605\thumbnail_assets\orPNmCn3Ga4.jpg,200305,
Mg8v40M_8vs,潮見組　人情列伝,深夜の路地裏で倒れるヤクザを助けた貧乏少女。全財産3000円を渡した後日、黒塗りの高級車が現れて…【感動する話】,1833,existing,E:\Data\ObsidianVault\02_Channels\シニア朗読\競合リサーチ\サムネ企画検索ポータル_20260605\thumbnail_assets\Mg8v40M_8vs.jpg,326943,
prLK4kQLYpw,人生のギフト,「お金は50円しかありません…」閉店間際の定食屋に現れたボロ服の姉妹→天丼を振舞った翌日、黒塗りの高級車が現れて...【感動する話】,1831,existing,E:\Data\ObsidianVault\02_Channels\シニア朗読\競合リサーチ\サムネ企画検索ポータル_20260605\thumbnail_assets\prLK4kQLYpw.jpg,184650,
1pwcVkbnW4M,【スカッと朗読】シニアドラマ館,【スカッと】余命3ヶ月の母に『早く死ねばいいのに』と言った嫁の末路【シニアライフ】【60代以上の方へ】,1825,existing,E:\Data\ObsidianVault\02_Channels\シニア朗読\競合リサーチ\サムネ企画検索ポータル_20260605\thumbnail_assets\1pwcVkbnW4M.jpg,184158,
Gi2xxpvkRl8,人生逆転ストーリー,「中卒の親なんて無理！」名門大学教授の私が息子の婚約者の本性を暴くため、清掃員に変装した結果…,1823,,,0,db_thumbnail_url: HTTPError
ZRW9LEqs6Ks,人生逆転ストーリー,60年の技を「中卒のじじい」呼ばわりされた老整備士──救った女性の正体に、全員が凍り付いた,1812,,,0,db_thumbnail_url: HTTPError
VdZa8Rnxqhs,人生ドラマ座,"遅刻を理由に理不尽に見下された就活生が助けた""おばあさん""の正体を知った瞬間、面接官たちが凍りついた──",1806,existing,E:\Data\ObsidianVault\02_Channels\シニア朗読\競合リサーチ\サムネ企画検索ポータル_20260605\thumbnail_assets\VdZa8Rnxqhs.jpg,157959,
ezeka6kOat4,面白きかな人生,「介護は慈善でしょ？文句ある？」病院理事になった同級生に罵倒された介護職員の私。寄付強要の証拠を突きつけた瞬間、監査突入で人生終了【面白きかな人生】,1805,existing,E:\Data\ObsidianVault\02_Channels\シニア朗読\競合リサーチ\サムネ企画検索ポータル_20260605\thumbnail_assets\ezeka6kOat4.jpg,226129,
aCifXDu-n1c,人生のギフト,「弟だけ食べさせてください」廃業寸前のうどん屋に来た両親を亡くした兄弟→店主がもう一皿出した結果、翌日信じられない展開に…【感動する話】,1801,existing,E:\Data\ObsidianVault\02_Channels\シニア朗読\競合リサーチ\サムネ企画検索ポータル_20260605\thumbnail_assets\aCifXDu-n1c.jpg,268160,
JL1GfTgfT2I,人生はバラ色,同窓会で俺をいじめていた半グレの同級生が「親がヤクザってまだ嘘ついてんの？wwじゃあ今すぐ呼んでみろよww」5分後、会場に黒塗りの高級車が現れ,1797,existing,E:\Data\ObsidianVault\02_Channels\シニア朗読\競合リサーチ\サムネ企画検索ポータル_20260605\thumbnail_assets\JL1GfTgfT2I.jpg,217132,
ZyQEn1tnB2Q,人生逆転ドラマシアター,「雑用係が調子に乗るな！」と怒鳴ったイケメン人気シェフ。だがそのお爺さんが“伝説の料理人”だとは知らずに…,1790,,,0,db_thumbnail_url: HTTPError
38TuItvYxEU,【スカッと朗読】シニアドラマ館,【スカッと】娘の葬儀で「保険金が入ったら」と笑った夫の正体が明らかになった日【シニアライフ】【60代以上の方へ】,1790,existing,E:\Data\ObsidianVault\02_Channels\シニア朗読\競合リサーチ\サムネ企画検索ポータル_20260605\thumbnail_assets\38TuItvYxEU.jpg,164971,
NboT1V7ZNM8,人生の輝き,在日米軍基地で日本人整備士を罵倒するアメリカ兵。ある重要な軍事演習を前に、テスト飛行中の最新鋭戦闘機にトラブルが発生し…,1782,,,0,db_thumbnail_url: HTTPError
oOmOPtsazUc,感動スカっと人生録,「場違いだ、帰れ！」と罵倒した部長ー翌週『ある音声』が全社員に届いた瞬間,1778,,,0,db_thumbnail_url: HTTPError
Gqq6kY8kXEQ,人生の光と影 朗読館,ホームレスに炊き出しをした新人OL。「偽善だ」と罵られ解雇…翌日、空気が凍りついた,1778,,,0,db_thumbnail_url: HTTPError
yV_OYI4wHJ8,感動スカっと人生録,「どうせ親も大したことないんでしょ」清掃員を嘲笑った女医——1時間後、全員の前で凍り付いた,1776,existing,E:\Data\ObsidianVault\02_Channels\シニア朗読\競合リサーチ\サムネ企画検索ポータル_20260605\thumbnail_assets\yV_OYI4wHJ8.jpg,211315,
zRYVrY6wOyM,人生色々TV,「私はやってない」スーパーで万引き犯にされた老婆…真実が明らかになると店長が崩れ落ちました…,1774,,,0,db_thumbnail_url: HTTPError
_CP0cavan1w,愛しき人の人生日記,町工場で緊急事態を救った貧乏な女子高生。翌日、ボロアパートに黒塗りの高級車が現れ…,1768,,,0,db_thumbnail_url: HTTPError
du6hgg2r6lA,面白きかな人生,「どうせあんたは買えないでしょ？」高校時代いじめられていた女に笑われながらタワマン契約へ行った私→不動産屋「2部屋もすごいですね」私「え？」【面白きかな人生】,1765,existing,E:\Data\ObsidianVault\02_Channels\シニア朗読\競合リサーチ\サムネ企画検索ポータル_20260605\thumbnail_assets\du6hgg2r6lA.jpg,233068,
KB4tzgUz_UY,人生の輝き,「なぜそんな格好を…」銀行に行くと嫁が支店長に客の前で土下座させられていた。真実を知った時、老人は銀行をひっくり返しました…,1764,,,0,db_thumbnail_url: HTTPError
DiCRnmSNKx8,感動スカっと人生録,女医は知らなかった。患者を追い返した夜、搬送されてきた女性の正体に凍りついた…,1759,,,0,db_thumbnail_url: HTTPError
ez_BCHNtjPA,人生の光と影 朗読館,バス賃がなく困るお爺さんにそっと小銭を渡した大学生。後日、その“恩返し”に涙が止まらなくなる…,1759,,,0,db_thumbnail_url: HTTPError
0sqWrtPiP_Y,人生ドラマTV,余命宣告を受けた祖父、不登校の孫娘に残した言葉とは？「電池が切れるまで」宮越由起奈ちゃんの詩が救った2つの命,1758,existing,E:\Data\ObsidianVault\02_Channels\シニア朗読\競合リサーチ\サムネ企画検索ポータル_20260605\thumbnail_assets\0sqWrtPiP_Y.jpg,286658,
X3TGRNkVGF0,人生ドラマ館,「貧乏くさい格好で来ないで」高級百貨店で女子高生を罵倒した店員…翌日、現れた人物の正体に全員が泣いて土下座…,1756,,,0,db_thumbnail_url: HTTPError
rnl7C5zLCL8,人生逆転ストーリー,「早くしろよ」高級ホテルで売店のおばあさんを嘲笑した若手社員──1時間後、壇上に現れた“その人”を見て崩れ落ちる！,1755,,,0,db_thumbnail_url: HTTPError
OOLGUc29244,人生の温もり,25歳の孫娘が「おじいちゃんなんか大嫌い」と叫んだ翌日→78歳の祖父が桜の木の下に埋めていた缶の中身を知った時…【感動する話】,1755,existing,E:\Data\ObsidianVault\02_Channels\シニア朗読\競合リサーチ\サムネ企画検索ポータル_20260605\thumbnail_assets\OOLGUc29244.jpg,289193,
eb-uBKhnsYE,人生の輝き,銀行で侮辱にされる老人を「おじいちゃん！」と咄嗟の嘘で庇った派遣社員がクビ宣告を言い渡された。翌日→頭取が直々に現れ公開土下座…,1751,,,0,db_thumbnail_url: HTTPError
KY2h_8D9wqI,人生の光と影 朗読館,路上で倒れた老人を助け父の葬儀に遅刻した女性。親族に責められる中、その老人が“亡き父の恩人”と知り空気が一変する…,1750,,,0,db_thumbnail_url: HTTPError
cMfRYbncLqQ,愛しき人の人生日記,廃業寸前の町工場に少女が訪れ「日給100円で雇って下さい…」1週間後、工場がとんでもないことに…,1746,,,0,db_thumbnail_url: HTTPError
7ArYCfHJxYA,人生の輝き,「今どき手作業なんて非効率だ！」と傲慢な２代目社長に罵られた高齢男性。だが、最新設備であるはずの機械に不備が見つかり…,1744,,,0,db_thumbnail_url: HTTPError
9lJhYTCR0S4,人生逆転ドラマシアター,同窓会で土木作業員の格好をした男を「汚い負け組は帰れ」と突き飛ばした社長。しかし床に落ちた名刺を見た瞬間、顔が真っ青になった…,1738,,,0,db_thumbnail_url: HTTPError
Kq2Be3pHPDk,人生はバラ色,高級寿司屋で障害がある息子が嘲笑にされる。次の瞬間、大将が「お帰りください」と追い出したのは…,1737,existing,E:\Data\ObsidianVault\02_Channels\シニア朗読\競合リサーチ\サムネ企画検索ポータル_20260605\thumbnail_assets\Kq2Be3pHPDk.jpg,185124,
2zaknbkthsQ,人生逆転ドラマch,高級寿司店でシングルマザーがバカにされる。数分後，電話1本で駆けつけた人物に全員が真っ青に…,1733,existing,E:\Data\ObsidianVault\02_Channels\シニア朗読\競合リサーチ\サムネ企画検索ポータル_20260605\thumbnail_assets\2zaknbkthsQ.jpg,63927,
JG31LYGoVLw,人生の光と影 朗読館,雨でずぶ濡れのホームレスに傘を差し出した女子高生。翌日、教室に現れた男に教室中が凍りついた…,1717,,,0,db_thumbnail_url: HTTPError
RnmXwcSBFow,人生の温もり,「汚いババア、出て行け！」深夜のコンビニで怒鳴られたホームレスの老婆に、アルバイト店員は自分の夕食を差し出した。しかし翌日、彼は解雇された。そして数日後、店の前に黒塗りの高級車が現れて…【感動する話】,1698,existing,E:\Data\ObsidianVault\02_Channels\シニア朗読\競合リサーチ\サムネ企画検索ポータル_20260605\thumbnail_assets\RnmXwcSBFow.jpg,240530,
p6muSBdq0qE,【スカッと朗読】シニアドラマ館,【スカッと】「おばあちゃんはバイキン」嫁に言われた瞬間、私の中で何かが切れた。,1697,existing,E:\Data\ObsidianVault\02_Channels\シニア朗読\競合リサーチ\サムネ企画検索ポータル_20260605\thumbnail_assets\p6muSBdq0qE.jpg,172085,
jony-gThETw,人生逆転ドラマch,ボロ作業着のおじさんに弁当を渡した貧乏女子高生。数日後，高校に黒塗りの高級車が現れ...,1695,existing,E:\Data\ObsidianVault\02_Channels\シニア朗読\競合リサーチ\サムネ企画検索ポータル_20260605\thumbnail_assets\jony-gThETw.jpg,66476,
b6AQZyv1bJU,人生はバラ色,「中卒で遅刻？社会をなめるなクソガキw」16歳の女子高生バイトを罵倒したエリート部長→翌日、3000億の契約が消滅し部長は地方の倉庫番に左遷,1693,existing,E:\Data\ObsidianVault\02_Channels\シニア朗読\競合リサーチ\サムネ企画検索ポータル_20260605\thumbnail_assets\b6AQZyv1bJU.jpg,269134,
rEKzyWJ6EBI,人生逆転ストーリー,「いいから食いな」家出した8歳の少年にラーメンを奢った工場勤めの老人。15年後、就活100社落ちた面接会場で『ラーメンのおじちゃん！』と呼ぶ声が…,1690,,,0,db_thumbnail_url: HTTPError
2f-c35EMN1M,愛しき人の人生日記,心肺停止の老人を助けて10億円の商談に遅刻したOLがクビに。その後､ボロアパートにスーツ男が現れて…,1688,,,0,db_thumbnail_url: HTTPError
7ZK_kb29P9E,人生の輝き,ショッピングモールで若い店長たちに見下される警備のお爺さん。ある日、万引き犯行グループが現れ大混乱の中、無線を付けた警備のお爺さんが動いた…,1683,,,0,db_thumbnail_url: HTTPError
IpujvIH3kRY,人生の輝き,「もうダメか…」と重篤患者の緊急手術を前に手を震わせて諦める若手外科医。しかしその時、振り返るといつも馬鹿にしていた夜間清掃員がメスを持っていた…,1681,,,0,db_thumbnail_url: HTTPError
YAhr8-JSdBE,人生はバラ色,「通訳に口出し？バイトのガキが何言ってんのw」2兆円の海外商談で嘘の翻訳を見破った17歳の配膳バイト→東大首席の通訳が土下座、契約は全て白紙に,1678,existing,E:\Data\ObsidianVault\02_Channels\シニア朗読\競合リサーチ\サムネ企画検索ポータル_20260605\thumbnail_assets\YAhr8-JSdBE.jpg,216835,
0wESaxecHys,愛しき人の人生日記,「あなたには無理」と見下された17歳貧乏整備士。後日､現れた黒スーツの一言に絶句する…,1677,,,0,db_thumbnail_url: HTTPError
p--4zV1iH4Y,人生逆転ドラマシアター,倒れた母の病室に“契約書”を持ち込んだ銀行員… 翌週、ある男性の訪問で支店全体が青ざめた,1668,,,0,db_thumbnail_url: HTTPError
hPEAMeTAT3Q,面白きかな人生,「財布持ってないの？」入園ゲートで疑われた祖父…翌日、黒塗りの車で現れ遊園地を貸し切りにした【面白きかな人生】,1662,,,0,db_thumbnail_url: HTTPError
2wBq_N7hkF4,人生劇場放送局,【スカッと】「貧乏人は帰れ！」銀座寿司店で罵倒した店長。老夫婦が名前を言った瞬間、店内全員が絶句...。【シニア】,1660,existing,E:\Data\ObsidianVault\02_Channels\シニア朗読\競合リサーチ\サムネ企画検索ポータル_20260605\thumbnail_assets\2wBq_N7hkF4.jpg,138153,
X084HTd2Q70,人生ドラマ館,3人兄妹のためにバイトを掛け持ちして倒れる中卒の金髪ギャル。大盛りまかない付きのウチの蕎麦屋で働かないかと誘った結果...,1657,existing,E:\Data\ObsidianVault\02_Channels\シニア朗読\競合リサーチ\サムネ企画検索ポータル_20260605\thumbnail_assets\X084HTd2Q70.jpg,231855,
IfOxdidJBR4,人生色々TV,「残り物で良ければ••」浮浪者に弁当を渡した…後日、倒産寸前で絶望の前に現れたのは想像を超える人物だった•••,1650,,,0,db_thumbnail_url: HTTPError
maadM8v1bmg,人生劇場放送局,【スカッと】低学歴の部下を見下す部長は知らなかった。彼が社長の甥っ子だということを...。【シニア】,1647,existing,E:\Data\ObsidianVault\02_Channels\シニア朗読\競合リサーチ\サムネ企画検索ポータル_20260605\thumbnail_assets\maadM8v1bmg.jpg,149417,
QM4adtSYY-U,人生はバラ色,「こんなクソババアが会長？だったら辞めさせてみろよw」  重役会議に割烹着で現れた80歳の老婆を嘲笑した取締役たち。  「…いいですよ」翌日、全員の解任通知が届いた,1637,existing,E:\Data\ObsidianVault\02_Channels\シニア朗読\競合リサーチ\サムネ企画検索ポータル_20260605\thumbnail_assets\QM4adtSYY-U.jpg,176060,
1vXx0tWUsZk,人生スカッと物語,足が不自由な老婆を助け、商談に遅刻した貧乏OL。罵倒された翌朝、会社に黒塗りの高級車が現れて…,1636,,,0,db_thumbnail_url: HTTPError
gaD_gvQ09qM,愛しき人の人生日記,｢本当にできるのw｣と嘲笑された16歳貧乏整備士。翌日、ガレージの前に高級車が続々と現れ…,1636,,,0,db_thumbnail_url: HTTPError
twwwS7EUgSQ,人生ドラマ座,りんごを特許農法でつくる下請け農家に「ボッタクリ農家とは取引終了」と見下す食品会社の社長息子→「ハイ、喜んで」速攻で取引終了してみると…,1634,existing,E:\Data\ObsidianVault\02_Channels\シニア朗読\競合リサーチ\サムネ企画検索ポータル_20260605\thumbnail_assets\twwwS7EUgSQ.jpg,165542,
5It00Az0nGc,愛しき人の人生日記,財布を無くしたお婆さんに電車代300円を渡したパン屋バイトの貧乏女子高生。数日後、店の前に黒塗りの高級車が現れ…,1634,,,0,db_thumbnail_url: HTTPError
p4oWIB93PGY,人生の輝き,銀行をリストラされてレジ打ちパートをするお爺さん。後日、銀行への調査で衝撃の真実が明かされる…,1627,,,0,db_thumbnail_url: HTTPError
mR6CMynNSVA,人生の輝き,「老人の通報なんて相手するな」と軽視されたお爺さん。だが、彼が語り始めた犯人の特徴に、刑事課全員が震え上がった…,1627,,,0,db_thumbnail_url: HTTPError
pCL__tS-058,感動スカっと人生録,車椅子の青年を救った元婚約者に見下された貧乏学芸員―数日後、昔助けた「あの人」からの電話が…,1627,,,0,db_thumbnail_url: HTTPError
ZG440VI5fZQ,人生の光と影 朗読館,雪道で倒れた老人を助けた浪人生。遅刻を責められた翌日、試験会場が静まり返る…,1626,,,0,db_thumbnail_url: HTTPError
CHcZdleIcb8,人生逆転ストーリー,「中卒の掃除婦なんて裏に回りなさい」社長夫人に学歴を見下されたおばあさん──「給料泥棒」とバカにされた翌日、お店が地獄絵図になりました,1621,,,0,db_thumbnail_url: HTTPError
6NYsYiDRo7Q,人生色々TV,そして、彼女の人生がまさかの事態となりました…,1620,,,0,db_thumbnail_url: HTTPError
u1tvf-VAOOw,面白きかな人生,「住む世界違うから来なくてよくてよｗ」同僚から貧乏認定されたOL→彼女の結婚式に高級外車3台で出向いた結果【面白きかな人生】,1618,existing,E:\Data\ObsidianVault\02_Channels\シニア朗読\競合リサーチ\サムネ企画検索ポータル_20260605\thumbnail_assets\u1tvf-VAOOw.jpg,242554,
qGxlzGCZRxQ,人生逆転ストーリー,「ボロい軽トラで来るな」70歳の元職人を見下した若社長。翌日、会長の一言で凍りつく,1613,existing,E:\Data\ObsidianVault\02_Channels\シニア朗読\競合リサーチ\サムネ企画検索ポータル_20260605\thumbnail_assets\qGxlzGCZRxQ.jpg,230418,
-DV1aDhz3lg,人生の温もり,「百円で一つだけ買えますか」貧しい母に差し出された一枚のお好み焼き35年前、双子の息子を失った職人夫婦の想い【感動物語】,1613,existing,E:\Data\ObsidianVault\02_Channels\シニア朗読\競合リサーチ\サムネ企画検索ポータル_20260605\thumbnail_assets\-DV1aDhz3lg.jpg,282804,
OI2NHmo4W-Q,愛しき人の人生日記,高級寿司店でボスママに馬鹿にされたシングルマザー　10分後、息子の一本の電話で駆け付けた人物に全員が凍りつく…,1612,,,0,db_thumbnail_url: HTTPError
Ow4C8Zl-j0Y,人生逆転ドラマシアター,ケータイショップに訪れたおばあさん。老人をカモにして、高額契約をすすめる店長は彼女の正体を知らなかった,1610,,,0,db_thumbnail_url: HTTPError
EAoQNNK6TEk,人生の輝き,「社会のゴミ」と蔑まれる段ボールハウスに住む路上生活者の老人が近隣の銀行支店長に見せた一通の手紙で全行員が震撼した…,1603,,,0,db_thumbnail_url: HTTPError
F7gYqnSY1P8,人生逆転ドラマch,｢あんたが女優とか無理でしょ｣と笑われる貧乏女子高生。5年後，学校一の美女だった同級生と再会した結果…,1601,existing,E:\Data\ObsidianVault\02_Channels\シニア朗読\競合リサーチ\サムネ企画検索ポータル_20260605\thumbnail_assets\F7gYqnSY1P8.jpg,160482,
Gir5zPEJ4SM,人生逆転ストーリー,「こんな古臭い写真じゃ笑われますよ？」新郎新婦の幸せを踏みにじった動画制作会社の末路──数日後“30億円の契約解除”で業界が凍りつく,1599,,,0,db_thumbnail_url: HTTPError
DrnWcKPuuUg,感動スカっと人生録,息子がサッカースタメン落ちしたボスママ→おにぎり50個キャンセルし嫌がらせした日、息子に言われた言葉に崩れ落ちた,1593,,,0,db_thumbnail_url: HTTPError
3PjJoURD44A,面白きかな人生,「ダンナの稼ぎが悪いと可哀相ｗ」貧乏人と見下しマウントを取る元同級生→翌朝「マンション2棟建てたけど、何か？」同級生「え？」【面白きかな人生】,1592,existing,E:\Data\ObsidianVault\02_Channels\シニア朗読\競合リサーチ\サムネ企画検索ポータル_20260605\thumbnail_assets\3PjJoURD44A.jpg,213716,
i1cB_nuA7BU,潮見組　人情列伝,結婚式前日に婚約者の浮気が発覚し婚約破棄された青年。帰り道、ヤクザ組長を助けると娘を紹介されて…【感動する話】,1592,existing,E:\Data\ObsidianVault\02_Channels\シニア朗読\競合リサーチ\サムネ企画検索ポータル_20260605\thumbnail_assets\i1cB_nuA7BU.jpg,273221,
AV3Hk7cbFEQ,人生スカッと物語,大きな荷物の老婆を助け、会議に遅刻した新人OL―叱責された数日後、会社の前に黒塗りの高級車が現れ…,1589,,,0,db_thumbnail_url: HTTPError
wFBRkksVC_4,面白きかな人生,「部下の家は会社のもんだろw」「接待よろｗ」女性社員の部屋をホテル代わりにする上司→引越し済みなので完全に無視したら…【面白きかな人生】,1588,existing,E:\Data\ObsidianVault\02_Channels\シニア朗読\競合リサーチ\サムネ企画検索ポータル_20260605\thumbnail_assets\wFBRkksVC_4.jpg,245527,
YKptK3zl6CU,人生の光と影 朗読館,倒れた高齢者を救護し卒論発表に遅刻した女子大生。「研究者失格」と教授に罵倒された翌週、学会から届いた一通の推薦状,1588,existing,E:\Data\ObsidianVault\02_Channels\シニア朗読\競合リサーチ\サムネ企画検索ポータル_20260605\thumbnail_assets\YKptK3zl6CU.jpg,247531,
kfFuH4aCySk,愛しき人の人生日記,駅で倒れた清掃員のおじいさんを助けた少女。入社式に遅れて、入社取消に…翌日、人事部から電話がかかってきて…,1588,,,0,db_thumbnail_url: HTTPError
8lOaHsJydFw,人生の輝き,「デジタル時代に対応できない化石は今すぐ辞めろ！」と勤務先のIT企業社長にバカにされた警備員男性。だが会社の緊急事態に起こした行動がまさかの結果に…,1586,,,0,db_thumbnail_url: HTTPError
iz98QducgJc,人生ドラマ座,「100億円を引き出します」銀行を追い出された老婆。翌日、黒服たちを連れて銀行に乗り込むと10分後、地獄絵図に…,1582,existing,E:\Data\ObsidianVault\02_Channels\シニア朗読\競合リサーチ\サムネ企画検索ポータル_20260605\thumbnail_assets\iz98QducgJc.jpg,208363,
VKSAj6j8YkU,愛しき人の人生日記,“足手まといだ”と罵倒されたシングルマザー。だが倒れた老人を救った翌日、工場に現れた人物に全員が凍りついた,1579,,,0,db_thumbnail_url: HTTPError
ThLXJSWFJ6w,人生の輝き,工場で低学歴を侮辱されたパート主婦。足を滑らせ宙吊りになった作業員を助けた翌日、社長室に呼び出され…,1575,,,0,db_thumbnail_url: HTTPError
pIynhUQUdkc,人生スカッと朗読-劇場-,「月収17万の旦那、呼びなよw」料亭で私を侮辱した同級生の女社長。5分後、現れた旦那の正体に、女社長は膝から崩れ落ちた…,1575,,,0,db_thumbnail_url: HTTPError
HepBH3Ki9W4,人生の輝き,「日本語も満足に話せないなら黙っていろ」とPTA総会で会長に侮辱された在日韓国人の父親が、たった一言でその場にいる全員を黙らせた…,1569,,,0,db_thumbnail_url: HTTPError
VhDyAhmNtxU,人生の輝き,「汚い雑巾みたいな婆さんが病院をうろつくな」と罵倒された病院清掃員が汚れた雑巾一枚で医師たちを黙らせた…,1568,,,0,db_thumbnail_url: HTTPError
sfe2q6ouiQM,人生の輝き,銭湯で全身に刺青があると監視された常連客の老人。ある日、警察庁の組対部長が現場を訪れると、その正体に公安が言葉を失った…,1566,,,0,db_thumbnail_url: HTTPError
kpZel_TTwh4,人生逆転ドラマch,所持金たった10円の少女にケーキを渡してクビになったバイト店員。数日後，お客さんの一言に店長が真っ青に…,1565,existing,E:\Data\ObsidianVault\02_Channels\シニア朗読\競合リサーチ\サムネ企画検索ポータル_20260605\thumbnail_assets\kpZel_TTwh4.jpg,64633,
s3gWC-IsDPQ,人生ドラマ座,忘年会の貸切予約をドタキャンされたボロ料亭の貧困親子。建設会社社長の俺が全職人を引き連れ振舞った結果【感動・大逆転】,1560,existing,E:\Data\ObsidianVault\02_Channels\シニア朗読\競合リサーチ\サムネ企画検索ポータル_20260605\thumbnail_assets\s3gWC-IsDPQ.jpg,184138,
iTY-AmYbmt8,人生ドラマTV,会長だと知らずにアドバイスした老人ホームの介護士。翌日、クビを言い渡されたその理由に涙が止まらない,1552,existing,E:\Data\ObsidianVault\02_Channels\シニア朗読\競合リサーチ\サムネ企画検索ポータル_20260605\thumbnail_assets\iTY-AmYbmt8.jpg,158601,
uvjzJGd7ByA,心に響く人生ドラマ日誌,足の不自由な老人を助け、大事な会議に遅刻した新入社員。叱責された翌日、会社に黒塗りの高級車が現れて,1552,existing,E:\Data\ObsidianVault\02_Channels\シニア朗読\競合リサーチ\サムネ企画検索ポータル_20260605\thumbnail_assets\uvjzJGd7ByA.jpg,175532,
6KBxK0wY-EY,人生のギフト,明日、借金2500万で差し押さえられる寿司屋の店主→「お財布を忘れて」車いすの少女に寿司を振舞った結果…【感動する話】,1551,existing,E:\Data\ObsidianVault\02_Channels\シニア朗読\競合リサーチ\サムネ企画検索ポータル_20260605\thumbnail_assets\6KBxK0wY-EY.jpg,250399,
HcNoOGHd6gs,愛しき人の人生日記,街中で倒れた妊婦を助け商談に遅れたOL。翌日、社長室に呼び出されて…,1548,,,0,db_thumbnail_url: HTTPError
R1zIbFkbinY,面白きかな人生,「バイトのくせに！」少女が警備員に怒鳴られた夜。翌朝5分で銀行のサイバー攻撃を防ぎ役員室が凍りついた【面白きかな人生】,1546,existing,E:\Data\ObsidianVault\02_Channels\シニア朗読\競合リサーチ\サムネ企画検索ポータル_20260605\thumbnail_assets\R1zIbFkbinY.jpg,149174,
O3KzkX31zoo,人生の輝き,「もう終わりだ…」高級レストランでVIPが来店する大切な日にピアニストが急病で来れない…スタッフ皆んなが絶望する中、万年皿洗いの男性がピアノを鳴らした瞬間に奇跡が起こった…,1544,,,0,db_thumbnail_url: HTTPError
ZkqHLOmQypc,面白きかな人生,「こんな店潰せ！」買収屋に脅される69歳ラーメン屋店主。そこに居合わせた少女に「お食べ」と無料で謝罪。一夜明け、行列200人＆契約金3000万円！【面白きかな人生】,1543,,,0,db_thumbnail_url: HTTPError
MsXLkOaTwQg,人生はバラ色,「母親が清掃員ｗ底辺の親を持つガキは帰れｗ」 面接で１７歳女子高生を嘲笑したエリート役員５人 しかし母の正体が明かされた瞬間、役員全員崩れ落ちる,1536,existing,E:\Data\ObsidianVault\02_Channels\シニア朗読\競合リサーチ\サムネ企画検索ポータル_20260605\thumbnail_assets\MsXLkOaTwQg.jpg,229715,
Ji1L6AfPQzE,人生はバラ色,「クソ底辺会社に金貸す訳ねぇだろｗ」女性トラック運転手を侮辱したエリート銀行員→実は大株主で、8000億を売却した結果,1534,existing,E:\Data\ObsidianVault\02_Channels\シニア朗読\競合リサーチ\サムネ企画検索ポータル_20260605\thumbnail_assets\Ji1L6AfPQzE.jpg,226316,
DYVF4qsJH6Q,人生の光と影 朗読館,雪山で遭難した泥だらけの老人を温泉に入れてあげた17歳の仲居。翌朝、黒塗りの高級車が押し寄せ旅館が騒然...,1532,,,0,db_thumbnail_url: HTTPError
qOV9VlccVQU,人生ドラマ座,「どうせ捨てるものだから」と経営難のパン屋がホームレスに残ったパンを渡した翌日、発注依頼の電話が止まらなくなって...,1531,existing,E:\Data\ObsidianVault\02_Channels\シニア朗読\競合リサーチ\サムネ企画検索ポータル_20260605\thumbnail_assets\qOV9VlccVQU.jpg,239467,
MQyhmhYY1RE,人生の光と影 朗読館,雪の駅で車椅子の老婦人を助けた女子大生。母の古いコートを笑われた翌日、会場の空気が凍りついた…,1528,,,0,db_thumbnail_url: HTTPError
lxfKLG9Uq1w,心に響く人生ドラマ日誌,手作り弁当をゴミ箱に投げ捨てた課長、それを知った会長の一言で全員が凍りついた,1525,existing,E:\Data\ObsidianVault\02_Channels\シニア朗読\競合リサーチ\サムネ企画検索ポータル_20260605\thumbnail_assets\lxfKLG9Uq1w.jpg,146893,
ta2p1UPO2Os,面白きかな人生,「雑用は中卒にやらせてよｗ」新人OLが高学歴マウント→「無理なら辞める」と最終出勤日、彼女がデータを消した瞬間すべてが終わった【面白きかな人生】,1523,existing,E:\Data\ObsidianVault\02_Channels\シニア朗読\競合リサーチ\サムネ企画検索ポータル_20260605\thumbnail_assets\ta2p1UPO2Os.jpg,199538,
5uE1E_AhVXY,人生逆転ストーリー,「まずい」「昭和かよww」老人の屋台でラーメンを捨てた炎上系ユーチューバー──すべてを失った男を待っていた結末とは,1521,,,0,db_thumbnail_url: HTTPError
TN8BT2Jet_Q,面白きかな人生,「中途半端な女が店やっても潰れるだけだろw」街の小さな洋食店に抜き打ち調査と称してやってきた保険職員、さらに50名のドタキャン→次の瞬間、本当の犯人が明らかに！【面白きかな人生】,1518,existing,E:\Data\ObsidianVault\02_Channels\シニア朗読\競合リサーチ\サムネ企画検索ポータル_20260605\thumbnail_assets\TN8BT2Jet_Q.jpg,220549,
MztkW4hZZNk,人生ドラマTV,離婚後7年、僧侶になっていた元妻。衝撃の真実に、財閥の元夫は号泣した,1518,existing,E:\Data\ObsidianVault\02_Channels\シニア朗読\競合リサーチ\サムネ企画検索ポータル_20260605\thumbnail_assets\MztkW4hZZNk.jpg,221986,
TjaVRuqt83k,人生色々TV,震える妻が夫の死角で店員に渡した1枚のメモ。その内容に店員は迷わず110番した…,1513,,,0,db_thumbnail_url: HTTPError
SECv9E_Ysow,人生の輝き,認知症の老人を自腹で家まで送り届けた貧乏介護士の女性。翌朝、施設に高級車が現れた人物が「ありがとう」と言った理由とは…,1511,,,0,db_thumbnail_url: HTTPError
-FL5-XDAP3o,人生逆転ドラマシアター,「さっさと辞めちまえ」人気カフェで皿洗い中に店長にコーヒーをかけられたバイトのおばあさん。翌週、アメリカ本社の重役が緊急来日！店長が震えながら土下座した,1509,,,0,db_thumbnail_url: HTTPError
__wERLT6okY,人生スカッと物語,「農業なんて底辺だろw」エリート銀行員に嘲笑され解約を勧められた農家の老人。５秒後、銀行中が震え上がる…,1508,,,0,db_thumbnail_url: HTTPError
zFTddjGjSxc,愛しき人の人生日記,｢おじいちゃん!｣役所でバカにされる老人を咄嗟に庇った契約社員。クビになる寸前、彼女の前に大企業会長が現れ…,1506,,,0,db_thumbnail_url: HTTPError
MsfnDQ4fw6c,潮見組　人情列伝,廃業寸前のラーメン屋に現れたボロボロ姉妹。「10円でスープだけでも」ヤクザ店主「奢るから食え」大盛りラーメンご馳走した結果【感動する話】,1504,existing,E:\Data\ObsidianVault\02_Channels\シニア朗読\競合リサーチ\サムネ企画検索ポータル_20260605\thumbnail_assets\MsfnDQ4fw6c.jpg,308965,
xjGQob7JUbI,人生逆転ストーリー,「貧乏な底辺労働者が高級ホテル？場違いだ」社長に侮辱された男→数日後、“まさかの正体”に社長が土下座！,1500,,,0,db_thumbnail_url: HTTPError
2yN1UYMlsXQ,人生スカッと朗読-劇場-,入学式で片親のパート母をバカにするボスママ。直後、息子が母に一言「もうあんたの息子じゃない」【スカッとする話】,1500,,,0,db_thumbnail_url: HTTPError
AY2fIj85Woo,人生逆転ストーリー,「新人を泣かせたって聞いたよ」静かに見守っていた老人の“正体”が判明した瞬間、病院中が凍りつく,1498,,,0,db_thumbnail_url: HTTPError
cAjRMxgtr4Q,人生の輝き,「身の程を知れｗ」高級フレンチで門前払いされた老夫婦。「潮時か…」老人が携帯を取り出した瞬間、オーナーの顔がみるみる青ざめて…,1498,,,0,db_thumbnail_url: HTTPError
Y9XB8nfME1Y,愛しき人の人生日記,「親呼んでみろw」歓迎会で新人を見下す部長。「お父さん、部下が呼んでるよ」→部長「え？」,1494,existing,E:\Data\ObsidianVault\02_Channels\シニア朗読\競合リサーチ\サムネ企画検索ポータル_20260605\thumbnail_assets\Y9XB8nfME1Y.jpg,239271,
JLg9MjwPNh0,人生逆転ドラマch,破産寸前のラーメン屋を繁盛店にした大学生。ある日出勤すると店の前に黒塗りの高級車が現れ…,1486,existing,E:\Data\ObsidianVault\02_Channels\シニア朗読\競合リサーチ\サムネ企画検索ポータル_20260605\thumbnail_assets\JLg9MjwPNh0.jpg,133972,
yuUAXzLQrvo,人生の光と影 朗読館,夜勤中に倒れた老人を助けた非正規清掃員。規則違反で即クビ…翌朝、病院が静まり返る,1482,,,0,db_thumbnail_url: HTTPError
ArStPHIF774,人生の輝き,「古すぎて機械で読み取れない」と破れた通帳を侮辱された老人が「全額引き出します」と言った瞬間、その残高に行員全員の顔が青ざめた…,1481,,,0,db_thumbnail_url: HTTPError
qyuS3agE8OM,人生ドラマ座,事故で車椅子生活になった孫がいじめられていることを知って激怒した祖父は翌日、100人の黒服と共に学校へ乗り込み――校内が静まり返った,1472,existing,E:\Data\ObsidianVault\02_Channels\シニア朗読\競合リサーチ\サムネ企画検索ポータル_20260605\thumbnail_assets\qyuS3agE8OM.jpg,176074,
HE8YiduakDo,人生逆転ドラマシアター,「組長を連れてこい！」と孫に嫌われていただらしない祖父の眼光にヤクザが屈服。組長が土下座した祖父の「恐るべき過去」とは…,1465,,,0,db_thumbnail_url: HTTPError
UOk-1Qk2vZw,人生スカッと物語,歩道橋から転落したお婆さんを助け10億円の商談に遅刻した新人OL。クビになった翌日､会社から呼び出され…,1464,,,0,db_thumbnail_url: HTTPError
6jlBGwMpm5M,人生の輝き,料亭から追い出された汚い老人が板前に見せた一本の包丁に、若手料理人が土下座して泣き崩れた…,1451,,,0,db_thumbnail_url: HTTPError
XXTCeE8NwlU,人生ドラマ座,孫が働く銀行で、熱いお茶をぶっかけられる姿を見た祖父…5分後、5000億解約して銀行を潰しました。,1445,existing,E:\Data\ObsidianVault\02_Channels\シニア朗読\競合リサーチ\サムネ企画検索ポータル_20260605\thumbnail_assets\XXTCeE8NwlU.jpg,148603,
xyb-m3sRuEE,人生逆転ストーリー,「底辺は黙ってろ！」下請けを見下した課長の末路…翌日突きつけられた“衝撃の現実”とは,1437,,,0,db_thumbnail_url: HTTPError
ekXbBtR8qJw,人生の輝き,「冷やかしでしょｗ」1000万の福祉車両を見に来た車椅子の老人を見下す上司→全力で向き合った結果、とんでもない結果に…,1437,existing,E:\Data\ObsidianVault\02_Channels\シニア朗読\競合リサーチ\サムネ企画検索ポータル_20260605\thumbnail_assets\ekXbBtR8qJw.jpg,239730,
-e5sJQGm3fU,人生逆転ドラマシアター,「ご予約は確認できません」高級ホテルで勝手にキャンセルされ追い返された老夫婦──翌日、本部が凍りついた理由,1436,,,0,db_thumbnail_url: HTTPError
BsYXogeAFdA,人生ドラマ館,廃業寸前の喫茶店に最後の挨拶に現れた41歳の元キャバ嬢。「40過ぎはクビって言われて…」「ウチで働きませんか？」直感で採用した結果,1436,,,0,db_thumbnail_url: HTTPError
nquHgWI1qaI,人生ドラマ座,バス賃がなくて困っているおばあさんに小銭を渡した就活生。数日後、一流企業の最終面接で彼女と再会することに...,1433,existing,E:\Data\ObsidianVault\02_Channels\シニア朗読\競合リサーチ\サムネ企画検索ポータル_20260605\thumbnail_assets\nquHgWI1qaI.jpg,151852,
jyCen_Zcm6s,人生逆転ドラマシアター,見下された婚約者の家での屈辱。だが後日、祖父とともに訪れた瞬間ひざまずく者まで出た驚愕の展開,1432,,,0,db_thumbnail_url: HTTPError
srjBQ0ypszo,人生の輝き,怪我をし孫の結婚式に遅刻しそうなお婆さんを助けたヤンキー。数日後、訪ねてきたお婆さんの“正体”に彼は涙した…,1432,,,0,db_thumbnail_url: HTTPError
4Ncg7MIeFFY,人生の輝き,「貧乏人はそこで待ってろ！」と支店長にバカにされたお爺さん。だが、その直後、お爺さんは立ち上がり「では50億引き出します」,1432,,,0,db_thumbnail_url: HTTPError
Esxa4GnAaEE,愛しき人の人生日記,高級デパートの衣料品売場で虐げられる販売補助店員。後日、売場に現れた人物に全店員が驚愕する…,1432,,,0,db_thumbnail_url: HTTPError
PYQ8PqSy2EQ,人生はバラ色,「ガキが大株主だぁ？じゃあ売ってみろよｗ」株主総会の壇上で嘲笑されたセーラー服17歳少女→「…わかりました」10兆円全株売却で本社解体,1426,existing,E:\Data\ObsidianVault\02_Channels\シニア朗読\競合リサーチ\サムネ企画検索ポータル_20260605\thumbnail_assets\PYQ8PqSy2EQ.jpg,226659,
wSFvV23wo0o,愛しき人の人生日記,大雨の駅で倒れた老人を助けた学費滞納の22歳女子大生。数日後、ボロアパートに黒塗りの高級車が現れ…,1426,,,0,db_thumbnail_url: HTTPError
f5QzqJ5xOo4,感動スカっと人生録,「清掃員のくせに！」ボスママから老人を庇った貧乏受付嬢。老人の正体が判明した瞬間—,1425,,,0,db_thumbnail_url: HTTPError
QmMop-pNDEU,人生スカッと朗読-劇場-,母子家庭を見下すセレブなボスママ「貧乏なシンママが企画したBBQなんてキャンセルよw」その後、ボスママに悲劇が【スカッとする話】,1423,,,0,db_thumbnail_url: HTTPError
YcgMFDcHcIc,人生スカッと物語,車椅子のお婆さんを助けスーツが破れ面接官に嘲笑された貧乏就活生。翌日、1本の電話がかかって来て…,1418,,,0,db_thumbnail_url: HTTPError
nso51a8rW70,人生ドラマ,「煮物の匂いがする」と嘲笑された惣菜屋のおばあさん。ピアノに手を伸ばした瞬間、会場が拍手に包まれた｜家族｜感動話｜シニアㅣ感動ドラマㅣ老後物語ㅣ老後の知恵ㅣ老年の人生ㅣ幸せな晩年ㅣオーディオブック,1417,existing,E:\Data\ObsidianVault\02_Channels\シニア朗読\競合リサーチ\サムネ企画検索ポータル_20260605\thumbnail_assets\nso51a8rW70.jpg,177989,
-7LAJ9uDHSc,人生逆転ストーリー,「ジャマだ！」車椅子の妻に暴言を吐く乗客。次の瞬間、バス運転手が「降りてください」──その後の展開に全員が凍りつく,1414,,,0,db_thumbnail_url: HTTPError
IZZ7gpEuU3E,人生の光と影 朗読館,空腹のお爺さんに残り一つのお弁当を譲った貧しいシングルマザー。翌日、会社を解雇され絶望する彼女の前に現れたのは…,1414,,,0,db_thumbnail_url: HTTPError
-dH3EN4YaUs,人生逆転ストーリー,道端で外国人を助けた貧乏な就活生。面接に遅刻した彼女を待っていたものとは…,1412,,,0,db_thumbnail_url: HTTPError
_OMrO3Kvm58,人生スカッと物語,孫の七五三のお祝いに着物を見に来たお婆さんを“雑魚客扱い”で追い出した呉服店。翌日、お店の電話が鳴り止まない理由とは…,1411,,,0,db_thumbnail_url: HTTPError
hLRtnFr5cII,人生色々TV,「皿洗いが出しゃばるな」仏ホテル厨房で嘲笑された日本人老女…だが料理長さえ手に負えない伯爵要望の和食を作ると•••,1409,,,0,db_thumbnail_url: HTTPError
N4Z67cqTyEs,人生色々TV,清掃老婆がまさかの一言を放ち店は消え去りました…,1405,,,0,db_thumbnail_url: HTTPError
4CwpF-Rlk2k,人生スカッと物語,老婆の壊れた車椅子を修理してあげた母子家庭女子高校生。翌日、学校に黒塗りの高級車が現れ…,1403,,,0,db_thumbnail_url: HTTPError
DZXgiiRfkJo,人生逆転ドラマch,「おもちゃの指輪？w」プロポーズ中にゲラゲラ笑う同級生カップル。数ヶ月後「ここで結婚式するから」同級生「え？」,1399,existing,E:\Data\ObsidianVault\02_Channels\シニア朗読\競合リサーチ\サムネ企画検索ポータル_20260605\thumbnail_assets\DZXgiiRfkJo.jpg,65486,
BKUbu1Jm5Yk,人生逆転ドラマシアター,清掃員をかばった新人看護師がクビに…しかし翌朝、清掃員の正体が理事長だと明かされ院内が凍りついた。,1397,,,0,db_thumbnail_url: HTTPError
RPZoD-5Vruc,人生の光と影 朗読館,迷子の子供を警察まで送り就活面接に遅刻した貧乏女子大生。「時間も守れないのか」と罵られた私に、最終役員が見せた一枚の写真,1395,existing,E:\Data\ObsidianVault\02_Channels\シニア朗読\競合リサーチ\サムネ企画検索ポータル_20260605\thumbnail_assets\RPZoD-5Vruc.jpg,278137,
BIo6yoiOEGY,人生ドラマTV,7年後に判明した真実と愛！夫は余命宣告を受けていた！「なんで？そんなのあんまりだよ！」,1393,existing,E:\Data\ObsidianVault\02_Channels\シニア朗読\競合リサーチ\サムネ企画検索ポータル_20260605\thumbnail_assets\BIo6yoiOEGY.jpg,233044,
lK8dIWAcSXo,人生のヒカリ,清掃員のお婆さんにコーヒーをぶちまけた課長は、お婆さんが会長だったことを知らない。【スカッと朗読】,1386,existing,E:\Data\ObsidianVault\02_Channels\シニア朗読\競合リサーチ\サムネ企画検索ポータル_20260605\thumbnail_assets\lK8dIWAcSXo.jpg,134723,
GlJLYsEW9kY,人生逆転ドラマch,ボロ服児童に給食の残りを分けた若手女性調理員がクビに。後日，黒塗りの高級車が現れ職員が真っ青に…,1384,existing,E:\Data\ObsidianVault\02_Channels\シニア朗読\競合リサーチ\サムネ企画検索ポータル_20260605\thumbnail_assets\GlJLYsEW9kY.jpg,56026,
P4mzvvl5NmQ,人生ドラマ座,「お前クビな」人助けした派遣社員にクビ宣告。翌日、助けた老婆の夫がパワハラ現場に現れ、横暴上司が青ざめる…,1384,existing,E:\Data\ObsidianVault\02_Channels\シニア朗読\競合リサーチ\サムネ企画検索ポータル_20260605\thumbnail_assets\P4mzvvl5NmQ.jpg,210005,
pJ1znQ20E-s,人生のギフト,「家に帰りたくないんです」親に見放された少女に天ぷら蕎麦をご馳走した蕎麦屋の店主→翌日、店の前に黒塗りの高級車が並び…【感動する話】,1381,existing,E:\Data\ObsidianVault\02_Channels\シニア朗読\競合リサーチ\サムネ企画検索ポータル_20260605\thumbnail_assets\pJ1znQ20E-s.jpg,266153,
FNdQr150vCI,人生スカッと物語,「あっち行け！」銀行でたらい回しにされる老婆…翌日、たった一言で銀行が凍りついた…,1379,,,0,db_thumbnail_url: HTTPError
2SxwsbmJ-xc,人生ドラマTV,廃業寸前の銭湯に来た訳アリ少女。所持金ゼロでも無料にしてあげた結果、涙の結末に…【感動する話】,1378,existing,E:\Data\ObsidianVault\02_Channels\シニア朗読\競合リサーチ\サムネ企画検索ポータル_20260605\thumbnail_assets\2SxwsbmJ-xc.jpg,169810,
oT-lhL7IuME,潮見組　人情列伝,満員電車で痴漢される女子高校を助けたヤクザ。後日、冤罪で逮捕寸前のヤクザにまさかの奇跡が…【感動する話】,1378,,,0,db_thumbnail_url: HTTPError
FGTh3GZ4VVs,人生スカッと朗読-劇場-,友人に花婿を奪われ結婚式をドタキャンされたOL→5年後、次期社長の花嫁として入場した瞬間、後輩が凍りついた【スカッとする話】,1366,,,0,db_thumbnail_url: HTTPError
thTx2yVtYCg,愛しき人の人生日記,「工場のパート？」と同窓会で笑われた作業服の女性。10分後彼女の正体を知り同窓会が凍りついた,1354,,,0,db_thumbnail_url: HTTPError
24DlCGfG2XA,潮見組　人情列伝,下校中の女子高生に絡む自称ヤクザ達「娘が心配なら100万払えw」母「その子は危険よ！！今すぐ逃げなさい！」【感動する話】,1346,existing,E:\Data\ObsidianVault\02_Channels\シニア朗読\競合リサーチ\サムネ企画検索ポータル_20260605\thumbnail_assets\24DlCGfG2XA.jpg,292233,
GJ9nKWVMtZU,愛しき人の人生日記,不当解雇で職を失った28歳の派遣OL｡駅で老人を介抱した翌日､電話がかかってきて…,1344,,,0,db_thumbnail_url: HTTPError
R_eEoBlechQ,人生色々TV,「喉頭癌です。もって半年」余命宣告された老婆…病院である少女に出会うと、医師さえ驚愕する奇跡が起きました…,1342,,,0,db_thumbnail_url: HTTPError
7yzMU7ycaTk,面白きかな人生,「責任は全部バイトなｗ」正社員自慢の店長がバイトにミスを押し付ける。次の瞬間、オーナーからの着信に店長人生終了【面白きかな人生】,1339,existing,E:\Data\ObsidianVault\02_Channels\シニア朗読\競合リサーチ\サムネ企画検索ポータル_20260605\thumbnail_assets\7yzMU7ycaTk.jpg,184095,
MHA5dBbZcfc,感動スカっと人生録,「はずしなさい。みっともない！」形見の時計を侮辱された仲居－老舗旅館の秘密が暴かれ、全員が顔面蒼白,1339,,,0,db_thumbnail_url: HTTPError
l6LXH4CZ9Gs,人生劇場放送局,【スカッと】中卒社員にコーヒーをかけた自称エリート上司。一同爆笑、直後に会長が現れ顔面蒼白に...。【シニア】,1338,existing,E:\Data\ObsidianVault\02_Channels\シニア朗読\競合リサーチ\サムネ企画検索ポータル_20260605\thumbnail_assets\l6LXH4CZ9Gs.jpg,147819,
NfxH2lpNf6A,面白きかな人生,「あんたの席なんてないわよw」同窓会で侮辱された地味な女性→静かに退場した、次の瞬間、友人全員撤退で幹事の黒い正体が露見！【面白きかな人生】,1337,,,0,db_thumbnail_url: HTTPError
2uN5XNKxk1I,人生の縁側,会長の娘と貧乏な学生が1週間人生を交換した結果▶起きた奇跡...【感動する話】,1336,existing,E:\Data\ObsidianVault\02_Channels\シニア朗読\競合リサーチ\サムネ企画検索ポータル_20260605\thumbnail_assets\2uN5XNKxk1I.jpg,208759,
N9lGj5JoPSQ,人生の輝き,親の借金で学費が払えない貧乏学生が食堂のおばちゃんと仲良くなった。ある日、同級生「貧乏人にはお似合いｗ」とバカにされたその時…,1332,,,0,db_thumbnail_url: HTTPError
mDaPVgFLPaE,人生逆転ストーリー,「こんな時間にどちらへ？」上から目線の職質で老人を追い詰めた警官たち。しかし差し出されたバッジに全員絶句！,1331,,,0,db_thumbnail_url: HTTPError
PcFjZDa0gbU,人生の輝き,「汚いジジイが」道端でヤクザに絡まれる老人を救った少女。大切な家族が危険に晒された時、老人が現れヤクザが平伏す…,1329,,,0,db_thumbnail_url: HTTPError
e-vCpSQA5O0,人生ドラマ館,ボロ服の兄妹が倒れていたヤクザ幹部を助け「お金は、いりません」と断った翌日――町が封鎖され家の前に高級車が50台集まり、その異様な光景に母親が声を失う,1324,,,0,db_thumbnail_url: HTTPError
34s8jh4lrVA,人生の輝き,中卒の清掃員を見下し採用を拒む人事部長。翌日、その清掃員の正体が判明し会社が大パニックに…,1321,,,0,db_thumbnail_url: HTTPError
OdH-iZipI6w,人生ドラマ館,「お母さんって呼んでいいですか？」身勝手な姉が見捨てた9歳と7歳の甥姪を、独身だったギャルが愛犬と育てた結果→20年後の結婚式で語られた真実…,1319,existing,E:\Data\ObsidianVault\02_Channels\シニア朗読\競合リサーチ\サムネ企画検索ポータル_20260605\thumbnail_assets\OdH-iZipI6w.jpg,231895,
zjBTDkMRGHo,人生はバラ色,「こんなショボい料理で金取るの？」老舗の寿司屋を侮辱した財閥の御曹司── 翌日“財閥グループ不買運動”300億円損失で顔面蒼白に…,1319,existing,E:\Data\ObsidianVault\02_Channels\シニア朗読\競合リサーチ\サムネ企画検索ポータル_20260605\thumbnail_assets\zjBTDkMRGHo.jpg,191121,
f-2U_H1kTD8,愛しき人の人生日記,「もうダメです」上司のパワハラで退職寸前の新人OL。彼女と仲の良かった警備員の老人が本気を出す…,1318,,,0,db_thumbnail_url: HTTPError
PLbZmJ38W6E,人生逆転ドラマシアター,高級旅館の社長夫人に“給料泥棒”扱いされクビ…翌朝、宿が地獄絵図に変貌,1316,,,0,db_thumbnail_url: HTTPError
lLPowo5zShg,人生を紡ぐ,「負け組」と中学時代俺を見下した令嬢が特上うな重の配達に来た。「お前が配達？何があった？」→俺が特上うな重を注文し続けた結果…【感動する話】,1313,existing,E:\Data\ObsidianVault\02_Channels\シニア朗読\競合リサーチ\サムネ企画検索ポータル_20260605\thumbnail_assets\lLPowo5zShg.jpg,242204,
W-loR7w9Ei0,人生の光と影 朗読館,難病の娘を支えるシングルマザー。面接に向かう電車内で車椅子の女性を助けた結果…,1312,existing,E:\Data\ObsidianVault\02_Channels\シニア朗読\競合リサーチ\サムネ企画検索ポータル_20260605\thumbnail_assets\W-loR7w9Ei0.jpg,200402,
voCEVnBDdS0,潮見組　人情列伝,農道で倒れるヤクザに定食をおごった店主→5年後地上げ屋に潰され立ち退きの危機に見覚えのあるヤクザ現れ…【感動する話】,1309,existing,E:\Data\ObsidianVault\02_Channels\シニア朗読\競合リサーチ\サムネ企画検索ポータル_20260605\thumbnail_assets\voCEVnBDdS0.jpg,323700,
Ey9fCrQfgr0,人生のシナリオ,【感動する話】解雇された23歳の女性整備士が、廃車寸前の伝説の名車を拾った→後日、工場の前に100台の高級車が現れ…,1302,existing,E:\Data\ObsidianVault\02_Channels\シニア朗読\競合リサーチ\サムネ企画検索ポータル_20260605\thumbnail_assets\Ey9fCrQfgr0.jpg,327561,
XtM4cRA4yVQ,人生ドラマ館,廃線寸前で仕事を失うかもしれない50歳の独身男性→終電後、毎晩駅のベンチで号泣するギャルに「うちに泊まるか？」放っておけずに助けた結果…,1299,,,0,db_thumbnail_url: HTTPError
AWHYoSNoROw,人生色々TV,後日、店がまさかの事態となりました…,1298,,,0,db_thumbnail_url: HTTPError
sKqsnu3BCLk,人生ドラマ座,ホームレスに親切にした女性のタクシー運転手は解雇された。しかし翌日、彼女の前に財閥グループ会長が現れて…【感動ストーリー】,1296,existing,E:\Data\ObsidianVault\02_Channels\シニア朗読\競合リサーチ\サムネ企画検索ポータル_20260605\thumbnail_assets\sKqsnu3BCLk.jpg,241741,
W49jlmYieng,人生ドラマ館,「あの雪、甘いかな？」大雪の降る夜にバス停で母親を待つ4歳の男の子→たまらず声をかけてファミレスで子守りをした結果…,1293,,,0,db_thumbnail_url: HTTPError
OK9xhHvwQ_Q,人生の輝き,銀行にボロ服で現れた老婆の預金手続きを拒否したエリート銀行員。10分後、銀行員「許してください…！」拒否した結果,1293,,,0,db_thumbnail_url: HTTPError
yT8B5Q6Hct4,人生ドラマ,日本人の少女を弱いと笑ったアメリカ人は知らなかった。彼女が世界に誇る柔道名門の正統継承者であることを｜家族｜朗読｜シニア物語 感動ドラマㅣ老後物語ㅣ老後の知恵ㅣ老年の人生ㅣ幸せな晩年ㅣオーディオブック,1284,existing,E:\Data\ObsidianVault\02_Channels\シニア朗読\競合リサーチ\サムネ企画検索ポータル_20260605\thumbnail_assets\yT8B5Q6Hct4.jpg,202873,
1HCQQUu0DDg,人生ドラマ座,老人の話し相手になった清掃員。翌日クビを言い渡されたが、その老人が会長と知った瞬間に全てが変わった,1280,existing,E:\Data\ObsidianVault\02_Channels\シニア朗読\競合リサーチ\サムネ企画検索ポータル_20260605\thumbnail_assets\1HCQQUu0DDg.jpg,145115,
czmvx4vSugQ,人生ドラマTV,寿司屋の若女将が億万長者会長の時計を見て「あ！母のと全く同じです！」,1280,existing,E:\Data\ObsidianVault\02_Channels\シニア朗読\競合リサーチ\サムネ企画検索ポータル_20260605\thumbnail_assets\czmvx4vSugQ.jpg,147377,
DHfUdfOfsW0,人生の輝き,「そんなに汚れた手で」息子の結婚式で嫁の親族に罵られた農家の父親。その時彼が見せた「汚れた手」の真実に、会場が静寂に包まれた――。,1280,,,0,db_thumbnail_url: HTTPError
eqnxfLK67XA,感動スカっと人生録,車椅子の老人を助けたOLに暴言…運転手が『バス降りて』に『はぁ⁈』衝撃の結末とは,1279,,,0,db_thumbnail_url: HTTPError
Z457FgLgqP0,潮見組　人情列伝,大金の入った封筒をヤクザに届けた無一文のシングルマザー。その姿を見た組長はその場で泣き崩れた→実は…【感動する話】,1265,existing,E:\Data\ObsidianVault\02_Channels\シニア朗読\競合リサーチ\サムネ企画検索ポータル_20260605\thumbnail_assets\Z457FgLgqP0.jpg,302013,
0bTJKJbR1TY,人生はバラ色,「汚いババアの店は勘弁w」60人予約を当日ドタキャンしたエリート幹事→お婆さん「同窓会なら昨日終わってますけど？」と伝えた結果…,1264,existing,E:\Data\ObsidianVault\02_Channels\シニア朗読\競合リサーチ\サムネ企画検索ポータル_20260605\thumbnail_assets\0bTJKJbR1TY.jpg,140639,
rX5iMupvfcA,潮見組　人情列伝,低学歴だと見下され社員旅行から5分で帰宅してきた妹「高卒は参加資格ないって社長が…」「行くぞ、お前ら」ヤクザ組長の父が100人の部下を召集【感動する話】,1263,existing,E:\Data\ObsidianVault\02_Channels\シニア朗読\競合リサーチ\サムネ企画検索ポータル_20260605\thumbnail_assets\rX5iMupvfcA.jpg,287485,
qhpYutmeau0,人生ドラマ,「銀行でお金を下ろすと窓口がメモで『おばあさん 逃げて』. 振り向かず必死に走りました｜嫁姑｜家族｜感動話｜朗読｜シニアㅣ感動ドラマㅣ老後物語ㅣ老後の知恵ㅣ老年の人生ㅣ幸せな晩年ㅣオーディオブック」,1255,existing,E:\Data\ObsidianVault\02_Channels\シニア朗読\競合リサーチ\サムネ企画検索ポータル_20260605\thumbnail_assets\qhpYutmeau0.jpg,169274,
8lY32iaQvpE,人生劇場放送局,【スカッと】日本人の少女を見下す男は知らなかった。彼女が数学の天才だということを...。【シニア】,1255,existing,E:\Data\ObsidianVault\02_Channels\シニア朗読\競合リサーチ\サムネ企画検索ポータル_20260605\thumbnail_assets\8lY32iaQvpE.jpg,134536,
CQNwrm_ubd4,人生ドラマ館,学校イチのイケメン陽キャにいじめられていた地味な男子高生。15年後、元いじめっ子に屈辱的な仕返しをする…！,1253,,,0,db_thumbnail_url: HTTPError
cuCyn75Plf4,人生逆転ストーリー,「どうせ払えないでしょ？ 帰るなら今ですよ」高級寿司店でバカにされた老夫婦「…出て行くのはどちらかな？」翌日、一本の電話が…,1243,,,0,db_thumbnail_url: HTTPError
LpShciPYRWA,愛しき人の人生日記,「貧乏くせぇもん持ってくんな!!」弁当を踏み潰された新入社員。それを見ていた清掃員が一週間後…,1239,,,0,db_thumbnail_url: HTTPError
Tx4_riiRfos,人生ドラマTV,銀座の宝飾店で貧乏人に笑顔で対応した彼女は左遷となった…翌日、店長がクビになった【スカッと】,1238,existing,E:\Data\ObsidianVault\02_Channels\シニア朗読\競合リサーチ\サムネ企画検索ポータル_20260605\thumbnail_assets\Tx4_riiRfos.jpg,155005,
gsVwVdtFNL8,人生の輝き,貧困家庭で高校進学を諦めさせられた少女。ある夜、彼女は自作の望遠鏡で発見した星にNASAが…,1236,,,0,db_thumbnail_url: HTTPError
Eqlml26-THk,人生スカッと物語,「お荷物扱い」で嘲笑された定年社員のお婆さん。退職日、全社員が凍りついた…,1234,,,0,db_thumbnail_url: HTTPError
72_hlcr0G9k,愛しき人の人生日記,「場違いよw」同窓会で有名企業役員の女に嘲笑された同級生。数日後、夫の会社をぶっ潰してやりました,1228,,,0,db_thumbnail_url: HTTPError
1auftQxLAaY,人生の輝き,「年金では無理w」軽トラに乗る老人を侮辱した高級車ディーラー営業部長。直後、老人が携帯を取り出し一言…翌日部長はいなくなっていた…,1226,,,0,db_thumbnail_url: HTTPError
BmpGBp0BfYI,愛しき人の人生日記,街中で倒れていた元ヤクザを助け商談に遅刻したOL。翌日､会社に一本の電話がかかってきて…,1220,,,0,db_thumbnail_url: HTTPError
zyXGLCLbN88,仁義と人生の部屋,廃業寸前に100食の弁当をキャンセルされたシングルマザー。ヤクザに「明日ここに来い」と言われ、事務所に向かうと大量の男たちが…【感動する話】,1219,,,0,db_thumbnail_url: HTTPError
HLZES00tAiw,愛しき人の人生日記,街中で倒れていたお爺さんを助けた新入社員。プレゼンに遅刻し､大口契約を打ち切られた結果…,1219,,,0,db_thumbnail_url: HTTPError
9Ry-Vkm9plg,面白きかな人生,「賞味期限1日切れたので500万分返品ねw」1ヶ月前の納品にケチをつけられた老店舗→翌朝、衝撃のニュースで店長蒼白！【面白きかな人生】,1213,,,0,db_thumbnail_url: HTTPError
2JBweYklpeI,人生の輝き,高校生に全財産盗まれたホームレスに、母の手術費用の20万円を渡した極貧の派遣社員。翌日、会社に黒塗りの高級車が次々現れて…,1213,,,0,db_thumbnail_url: HTTPError
L8OW3hIAZTY,感動スカっと人生録,貧困女子大生が老人を助け最終面接遅刻—理不尽の末に訪れた意外な結末,1213,,,0,db_thumbnail_url: HTTPError
ZdWxID8RYCU,人生逆転ストーリー,「清掃員が社員旅行？行けるわけないでしょ」嘲笑されたおばあさん──しかし“宿の支配人”が放った一言で、空気が一変した,1212,,,0,db_thumbnail_url: HTTPError
Qd74reYOcWM,人生スカッと物語,「ひったくり！捕まえて！」お金を盗まれお婆さんに全財産1000円を渡した施設育ちの少女、翌日突然姿を消した…,1210,,,0,db_thumbnail_url: HTTPError
WFLCarN1eBU,人生逆転ドラマシアター,【教訓】「見てるだけで不快です」——外見で人を判断した女性社員が最後に気づいたこと,1206,existing,E:\Data\ObsidianVault\02_Channels\シニア朗読\競合リサーチ\サムネ企画検索ポータル_20260605\thumbnail_assets\WFLCarN1eBU.jpg,297132,
uFRICZOQl6c,心に響く人生ドラマ日誌,新人の派遣社員にコーヒーをかける課長。数日後、彼女が社長の娘だと判明し…,1206,,,0,db_thumbnail_url: HTTPError
ljsQeE3FtQk,人生色々TV,両家顔合わせで嘲笑された大工の父…その2年後、義父依頼の工事現場でまさかの事態が・・・,1205,existing,E:\Data\ObsidianVault\02_Channels\シニア朗読\競合リサーチ\サムネ企画検索ポータル_20260605\thumbnail_assets\ljsQeE3FtQk.jpg,192365,
l4Mmpoz3UTk,人生色々TV,「ボロ服じゃ寿司握れねえな」老夫婦を見下した大将…翌朝、仲買の一言で大将が顔面蒼白・・・,1203,,,0,db_thumbnail_url: HTTPError
TTU6dVuqWZ0,面白きかな人生,「油ごときで高過ぎ！1000万キャンセルで」と嘲る高級天ぷら店大将→翌日、特許の油撤去で30店舗営業停止！【面白きかな人生】,1202,,,0,db_thumbnail_url: HTTPError
ezLObetS19w,人生スカッと朗読-劇場-,バレエ教室のボスママに入所初日からいびられた私。後日、5歳の娘が強烈な仕返しをしてしまい→全員凍りつく【スカッとする話】,1200,,,0,db_thumbnail_url: HTTPError
93HelXWTvh8,人生逆転ストーリー,社運を懸けた100億の商談直前に上司「お前は黙って座ってろ」「手柄は全部俺なw」→質問ラッシュで沈黙…男が“動かない”理由に会議室が凍りつく,1198,,,0,db_thumbnail_url: HTTPError
aZuD56lYLd0,人生スカッと物語,雨の夜、道端で倒れたお婆さんを介抱した配達アルバイトの少女。数日後、営業所を囲んだ高級車の正体とは…,1198,,,0,db_thumbnail_url: HTTPError
JWi2h1SnWvw,愛しき人の人生日記,｢あ、お前クビな｣迷子の児童を助けた派遣OLがクビに。翌日現れた人物に人事が凍りついた…,1196,,,0,db_thumbnail_url: HTTPError
xvmZGYdVb7g,人生の輝き,「田舎教師の分際で」進学校でバカにされた女性。だが彼女がたった3秒で見抜いた真実に教育委員会が震撼した…,1193,,,0,db_thumbnail_url: HTTPError
D0XS1owSlTo,人生色々TV,兄の部屋で偶然見つけた一枚の紙…それの意味を知った私は泣き崩れました…,1192,,,0,db_thumbnail_url: HTTPError
cLqSPwGrjwk,人生色々TV,公園の段ボールに身を寄せることに…「ここにいたのですか•••」声をかけた人物はまさかの人でした…,1190,,,0,db_thumbnail_url: HTTPError
SgxujPsXtgg,人生の輝き,高級フレンチでシングルマザーを嘲笑したボスママ。3分後、遅れて現れた人物を見た瞬間、全員が凍りついた…,1190,,,0,db_thumbnail_url: HTTPError
XcZW-Ed2M1Q,人生スカッと物語,「銀行を変える？お好きにどうぞw」融資を断られたお婆さん数日後、支店長の膝がガクガク崩れ落ち…,1185,,,0,db_thumbnail_url: HTTPError
ApzLTcSfn_A,人生逆転ストーリー,スーパーで“万引きお爺さん”をかばった貧乏店員のおばあさん。後日、店に黒塗りの高級車が現れ…！？,1182,,,0,db_thumbnail_url: HTTPError
N2YbXRxznA0,人生逆転ドラマch,｢お父さんの仕事ゴミ集め？w｣ゲラゲラ笑われる少女。卒業式の日の朝，ニュースを見て全員が凍りつく…,1172,existing,E:\Data\ObsidianVault\02_Channels\シニア朗読\競合リサーチ\サムネ企画検索ポータル_20260605\thumbnail_assets\N2YbXRxznA0.jpg,65333,
El5COOxkgxg,人生色々TV,「汚れるから触るな！」設営者が罵声を浴びせた…しかし、男がピアノを弾き続けると一人の女が泣き崩れました…,1170,,,0,db_thumbnail_url: HTTPError
cpG9kEMlaXI,人生逆転ドラマch,「50人分キャンセルでw」貧乏な定食屋の私を見下す同級生。「予約入ってませんよ」同級生「えっ？」,1167,existing,E:\Data\ObsidianVault\02_Channels\シニア朗読\競合リサーチ\サムネ企画検索ポータル_20260605\thumbnail_assets\cpG9kEMlaXI.jpg,160252,
V4e58X7_GaA,人生のギフト,「時給100円でいいので…」廃業寸前の豆腐屋に来た片腕の15歳少女→68歳店主が月給23万円で雇った結果、翌日、驚きの展開に...【感動する話】,1165,existing,E:\Data\ObsidianVault\02_Channels\シニア朗読\競合リサーチ\サムネ企画検索ポータル_20260605\thumbnail_assets\V4e58X7_GaA.jpg,155333,
kV7NhTAwsCY,潮見組　人情列伝,財布を忘れた客に自慢の寿司をご馳走する廃業寸前の店主。誠実さに感銘を受けたヤクザ組長が出したあり得ないお礼が…【感動する話】,1164,existing,E:\Data\ObsidianVault\02_Channels\シニア朗読\競合リサーチ\サムネ企画検索ポータル_20260605\thumbnail_assets\kV7NhTAwsCY.jpg,276107,
cvYIji1Sr5Q,人生の光と影 朗読館,雪の中で老婦人を助けた貧乏女子大生。翌日、会場の空気が一瞬で凍りついた…,1156,,,0,db_thumbnail_url: HTTPError
16-Dk05nWNY,人生はバラ色,「貧乏企業は潰れろw」ボロ作業服の老人を見下したエリート銀行員、翌日、 1兆円”の解約申請で銀行騒然、支店長が顔面蒼白に,1154,existing,E:\Data\ObsidianVault\02_Channels\シニア朗読\競合リサーチ\サムネ企画検索ポータル_20260605\thumbnail_assets\16-Dk05nWNY.jpg,178618,
58IWkBRBnIw,心に響く人生ドラマ日誌,豪雨で冠水した道で老婆を救った、いじめられっ子の貧乏女子校生。翌日、学校の前に黒塗りの高級車が現れ…,1149,existing,E:\Data\ObsidianVault\02_Channels\シニア朗読\競合リサーチ\サムネ企画検索ポータル_20260605\thumbnail_assets\58IWkBRBnIw.jpg,158276,
F-nkDdru1Gw,潮見組　人情列伝,連れ子の少女を家族扱いせず冷たく突き放す父親。その光景に耐えきれず少女を救ったのは一人のヤクザだった【感動する話】,1149,existing,E:\Data\ObsidianVault\02_Channels\シニア朗読\競合リサーチ\サムネ企画検索ポータル_20260605\thumbnail_assets\F-nkDdru1Gw.jpg,198220,
hRfqXcvmWok,心に響く人生ドラマ日誌,「お世話になりました」 課長のパワハラで退職する派遣OL。彼女と仲良かった清掃員のおばさんが本気を出す…,1148,existing,E:\Data\ObsidianVault\02_Channels\シニア朗読\競合リサーチ\サムネ企画検索ポータル_20260605\thumbnail_assets\hRfqXcvmWok.jpg,147607,
7JqTpR_HC5c,人生逆転ストーリー,『場違いな貧乏人は帰れ』と高級旅館を追い出されかけた農家の男…“古びた鍵”を出した瞬間、オーナーが青ざめ土下座！,1145,,,0,db_thumbnail_url: HTTPError
V14NXREyP6s,愛しき人の人生日記,「ギャルが筆頭株主？クビにみろw」総会で少女を馬鹿にした役員。｢では､臨時株主総会開きます｣→結果,1145,existing,E:\Data\ObsidianVault\02_Channels\シニア朗読\競合リサーチ\サムネ企画検索ポータル_20260605\thumbnail_assets\V14NXREyP6s.jpg,225726,
CPjTULwbUJ0,人生色々TV,彼女の人生がまさかの事態となってしまいました…,1144,,,0,db_thumbnail_url: HTTPError
5F0sQQfLnCI,人生のギフト,「僕は水でいいです」借金2000万円で潰れかけの中華料理屋に現れた痩せ細った兄弟→弟にチャーハンを譲る姿に店主がもう一皿出した結果、10年後信じられない展開に…【感動する話】,1135,existing,E:\Data\ObsidianVault\02_Channels\シニア朗読\競合リサーチ\サムネ企画検索ポータル_20260605\thumbnail_assets\5F0sQQfLnCI.jpg,251307,
buj-HjaFFkI,面白きかな人生,「ここはババアが来る店じゃねぇ」SNS映えで話題の居酒屋で店長が赤ワインをわざと浴びせ嘲笑。だが数日後、その女性の正体に凍り付く…【面白きかな人生】,1130,,,0,db_thumbnail_url: HTTPError
QK0AhqVRAo0,人生ドラマTV,明日、借金1500万で差し押さえられる蕎麦屋の店主。無一文の外国人客に無料で蕎麦を振る舞った結果【感動する話】,1130,existing,E:\Data\ObsidianVault\02_Channels\シニア朗読\競合リサーチ\サムネ企画検索ポータル_20260605\thumbnail_assets\QK0AhqVRAo0.jpg,158160,
nXj-q3LOLeA,人生色々TV,医師さえ信じられない事が勃発し院内が大混乱に…,1128,,,0,db_thumbnail_url: HTTPError
Ctn_ZY2_lqk,人生の輝き,商店街の片隅で、客足が少なく今にも潰れそうな質屋の店主。ある日、資金繰りに困って、銀行の融資相談も断られ絶望した瞬間、奥から出てきたのは…,1128,,,0,db_thumbnail_url: HTTPError
eHlYPoRXK80,面白きかな人生,「借金のある女は不合格だ！」、10年同棲した彼に「出て行け」と罵倒された私→「あなた、何も知らないのね」彼「え？」【面白きかな人生】,1126,existing,E:\Data\ObsidianVault\02_Channels\シニア朗読\競合リサーチ\サムネ企画検索ポータル_20260605\thumbnail_assets\eHlYPoRXK80.jpg,280416,
NyKHJXneOeE,人生スカッと物語,「あなたの席はないわよw」高級フランス料理店のママ友会で私を嘲笑するボスママ。私「大丈夫です、私も約束してるので！」→ママ友全員が顔面蒼白に…,1125,,,0,db_thumbnail_url: HTTPError
qPhNIoDugGI,感動スカっと人生録,"使えない年寄りは邪魔と言われた運転手,翌日高級車で『探していました』という老人の正体に震えた",1124,,,0,db_thumbnail_url: HTTPError
gg4o6JicimU,人生の輝き,「邪魔だから消えろ」と夜遅くまで働く清掃員の女性をゴミ扱いしたエリート部長が、次の日から急に敬語になった理由とは…,1123,,,0,db_thumbnail_url: HTTPError
HRa2iHm2tak,愛しき人の人生日記,｢年収180万w｣授業参観でゲラゲラ笑う保護者､すると老人が｢お嬢様ドルです｣保護者｢え?｣,1120,,,0,db_thumbnail_url: HTTPError
pma0G4GH7dM,面白きかな人生,「この辺はウチが仕切ってるのよw」組長の一人娘と知らず、いじめ続けるボスママ。後日○○で、ママ友全員が凍りついた【面白きかな人生】,1115,existing,E:\Data\ObsidianVault\02_Channels\シニア朗読\競合リサーチ\サムネ企画検索ポータル_20260605\thumbnail_assets\pma0G4GH7dM.jpg,306080,
zsoOqGhWnWY,人生逆転ストーリー,全焼寸前の家からおじいさんを救い出した貧乏な就活生。最終面接に遅れた彼を待っていた“意外すぎる結末”とは…,1112,,,0,db_thumbnail_url: HTTPError
bWnOOwJ4XAk,人生の光と影 朗読館,「汚い格好で来るな」面接で追い出された女子大生。前夜、彼女が介抱した倒れた女性はホテルオーナーで…,1112,,,0,db_thumbnail_url: HTTPError
Y4ujRufpdJE,人生ドラマ,「皆が無視した老人に千円を差し出した学生…翌日、学校の前に黒いベンツが止まっていた」家族｜感動話｜朗読ドラマ｜シニア物語 感動ドラマㅣ老後物語ㅣ老後の知恵ㅣ老年の人生ㅣ幸せな晩年ㅣオーディオブック」,1110,existing,E:\Data\ObsidianVault\02_Channels\シニア朗読\競合リサーチ\サムネ企画検索ポータル_20260605\thumbnail_assets\Y4ujRufpdJE.jpg,185977,
ntxYXRpy5yk,人生スカッと物語,大雪の中、老婆を助け受験に遅刻した貧乏少女。翌日、学校の前に黒塗りの高級車が現れ…,1109,,,0,db_thumbnail_url: HTTPError
7fuX_nJXWQk,感動スカっと人生録,「その安物の時計、どこの？」同窓会で嘲笑された女性…3ヶ月後、震える声で「先生」と呼んだのは同じ男だった,1108,,,0,db_thumbnail_url: HTTPError
2A9YImTVvxU,人生ドラマ館,所持金100円の少年に花束を渡したアルバイト店員がクビに　後日、店の前に高級車が現れ店長は凍り付いた…,1106,,,0,db_thumbnail_url: HTTPError
BG2uu1RbBgI,人生のヒカリ,大雪のなかお婆さんの車を修理した16歳の貧乏女性整備士。翌日、店の前に高級車が現れ...,1098,existing,E:\Data\ObsidianVault\02_Channels\シニア朗読\競合リサーチ\サムネ企画検索ポータル_20260605\thumbnail_assets\BG2uu1RbBgI.jpg,146489,
JS0SCTExEHA,人生はバラ色,高級寿司店でエリート銀行員にバカにされた老夫婦　翌日、 8000億円 の解約申請で銀行が騒然、全員が凍り付いた…,1097,existing,E:\Data\ObsidianVault\02_Channels\シニア朗読\競合リサーチ\サムネ企画検索ポータル_20260605\thumbnail_assets\JS0SCTExEHA.jpg,190476,
uB5eaRt6H8M,人生の光と影 朗読館,九九もできなかった少年を助けた女子大生。20年後、彼の恩返しが人生を動かす…,1097,,,0,db_thumbnail_url: HTTPError
I7fjiMnpKWM,人生ドラマ館,「地味すぎるし臭いから帰ってくんない？」ボロ作業服で同窓会に来た彼女を嘲笑う社長夫人の同級生。翌日、10億の出資停止に凍りついた…,1096,,,0,db_thumbnail_url: HTTPError
hujhkmtYdT8,人生ドラマ座,高級寿司屋でヤクザに絡まれる老人…だが、その正体が明かされた瞬間、全員が凍りついた,1091,existing,E:\Data\ObsidianVault\02_Channels\シニア朗読\競合リサーチ\サムネ企画検索ポータル_20260605\thumbnail_assets\hujhkmtYdT8.jpg,165999,
P8-r-FtZLvg,人生スカッと物語,"倒れている老人に""ラーメン""をサービスした母子家庭の少女。後日、少女が営むラーメン屋に、ある人物が現れー",1091,,,0,db_thumbnail_url: HTTPError
rUA6Ntu_YCQ,人生のギフト,借金5000万円で廃業寸前の蕎麦屋の店主ー身寄りのないボロ服の老婆にあたたかい蕎麦を振る舞った結果…【感動する話】,1091,existing,E:\Data\ObsidianVault\02_Channels\シニア朗読\競合リサーチ\サムネ企画検索ポータル_20260605\thumbnail_assets\rUA6Ntu_YCQ.jpg,279474,
6H2GXxbnrS4,心に響く人生ドラマ日誌,解雇された貧乏派遣社員。倒れた老人を助けた翌朝、取引先から着信が...,1089,,,0,db_thumbnail_url: HTTPError
rb3CzaY8M0I,潮見組　人情列伝,誰も助けない意識不明の老婆を助けた刺青ヤクザ。老婆の正体が超大物でこの出会いがヤクザの人生を180°変える展開に…【感動する話】,1089,existing,E:\Data\ObsidianVault\02_Channels\シニア朗読\競合リサーチ\サムネ企画検索ポータル_20260605\thumbnail_assets\rb3CzaY8M0I.jpg,288757,
DtYbpAMia6A,愛しき人の人生日記,市場で万引きしたお爺さんを助けたシングルマザーの店員。後日、再び現れた老人の正体に驚愕し…,1083,,,0,db_thumbnail_url: HTTPError
GScawXVZrxU,人生の光と影 朗読館,貧相な少年にかけうどんを振る舞うシングルマザー。翌日、超一流企業の社長が現れ…,1082,,,0,db_thumbnail_url: HTTPError
xjjvVdGBEj8,人生の輝き,新しい上司に営業成績を侮辱され絶望する男性。だが、クビ目前に現れた人物が全てを変えた…,1081,,,0,db_thumbnail_url: HTTPError
GKQXBiPpOBE,人生はバラ色,「老害は消えろw」東大卒エリート社長に解雇された65歳老人→翌日、全銀行システムダウンで500億の損害が出て、社長が顔面蒼白に…,1079,existing,E:\Data\ObsidianVault\02_Channels\シニア朗読\競合リサーチ\サムネ企画検索ポータル_20260605\thumbnail_assets\GKQXBiPpOBE.jpg,160847,
qzDJ-Xvqikk,面白きかな人生,【肉声朗読】入国審査で「観光？この歳で？」と鼻で笑われ拒否された71歳男性、翌朝の全米CNNニュースが騒然！実は彼はとんでもない人物だった…【面白きかな人生】,1075,,,0,db_thumbnail_url: HTTPError
HVc2FVPDG6w,人生の輝き,銀行でオレオレ詐欺の被害者扱いをされた75歳男性。窓口で認知症疑いをかけられた瞬間、提示した1枚の紙に銀行員全員が震え上がり…,1073,,,0,db_thumbnail_url: HTTPError
lOittue_75w,人生はバラ色,「親もどうせ貧乏なんだろｗ顔が見たいわｗ」22歳新人看護師を侮辱したお局看護師→5分後、理事長の父が現れ土下座謝罪w,1065,existing,E:\Data\ObsidianVault\02_Channels\シニア朗読\競合リサーチ\サムネ企画検索ポータル_20260605\thumbnail_assets\lOittue_75w.jpg,219870,
XNizqH9byhc,面白きかな人生,【肉声朗読】「お前みたいな年寄りはもういらない」工場長から切り捨てられた72歳職人、雨の日に拾った子犬に食事を与えた結果とんでもないことに！【面白きかな人生】,1064,,,0,db_thumbnail_url: HTTPError
3qlmC49R2Ww,人生逆転ドラマシアター,『年金だけの暮らし？』笑われた日の帰り道、黒塗りの高級車が私を迎えに来た理由,1064,,,0,db_thumbnail_url: HTTPError
fUrI_C4nfSA,人生逆転ドラマシアター,【教訓】銀行で起きた出来事から学ぶ−−何気ない一言が生むもの「人との向き合い方」,1062,existing,E:\Data\ObsidianVault\02_Channels\シニア朗読\競合リサーチ\サムネ企画検索ポータル_20260605\thumbnail_assets\fUrI_C4nfSA.jpg,292479,
dfd3UecZlE0,人生の輝き,「ポンコツ警備員が」と罵倒されたお爺さん。だが、辞表届に書かれた一行で刑事100人が凍りついた…,1060,,,0,db_thumbnail_url: HTTPError
-7nUOOdxWRQ,人生の光と影 朗読館,「お前はクビだ！」廃棄弁当をホームレスにあげて解雇されたコンビニのアルバイト店員。しかし、彼のもとに黒塗りの高級車が現れて…,1059,,,0,db_thumbnail_url: HTTPError
fr-5pU30KcM,人生ドラマ,【感動×奇跡】「汚れた手」と呼ばれたホームレスの老女が奏でた一曲に、広場が涙で包まれた――｜感動実話｜音楽の奇跡｜朗読ドラマ｜老後の物語｜人生の再出発｜シニア感動｜オーディオブックㅣ幸せな晩年ㅣ生き方,1058,existing,E:\Data\ObsidianVault\02_Channels\シニア朗読\競合リサーチ\サムネ企画検索ポータル_20260605\thumbnail_assets\fr-5pU30KcM.jpg,231568,
ie1tHM013fw,人生はバラ色,「クビで当然！」給食の残りを児童に分けた先生を即日解雇した校長…翌日、学校の前に黒塗りの高級車が現れ…,1052,existing,E:\Data\ObsidianVault\02_Channels\シニア朗読\競合リサーチ\サムネ企画検索ポータル_20260605\thumbnail_assets\ie1tHM013fw.jpg,162204,
CdIQQzpbXQY,愛しき人の人生日記,「この万引き犯!｣と決めつけられたお婆さんを助けたパート社員シングルマザーがクビに。翌日、店に現れた人物に店長が青ざめた…,1052,,,0,db_thumbnail_url: HTTPError
UYXStu8Tnds,人生逆転ストーリー,「なぜ君たちが…その名前を？」実の孫と知らずに出会った幼い兄妹。落ちていた布バッグに書かれた一行が、財閥会長の人生を狂わせた,1051,,,0,db_thumbnail_url: HTTPError
4s2zTtuLivA,人生はバラ色,「借金持ちの底辺女は来る資格なし！帰れよｗ」社長令嬢に歓迎会でスーツを引き裂かれた貧乏女性新入社員→それを見た会長「お嬢様！」会場全体が凍りついた,1049,existing,E:\Data\ObsidianVault\02_Channels\シニア朗読\競合リサーチ\サムネ企画検索ポータル_20260605\thumbnail_assets\4s2zTtuLivA.jpg,261734,
glW_hMDSECY,人生ドラマ座,「汚い手で触るな！」ピアノの前に立つホームレスの老人は人々から罵声を浴びた。だが、老人を知る人物が現れ…,1042,existing,E:\Data\ObsidianVault\02_Channels\シニア朗読\競合リサーチ\サムネ企画検索ポータル_20260605\thumbnail_assets\glW_hMDSECY.jpg,219664,
wqSkfu754pw,人生の輝き,「子供が会社に口を出すな」臨時株主総会で侮辱された中学生が、たった一通の遺言書で巨大商社の分裂を止めた…,1041,,,0,db_thumbnail_url: HTTPError
4DvCC0PnmoU,人生逆転ストーリー,定年後、何もない毎日が変わった。心理学が教える「老後が明るくなる習慣」3選【居場所・未来・お金編】,1038,existing,E:\Data\ObsidianVault\02_Channels\シニア朗読\競合リサーチ\サムネ企画検索ポータル_20260605\thumbnail_assets\4DvCC0PnmoU.jpg,237657,
MvjkyA2ocNU,面白きかな人生,給食費も払えず苛められていた同級生にそっとパンを差し出した放課後。10年後、えん罪で拘束された俺の前に現れた女性を見て言葉を失った【面白きかな人生】,1037,,,0,db_thumbnail_url: HTTPError
eCbNQgIwjPw,人生の裏側,病院の清掃員を不当解雇した男は知らなかった。この穏やかなジジイの正体を→翌日、病院の駐車場に黒塗りの車が30台到着し…【感動する話】,1037,existing,E:\Data\ObsidianVault\02_Channels\シニア朗読\競合リサーチ\サムネ企画検索ポータル_20260605\thumbnail_assets\eCbNQgIwjPw.jpg,277510,
PCuiYkY8l-s,人生逆転ドラマch,飛行機でおじさんに罵倒される親子。ＣＡが｢別席に移動していただけますか｣と声をかけた結果…,1034,existing,E:\Data\ObsidianVault\02_Channels\シニア朗読\競合リサーチ\サムネ企画検索ポータル_20260605\thumbnail_assets\PCuiYkY8l-s.jpg,139157,
GxLAjz3M0ko,人生ドラマTV,凍える外国人親子を廃業寸前の旅館が「無料のおもてなし」→3ヶ月後、まさかの出来事に…【感動する話】,1033,existing,E:\Data\ObsidianVault\02_Channels\シニア朗読\競合リサーチ\サムネ企画検索ポータル_20260605\thumbnail_assets\GxLAjz3M0ko.jpg,202825,
iQ_JLL_U838,人生スカッと物語,「おい、万引き犯！」濡れ衣を着せられたお婆さんを庇った派遣社員。翌日、お店に黒塗りの高級車が現れ…,1030,,,0,db_thumbnail_url: HTTPError
khzpdy-UZ0M,人生はバラ色,「こんなボロ店で新年会！全部キャンセルでww」老舗の料亭を罵倒したエリート会社員→翌日、その店が“会長の行きつけ”と知り絶望…,1029,existing,E:\Data\ObsidianVault\02_Channels\シニア朗読\競合リサーチ\サムネ企画検索ポータル_20260605\thumbnail_assets\khzpdy-UZ0M.jpg,168953,
1XgCC-RPdSE,人生はバラ色,「派遣のくせに英語？笑わせるなw」会議で恥をかかせるため英語プレゼンを押し付けたエリート上司→彼女が流暢な英語で話し始めた瞬間、取引先社長が立ち上がり…上司は即日クビ,1027,existing,E:\Data\ObsidianVault\02_Channels\シニア朗読\競合リサーチ\サムネ企画検索ポータル_20260605\thumbnail_assets\1XgCC-RPdSE.jpg,247652,
-SkQy-sjRoU,人生逆転ストーリー,新人派遣社員にコーヒーをかけた部長――実は彼女は創業者の孫だった！？正体を知った瞬間、顔面蒼白！,1026,,,0,db_thumbnail_url: HTTPError
7Nngvs3tLV0,感動スカっと人生録,歩道橋で鞄を盗まれた老人に1000円を渡した貧乏女子高生。翌朝、校門に停まった黒塗りの車から現れたのは…,1024,,,0,db_thumbnail_url: HTTPError
WMV7l--hatE,面白きかな人生,「保険証も出せないの？」と鼻で笑い老人を追い返した医師…翌日、厚労省から直通電話！老人の正体に凍りつく【面白きかな人生】,1022,,,0,db_thumbnail_url: HTTPError
6zt6RwS3cwo,愛しき人の人生日記,「おじさん､元気でね」会社のパワハラで退職する中卒OL彼女と仲の良かった清掃員の老人が本気を出す…,1014,,,0,db_thumbnail_url: HTTPError
kKNv0jrHLYo,潮見組　人情列伝,障害を持ったフリをして借金の取り立てに来たヤクザに絵日記を見せるボロボロの少年。「バカなフリをして俺に伝えようとしてたんだな」メッセージの意図に気づいたヤクザが取った行動が…【感動する話】,1010,existing,E:\Data\ObsidianVault\02_Channels\シニア朗読\競合リサーチ\サムネ企画検索ポータル_20260605\thumbnail_assets\kKNv0jrHLYo.jpg,292285,
LrCJ_zOIHdM,人生逆転ドラマシアター,『君のお母さんの名前は、もしかして——』25年前に別れた“初恋の人”の娘に入社面接で,1008,,,0,db_thumbnail_url: HTTPError
h2NmUfbv70s,人生の輝き,銀行で侮辱される老人を咄嗟の嘘で庇った新人行員にクビ宣告を言い渡した支店長。その直後、老人が差し出した書類に支店長はガクガク震え出して…,1008,,,0,db_thumbnail_url: HTTPError
jCeQvGRmkFQ,人生スカッと物語,高級百貨店で話し相手になってくれた“ただの誘導員”――翌日クビを宣告された彼の正体に言葉を失う！,1007,,,0,db_thumbnail_url: HTTPError
i4cDFju4Tsk,人生の輝き,「お前には一銭もやらん。乞食は乞食らしく生きろ！」と遺産相続で貧しい次男を排除し続ける兄。だが、ある手紙を見つけた瞬間、強欲な兄が震え上がった…,1005,,,0,db_thumbnail_url: HTTPError
KDd8nwiYLJg,人生の光と影 朗読館,全盲の老婆を助けてクビ宣告された派遣社員。直後、助けた老婆の夫が現れパワハラ上司が硬直…,1005,,,0,db_thumbnail_url: HTTPError
AcsG2uvyqRk,人生逆転ストーリー,「お帰り下さい」高級マンション内覧会で追い返された貧しそうな老夫婦　だが次の瞬間、正体を知り担当者が土下座！,1004,,,0,db_thumbnail_url: HTTPError
ep3Iss7enkw,人生ドラマ,【感動×スカッと】老人ホームに連れて行かれると思った義母、嫁が連れて行った先で涙があふれた｜感動実話家族の愛｜朗読ドラマ｜シニアㅣドラマㅣ老後物語ㅣ老後の知恵ㅣ老年の人生ㅣ幸せな晩年ㅣオーディオブック,1004,existing,E:\Data\ObsidianVault\02_Channels\シニア朗読\競合リサーチ\サムネ企画検索ポータル_20260605\thumbnail_assets\ep3Iss7enkw.jpg,187269,
CkPaOHy5k-s,人生の輝き,「貧乏人の子が来るとうちの品格が下がる」と作業着姿で孫を迎えにきた祖父を蔑んだ高級進学塾の塾長が、彼の正体を知った途端、完全に凍りついた…,1003,,,0,db_thumbnail_url: HTTPError
5nFtYqDGLVM,人生ドラマ館,「この子、怖い」と親戚に捨てられた少女 → 実はIQ200の天才と判明した結果...,1000,existing,E:\Data\ObsidianVault\02_Channels\シニア朗読\競合リサーチ\サムネ企画検索ポータル_20260605\thumbnail_assets\5nFtYqDGLVM.jpg,225277,
K2Nj32z-PSM,人生の輝き,「ゴミ臭い貧乏人w」と婚約破棄された清掃員の娘。絶望の中、父の正体を知った義両親が顔面蒼白になって…,995,,,0,db_thumbnail_url: HTTPError
w3pj2IPe6YE,人生ドラマ館,「高校生が古典研究など、100年早いんですよ。」女子高生が勉強していたのを見下した若手大学研究者。しかし彼女が古文書に書いた1文で震えることになる…,993,,,0,db_thumbnail_url: HTTPError
pOJcpeJYJKc,潮見組　人情列伝,「助けて…」雪で凍った路面で困る車椅子の老人。誰もが見て見ぬふりをする中、老人に手を差し伸べたのは地元で有名なヤクザだった【感動する話】,993,existing,E:\Data\ObsidianVault\02_Channels\シニア朗読\競合リサーチ\サムネ企画検索ポータル_20260605\thumbnail_assets\pOJcpeJYJKc.jpg,317014,
tlkg1-Ig7c4,愛しき人の人生日記,老人を助けて3分遅刻したOL。上司に罵倒された翌日､会社に黒塗りの高級車が…,990,,,0,db_thumbnail_url: HTTPError
z6S7Vytk9DA,人生の光と影 朗読館,「万年筆に盗撮カメラがあります！」忘れ物センターでバイトする貧しい17歳女子高生。その一言に会長の会社の陰謀が…,989,existing,E:\Data\ObsidianVault\02_Channels\シニア朗読\競合リサーチ\サムネ企画検索ポータル_20260605\thumbnail_assets\z6S7Vytk9DA.jpg,239566,
Cmpq5b0N_Yg,愛しき人の人生日記,街中で倒れたお婆さんを助けた貧乏な就活生。最終面接に遅刻した翌日、黒塗りの高級車が現れ…,989,,,0,db_thumbnail_url: HTTPError
DTQU3DqPzks,人生スカッと物語,「乞食は飯を食うな！」財布を忘れたお爺さんに蕎麦をご馳走した貧乏高校生。翌日、学校前に黒い高級車が現れ、悪者の嘘をことごとく暴き出す…,988,,,0,db_thumbnail_url: HTTPError
uqowZFEUHXg,人生の光と影 朗読館,「今すぐ返してみろよ」作業着の老人を嘲笑した銀行員。翌日、支店の空気が凍りついた…,988,,,0,db_thumbnail_url: HTTPError
sujWjtqG6mo,人生ドラマ,介護士おばあさんの完璧な記憶が、二十年前の未解決事件を覆した｜感動話｜朗読ドラマ｜シニア物語ㅣ感動ドラマㅣ老後物語ㅣ老後の知恵ㅣ老年の人生ㅣ幸せな晩年ㅣオーディオブック感涙ストーリーㅣ実話風｜涙腺崩壊,987,existing,E:\Data\ObsidianVault\02_Channels\シニア朗読\競合リサーチ\サムネ企画検索ポータル_20260605\thumbnail_assets\sujWjtqG6mo.jpg,201107,
Z7St0A01Q50,面白きかな人生,「そんなボロ着でファーストクラスってw」CAに嘲笑された日本人老婆。直後、静かにかけた一本の電話で空港が停止し全員が土下座した【面白きかな人生】,981,,,0,db_thumbnail_url: HTTPError
FGRuSE-GyhE,人生の輝き,「俺を歩けるようにできたら100億やるよ」新人家政婦を嘲笑する大富豪。直後、彼の身に信じられないことが起きた…,981,,,0,db_thumbnail_url: HTTPError
t-6vdUOQjcw,人生スカッと朗読-劇場-,「どうせまだ独身だろ？俺が結婚してやるよw」同窓会で見下してきた幼馴染。公開プロポーズをした5分後、男は絶句した…【スカッとする話】,980,,,0,db_thumbnail_url: HTTPError
uYOYhNzdY9c,人生ドラマ座,「低層階って可哀想〜w」タワマン最上階ママ友に馬鹿にされた地味主婦。翌日、その主婦がタワマン全棟のオーナーだと判明し絶句,978,existing,E:\Data\ObsidianVault\02_Channels\シニア朗読\競合リサーチ\サムネ企画検索ポータル_20260605\thumbnail_assets\uYOYhNzdY9c.jpg,153734,
YYDkRBBxUrE,愛しき人の人生日記,駅のホームから転落した子どもを救った貧乏受験生。第一志望の大学受験に遅刻し不合格となったが…,978,,,0,db_thumbnail_url: HTTPError
D_I3bVzeKGY,人生逆転ストーリー,ハーバード教授が絶句！日本の10歳の少年が150年間誰も解けなかった難問を“和算”で解決！…その瞬間、世界が震えた,977,,,0,db_thumbnail_url: HTTPError
acWvgsuwkoI,人生はバラ色,「汚い作業着w 50億返してみろよw」老人をバカにした銀行員→「いいですよ」と即金で返金、支店長が顔面蒼白に…,977,existing,E:\Data\ObsidianVault\02_Channels\シニア朗読\競合リサーチ\サムネ企画検索ポータル_20260605\thumbnail_assets\acWvgsuwkoI.jpg,158676,
qy-WQxwi9q8,愛しき人の人生日記,「安物ワンピでよく来たねw」社長夫人に嘲笑された同級生。翌日､夫の会社が50億の出資を停止…,977,,,0,db_thumbnail_url: HTTPError
HYlUDEvsEIs,人生色々TV,「お帰りいただくのは•••」レストランオーナーがある人物を名指し…「はあっ？何で(怒)」高級展望レストランで一体何が…,974,,,0,db_thumbnail_url: HTTPError
oM7wW_uUrL0,感動スカっと人生録,日本人は電卓使えない？アメリカ人教師と生徒に見下された少女そろばんで世界を啞然とさせた瞬間,974,,,0,db_thumbnail_url: HTTPError
RDXGQrRBJGE,お茶の間TV 〈スカッと感動〉,【スカッとする話】「免許返納しろw」煽り運転するチンピラ。直後PAで200台の黒塗り車に取り囲まれ.. YAKUZA,970,existing,E:\Data\ObsidianVault\02_Channels\シニア朗読\競合リサーチ\サムネ企画検索ポータル_20260605\thumbnail_assets\RDXGQrRBJGE.jpg,252236,
APqDpStnVIQ,人生の輝き,「タクシー運転手の義父は最悪！」とバカにした息子の婚約者が、運転席にる私の正体を知った瞬間に全てが終わった…,969,,,0,db_thumbnail_url: HTTPError
j92Bb55k5yI,潮見組　人情列伝,財布を忘れた客に自慢の寿司をご馳走する廃業寸前の店主。誠実さに感銘を受けたヤクザ組長が出したあり得ないお礼が…【感動する話】,968,existing,E:\Data\ObsidianVault\02_Channels\シニア朗読\競合リサーチ\サムネ企画検索ポータル_20260605\thumbnail_assets\j92Bb55k5yI.jpg,275398,
vzYxN1853Cc,愛しき人の人生日記,「もう辞めます…」会社のパワハラで退職する中卒OL彼女と仲の良かった清掃員の老人が本気を出す…,966,,,0,db_thumbnail_url: HTTPError
JTBrsooa2MM,人生逆転ストーリー,財布を盗まれたお婆さんに全財産1000円を渡した貧乏な女子高生。翌日、学校前に黒塗りの高級車が停まり…,959,,,0,db_thumbnail_url: HTTPError
OdGYSrYGnk4,人生ドラマ館,真冬の夜、コンビニ裏で野宿する貧乏兄弟→妻子を亡くし絶望していたコンビニ店長の男性が声をかけた結果…,958,,,0,db_thumbnail_url: HTTPError
1Ubjyh-uKZY,人生のヒカリ,お婆さんに1000円を渡した貧乏女子高生。翌日、学校の前に黒塗りの高級車が現れ...,957,existing,E:\Data\ObsidianVault\02_Channels\シニア朗読\競合リサーチ\サムネ企画検索ポータル_20260605\thumbnail_assets\1Ubjyh-uKZY.jpg,153772,
GU7uy8I-PSk,人生ドラマTV,犯人は実の息子？25年にわたる復讐劇か？バラバラになりかけた会長一家。孤独な少年が家族の絆を取り戻し、自らの居場所を見つけるまでの感動の物語,948,existing,E:\Data\ObsidianVault\02_Channels\シニア朗読\競合リサーチ\サムネ企画検索ポータル_20260605\thumbnail_assets\GU7uy8I-PSk.jpg,260287,
PceSIWwzwIc,人生はバラ色,「おいジジイ、英語なんかしゃべれないだろww」東大卒エリート部長に侮辱された70歳清掃員ー海外VIPに話しかけた結果、全員が顔面蒼白に…,947,existing,E:\Data\ObsidianVault\02_Channels\シニア朗読\競合リサーチ\サムネ企画検索ポータル_20260605\thumbnail_assets\PceSIWwzwIc.jpg,198680,
QbsJ73QRc30,人生ドラマTV,大雨で財布を盗まれた老人に、全財産1000円と傘を渡した貧乏な女子学生。次の日、学校に黒塗り高級車ロールスロイスが現れて...,945,existing,E:\Data\ObsidianVault\02_Channels\シニア朗読\競合リサーチ\サムネ企画検索ポータル_20260605\thumbnail_assets\QbsJ73QRc30.jpg,155429,
EAKicTz39so,人生の輝き,「みすぼらしい患者家族はVIP患者の邪魔だから出ていって」と追い出されたおばあさん。だが彼女が差し出した一枚の紙に病院長は震え上がった…,945,,,0,db_thumbnail_url: HTTPError
jZwjreM34fU,人生ドラマ座,「親の顔が見てみたいわw」銀行支店長に侮辱された清掃員「では、内線で01に繋いでください」出た相手は頭取だった——,942,existing,E:\Data\ObsidianVault\02_Channels\シニア朗読\競合リサーチ\サムネ企画検索ポータル_20260605\thumbnail_assets\jZwjreM34fU.jpg,145364,
-o4w0y_Rmsc,愛しき人の人生日記,食堂を訪れたサラリーマンに定食を出した女子高生。次の瞬間､彼の腕時計を見て驚愕する…！,940,,,0,db_thumbnail_url: HTTPError
b-GsxA4rPFQ,人生ドラマTV,【恩送り】おじいさんを助けた貧乏小学生。家を失った翌日、高級車が迎えに来て...【僕のヒーロー】,938,existing,E:\Data\ObsidianVault\02_Channels\シニア朗読\競合リサーチ\サムネ企画検索ポータル_20260605\thumbnail_assets\b-GsxA4rPFQ.jpg,169891,
VmxNmg-KxpI,人生の輝き,「社会の不燃ゴミ」有名進学校の同窓会で清掃員の男性を蔑み晒し者にするためスピーチを強要してくる同級生社長たち。仕方なく彼が話し始めると、同級生たちは顔面蒼白に…,937,,,0,db_thumbnail_url: HTTPError
F8x0AupzHQQ,人生の輝き,「油臭い」と馬鹿にされたトラック運転手がピアノに触れた瞬間、音楽大学の教授陣が総立ちした…,935,,,0,db_thumbnail_url: HTTPError
pdRO0x2UXpc,人生はバラ色,「貧乏人はこれで十分でしょw」銀座の寿司屋でバカにされたボロボロのお爺さん、翌日、黒塗りの高級車が店の前に現れ、大将の顏が凍り付いた…,935,existing,E:\Data\ObsidianVault\02_Channels\シニア朗読\競合リサーチ\サムネ企画検索ポータル_20260605\thumbnail_assets\pdRO0x2UXpc.jpg,176980,
8GWco0HecKg,人生のギフト,「息子にだけ食べさせてください」倒産寸前の洋食屋に現れたボロ服の親子→オムライスを譲る姿にシェフがもう一皿出した結果、10年後、信じられない展開に…【感動する話】,933,existing,E:\Data\ObsidianVault\02_Channels\シニア朗読\競合リサーチ\サムネ企画検索ポータル_20260605\thumbnail_assets\8GWco0HecKg.jpg,273460,
_d9tzeXk9HQ,人生色々TV,海上保安官に助けられた少女…17年後、海上保安官となった彼女が沈没間際の船から救ったのが•••,931,,,0,db_thumbnail_url: HTTPError
KLplz3JUOlE,面白きかな人生,「場違いな下請けがいるなぁ」経営会議で嘲られた70歳男性→翌朝、銀行本部で再会し“50億融資打ち切り”を静かに告げた。【面白きかな人生】,928,existing,E:\Data\ObsidianVault\02_Channels\シニア朗読\競合リサーチ\サムネ企画検索ポータル_20260605\thumbnail_assets\KLplz3JUOlE.jpg,210899,
NZso1ZGmMwY,人生色々TV,10年間疎遠の父が倒れた…所持品から出てきた私宛の手紙を読むと、その場で泣き崩れました…,928,,,0,db_thumbnail_url: HTTPError
jXgBmpclfik,人生の輝き,「底辺の魚臭いジジイw」と若手銀行員に侮辱され追い出された漁師のお爺さん。翌日、彼は高級スーツに身を包み「100億全額引き上げます」,925,,,0,db_thumbnail_url: HTTPError
iwnxseQFjJc,人生スカッと朗読-劇場-,授業参観でボロボロの作業着の父を嘲笑した保護者たち父「あなたの会社と契約停止します」保護者「は？」【スカッとする話】,921,,,0,db_thumbnail_url: HTTPError
MIeAMsbS1Ow,面白きかな人生,「濡れて待ってろ」と吐き捨てたタクシー運転手がわざと急発進で泥水攻撃──その被害女性は業界を牛耳る理事長だった【面白きかな人生】,919,,,0,db_thumbnail_url: HTTPError
m2Qz3JgOPSU,人生スカッと物語,『祖母の介護は迷惑だ』最終面接で浴びた屈辱の一言で、不採用になった貧乏就活生。しかし私が今朝電車で助けた老婆の正体を知った瞬間、傲慢な面接官は青ざめた…,919,,,0,db_thumbnail_url: HTTPError
Xkvp1ExXnfQ,人生の温もり,「おじちゃんのお蕎麦、もう食べたくない」少女が泣きながら言った本当の理由に、72歳の蕎麦職人は涙が止まらなかった【感動する話】,919,,,0,db_thumbnail_url: HTTPError
DoqthC97fZw,人生ドラマTV,号泣する外国人を助けた貧乏学生。後日、800万円相当のハーバード大学留学が決定した理由とは？,916,existing,E:\Data\ObsidianVault\02_Channels\シニア朗読\競合リサーチ\サムネ企画検索ポータル_20260605\thumbnail_assets\DoqthC97fZw.jpg,161337,
-ice0ZbL-0g,人生ドラマ館,『女に整備は無理』と笑われた女子高生。翌日、彼女が修理した車が世界記録を叩き出し彼らは驚愕することになる…,912,,,0,db_thumbnail_url: HTTPError
Rm30e84DOAs,人生ドラマTV,銀行で無料駐車券を頼んだだけで笑われた老人―即日5000億円を解約し、銀行を倒産させた大富豪【スカッとする話】,904,existing,E:\Data\ObsidianVault\02_Channels\シニア朗読\競合リサーチ\サムネ企画検索ポータル_20260605\thumbnail_assets\Rm30e84DOAs.jpg,155751,
NAaOBYc9NPg,感動スカっと人生録,「あの500円の蕎麦、22年忘れたことはなかった」閉店前夜に現れた看護師―75歳店主の手が震えた,903,,,0,db_thumbnail_url: HTTPError
mrgZX2MN25c,人生のギフト,「娘だけでいいんです」閉店間際の老舗蕎麦屋に現れたボロ服の親子→一杯のかけ蕎麦を娘に譲った父親に店主が黙って差し出したら10年後、とんでもない展開に...【感動する話】,902,existing,E:\Data\ObsidianVault\02_Channels\シニア朗読\競合リサーチ\サムネ企画検索ポータル_20260605\thumbnail_assets\mrgZX2MN25c.jpg,256688,
wOuMcHvml9Y,人生の輝き,「身分が違いすぎる」と息子の婚約者父から侮辱された工場作業員。だが翌日、真実を知った父親が震え上がった…,901,,,0,db_thumbnail_url: HTTPError
oVAIqK7FUH8,人生の光と影 朗読館,夜の公園で凍える老人を救った元受刑者の女性。“前科者だ”と通報され、翌日すべてが変わった…,900,,,0,db_thumbnail_url: HTTPError
q3THlk9WhVs,愛しき人の人生日記,100社全滅で嘲笑されたボロジャケットの28歳。翌日、その面接会場での出来事にその場全員が青ざめた…,899,,,0,db_thumbnail_url: HTTPError
o-Emp2EYEUs,人生色々TV,大晦日で廃業してしまった…しかし、どん底の店主を救ったのはまさかの人でした…,894,,,0,db_thumbnail_url: HTTPError
SRIamYXMPzo,人生の輝き,英会話教室で若い講師に嘲笑されて一度挫折した元漁師が、流暢な英語で外国人と完璧な会話ができた理由…,892,,,0,db_thumbnail_url: HTTPError
juc3OV-gI_k,人生のヒカリ,生活が困窮して宝物のボロ車ヨタハチを売るお爺さん。嘲笑したスタッフがもう一度車を見た瞬間顔面蒼白し...,892,existing,E:\Data\ObsidianVault\02_Channels\シニア朗読\競合リサーチ\サムネ企画検索ポータル_20260605\thumbnail_assets\juc3OV-gI_k.jpg,154854,
ngxvBLgcXYU,人生スカッと物語,倒れたお婆さんを助け、クビになった派遣社員━翌日、アパートに黒塗りの高級車が現れ…,888,,,0,db_thumbnail_url: HTTPError
7g_8ANZWABY,面白きかな人生,「私に逆らうヤツはこうよ！」夫は九州最大組織の若頭と殴りかかるボスママ。私「それ誰が任命したの？」「え？」【面白きかな人生】,883,existing,E:\Data\ObsidianVault\02_Channels\シニア朗読\競合リサーチ\サムネ企画検索ポータル_20260605\thumbnail_assets\7g_8ANZWABY.jpg,270701,
231BZqRT6aw,人生ドラマ館,「ここしか行く場所がないんです」三日間、組事務所の前で土下座した貧乏女子高生――伝説の組長が出した答えに世界が凍りつく…,883,,,0,db_thumbnail_url: HTTPError
hrOtwX-t8Bk,潮見組　人情列伝,路地裏で倒れる元ヤクザを助けて大事な商談に遅刻したOL。数日後、彼女の携帯に100件の電話が鳴り響き…【感動する話】,883,existing,E:\Data\ObsidianVault\02_Channels\シニア朗読\競合リサーチ\サムネ企画検索ポータル_20260605\thumbnail_assets\hrOtwX-t8Bk.jpg,287975,
V6vKYQfTKL0,潮見組　人情列伝,ヤクザに脅され廃業寸前の定食屋店主。普段絶対に怒らない温厚な常連客「その小僧今から呼べるか？」【感動する話】,878,existing,E:\Data\ObsidianVault\02_Channels\シニア朗読\競合リサーチ\サムネ企画検索ポータル_20260605\thumbnail_assets\V6vKYQfTKL0.jpg,310807,
C9yomHv6mGE,人生逆転ストーリー,「貧乏人は失せろ」大企業の役員を名乗り同窓会で俺を侮辱した同級生――「誰が役員だって？」翌日の商談で明かされた衝撃の真実とは？,877,,,0,db_thumbnail_url: HTTPError
lEBL9cwJCAA,人生のヒカリ,イタリアにある廃業寸前のピッツェリアでピザ職人が女子大生を雇ったら満席になった【感動する話】,876,existing,E:\Data\ObsidianVault\02_Channels\シニア朗読\競合リサーチ\サムネ企画検索ポータル_20260605\thumbnail_assets\lEBL9cwJCAA.jpg,272099,
udH3rwT61zc,人生逆転ストーリー,ハーバード大学の70代日本人清掃員が、未解決の物理学難問を一目で…！？,874,,,0,db_thumbnail_url: HTTPError
VWq65lG8GF8,人生ドラマ館,婚約者を亡くし3年間心を閉ざした38歳の俺。バスで運賃280円が足りない母に娘「ママ、降りよ？歩けるよ」→代わりに払ってあげた結果,873,existing,E:\Data\ObsidianVault\02_Channels\シニア朗読\競合リサーチ\サムネ企画検索ポータル_20260605\thumbnail_assets\VWq65lG8GF8.jpg,202350,
AvNolzyEFvY,人生色々TV,金無し親娘に丼一杯タダにしたら即解雇…10年後死にそうなホームレスの俺を助けたのは•••,871,,,0,db_thumbnail_url: HTTPError
R9zcuyeBF6Q,人生スカッと物語,行き倒れたおばあさんを助けた和菓子職人見習いの少女。数日後、一本の電話が想像出来ない奇跡を起こす…,870,,,0,db_thumbnail_url: HTTPError
iPv3Zxqbo2E,人生逆転ストーリー,「貧乏人は帰れ」高級レストランで侮辱されたおじいさん。だが再び現れた彼の正体に、店員全員が凍りついた――,869,,,0,db_thumbnail_url: HTTPError
e5mZ-hY56K8,人生の輝き,「貧乏人には安物で十分ww」と老夫婦の薬を後発薬に勝手に変更し嘲笑した薬剤師。翌日、その薬局に高級スーツの男性が現れて薬剤師は顔面蒼白に…,867,,,0,db_thumbnail_url: HTTPError
84qUMP-0B7U,人生色々TV,"「ボロ車でここへ！？」高級外車販売店で見下された老人…""汚れた名刺""を出すと、店長は全身から脂汗を吹き出し崩れ落ちるように土下座した…",864,,,0,db_thumbnail_url: HTTPError
Zg9Aad8ElFQ,人生の輝き,炎天下の路上で倒れている女子高生を助けた老人が不審者と通報された…しかし老人の正体を知り、その場にいた全員が凍りつくことに…,864,,,0,db_thumbnail_url: HTTPError
kWmvrZ1AfiA,人生ドラマTV,海辺のカフェで車椅子の娘が侮辱される。次の瞬間、マスターが｢お帰りください｣と追い出したのは…,862,existing,E:\Data\ObsidianVault\02_Channels\シニア朗読\競合リサーチ\サムネ企画検索ポータル_20260605\thumbnail_assets\kWmvrZ1AfiA.jpg,162928,
6cz1qngAlVY,人生色々TV,老人が彼女を呼び出しました…そして、とんでもないことを言い放ったのでした…,861,,,0,db_thumbnail_url: HTTPError
IRTEoNKiDpU,人生スカッと物語,「今すぐ50億返してみろよ」清掃員のお婆さんを嘲笑した銀行員。「いいんですね？」と即日返済し、支店長の膝が支店長の膝がガクガク崩れ落ち…,861,,,0,db_thumbnail_url: HTTPError
gUZ54MclMJc,人生色々TV,耕運機の下敷きになった大家を息子と一緒に助けたら…三日後、大型重機が賃貸のラーメン店を破壊しにきました…,860,,,0,db_thumbnail_url: HTTPError
1S4SEIAaAt4,人生色々TV,大富豪に捨てられた母犬と子犬たち…心優しい浮浪者が犬たちを助けると、信じ難い奇跡が起きました…,860,,,0,db_thumbnail_url: HTTPError
tGVfglFgCgw,人生ドラマ座,「給料泥棒！」と500人の前で罵られ続けた53歳契約社員…最終出社日、大株主として登場し全員震えた…,854,existing,E:\Data\ObsidianVault\02_Channels\シニア朗読\競合リサーチ\サムネ企画検索ポータル_20260605\thumbnail_assets\tGVfglFgCgw.jpg,153359,
m5lw7jGVZ3Q,人生はバラ色,「中卒のゴミは消えてww」東大卒女社長が70歳熟練工を追放→翌日、工場全停止で500億が消滅、会長が青ざめて土下座…,854,existing,E:\Data\ObsidianVault\02_Channels\シニア朗読\競合リサーチ\サムネ企画検索ポータル_20260605\thumbnail_assets\m5lw7jGVZ3Q.jpg,167095,
HwCG05s4DII,人生ドラマ館,「中卒は客前に出るな」と見下されていた配膳係の少女、心臓発作で倒れた老人の命を救う…翌日その老人が高級車に乗って現れ、差し出した1枚の写真に若女将は顔面蒼白…,853,,,0,db_thumbnail_url: HTTPError
VAc72R1owDA,心に響く人生ドラマ日誌,社長だと知らずに乗せた老人タクシー運転手。翌日クビです…,853,,,0,db_thumbnail_url: HTTPError
_sqKZHj-UmE,人生の輝き,「おばあちゃん、スマホは無理だよ」白髪の老女を嘲笑ったショップ店員―次の瞬間、彼は膝から崩れ落ちた…【スカッと感動】,852,,,0,db_thumbnail_url: HTTPError
HyBry-bfFqQ,人生スカッと物語,ひき逃げされた老婆を助けた貧乏女子高校生。数日後、老婆の正体に学校中が凍りつく…,850,,,0,db_thumbnail_url: HTTPError
AqnNcEA3N_w,愛しき人の人生日記,会長と知らずに話し相手になっていたホテル清掃員が突然クビに。しかし2日後、1通の手紙が届き…,850,,,0,db_thumbnail_url: HTTPError
wUtxLMUAUwI,人生ドラマTV,「ボロ宿に金は払わん！50人分キャンセルでw」老舗旅館を見下した若造の末路ー3日後、無職になり、損害賠償を請求された,843,existing,E:\Data\ObsidianVault\02_Channels\シニア朗読\競合リサーチ\サムネ企画検索ポータル_20260605\thumbnail_assets\wUtxLMUAUwI.jpg,223753,
GW2Kg80MbLo,人生ドラマTV,42歳の息子は結婚もせず、いまだに母親の家に住んでいます,842,existing,E:\Data\ObsidianVault\02_Channels\シニア朗読\競合リサーチ\サムネ企画検索ポータル_20260605\thumbnail_assets\GW2Kg80MbLo.jpg,225248,
tl41Ow2u4Dw,人生の輝き,「惨めな仕事」配達員を見下した高級マンション住民。しかし、彼らが管理組合の議事録を見た瞬間青ざめた理由…,841,,,0,db_thumbnail_url: HTTPError
LfmYrjqC_wA,人生逆転ドラマシアター,路地裏で起きた小さな騒動──老女の肩の“見てはいけない印”に、組が一瞬で静まり返った夜,840,,,0,db_thumbnail_url: HTTPError
wKM5OSkAo8M,人生ドラマTV,銀行の支店長「親の顔が見てみたい」清掃員「ではお見せします」→現れた「親」に土下座するも、時すでに遅し…,837,existing,E:\Data\ObsidianVault\02_Channels\シニア朗読\競合リサーチ\サムネ企画検索ポータル_20260605\thumbnail_assets\wKM5OSkAo8M.jpg,225706,
sBQ1knaWh90,人生の縁側,「お腹すいた…」廃業寸前の孤児院に捨てられた少女に、ヤクザの息子が毎日弁当を届けていた→15年後、再会した瞬間…彼が差し出した“1つの箱”で全員が凍りついた【朗読】,837,existing,E:\Data\ObsidianVault\02_Channels\シニア朗読\競合リサーチ\サムネ企画検索ポータル_20260605\thumbnail_assets\sBQ1knaWh90.jpg,244357,
a72TB_HtPAM,涙のひととき,吹雪の中、高級焼肉店に親子が来店し「300円しかなくて」「貧乏人は帰れ」→直後、廃業寸前の67歳の焼肉店の店主「いっぱい食べてね」【感動する話】,832,existing,E:\Data\ObsidianVault\02_Channels\シニア朗読\競合リサーチ\サムネ企画検索ポータル_20260605\thumbnail_assets\a72TB_HtPAM.jpg,217535,
9BBsk_RjNiY,愛しき人の人生日記,老人を助けて罵倒された落ちこぼれ社員。翌日、再び現れた老人に全行員が凍りつく…,830,,,0,db_thumbnail_url: HTTPError
O3EuvsrdVdc,感動スカっと人生録,会長は知らなかった。毎日罵倒している看護師が自分の娘だったことを,827,,,0,db_thumbnail_url: HTTPError
OIaHE7ULOfc,人生の光と影 朗読館,図書館で視覚障がいの老人に本を読んだ貧乏女子大生。遅刻で「使えない」と罵倒された翌日、事態が一変…,823,,,0,db_thumbnail_url: HTTPError
Z9MDKOAppxs,人生ドラマ座,老人の話し相手になった就活生。翌日、内定取り消されたが、その老人が創業者とわかった瞬間、全てが変わった,821,existing,E:\Data\ObsidianVault\02_Channels\シニア朗読\競合リサーチ\サムネ企画検索ポータル_20260605\thumbnail_assets\Z9MDKOAppxs.jpg,147082,
4eLgXHAxf7o,人生ドラマ,【感動×スカッと】47年ぶりに再会した三つ子――そして、明かされる母の真実｜感動ドラマ・家族・朗読ドラマ・オーディオブック・ラジオドラマ・カタルシス・爽快エンド・運命が導いた奇跡の再会。,820,existing,E:\Data\ObsidianVault\02_Channels\シニア朗読\競合リサーチ\サムネ企画検索ポータル_20260605\thumbnail_assets\4eLgXHAxf7o.jpg,145844,
9TUVnnNJ7ho,人生の輝き,「時代遅れのジジイは不要」契約打ち切りで倒産寸前の町工場→ある日JAXAの技術者が現れて「あなたを探していました…」,820,,,0,db_thumbnail_url: HTTPError
ArXkhfJdegE,人生ドラマ座,駅で妊婦を助けて大手企業の商談に遅刻した中卒OL　契約が破談になった翌日、社長室に呼び出され…,819,existing,E:\Data\ObsidianVault\02_Channels\シニア朗読\競合リサーチ\サムネ企画検索ポータル_20260605\thumbnail_assets\ArXkhfJdegE.jpg,150892,
xv8m_5ge7pg,人生ドラマ座,ファーストクラスに乗るホームレス？！最低の対応をする乗客の末路が...,816,existing,E:\Data\ObsidianVault\02_Channels\シニア朗読\競合リサーチ\サムネ企画検索ポータル_20260605\thumbnail_assets\xv8m_5ge7pg.jpg,275136,
Zr-CgTrP_LY,人生はバラ色,「小銭なんか持ってくるなw」銀行窓口で嘲笑されたボロ服のお爺さん 翌日、預金1兆円をすべてライバル銀行に移した結果、支店が閉鎖に追い込まれた…,815,existing,E:\Data\ObsidianVault\02_Channels\シニア朗読\競合リサーチ\サムネ企画検索ポータル_20260605\thumbnail_assets\Zr-CgTrP_LY.jpg,198788,
evsXJKkRH9U,人生スカッと物語,高級寿司屋で障害を持つお婆さんが軽蔑される。次の瞬間，店主が｢お帰りください｣と追い出したのは…,814,,,0,db_thumbnail_url: HTTPError
X2r8MvZRgP8,涙のひととき,【感動する話】廃業寸前のネジ工場面接に白紙の履歴書持ってきた女性。「中卒ですが働けますか…」「パパ採用して！」IQ200の娘の直感信じ採用した結果,814,existing,E:\Data\ObsidianVault\02_Channels\シニア朗読\競合リサーチ\サムネ企画検索ポータル_20260605\thumbnail_assets\X2r8MvZRgP8.jpg,258312,
rQuEcuvNJMY,人生はバラ色,「全額出金？どうぞご自由にww」作業着姿のお爺さんを嘲笑したエリート銀行員。翌日、5000億円解約で支店が凍り付いた,813,existing,E:\Data\ObsidianVault\02_Channels\シニア朗読\競合リサーチ\サムネ企画検索ポータル_20260605\thumbnail_assets\rQuEcuvNJMY.jpg,165320,
0CPqX3_kyqU,人生の輝き,「素人の爺さんが」スポーツジムでトレーナーに嘲笑された老人。だが、彼が重いダンベルを持ち上げた瞬間…,810,,,0,db_thumbnail_url: HTTPError
JTOZip58y_c,人生はバラ色,「金髪ギャルが会長だぁ？できるもんなら全員解雇してみろよｗ」 重役会議で嘲笑された19歳ギャル会長 →「…いいですよ」グループ50社の役員一斉解任,805,existing,E:\Data\ObsidianVault\02_Channels\シニア朗読\競合リサーチ\サムネ企画検索ポータル_20260605\thumbnail_assets\JTOZip58y_c.jpg,266983,
_5_g8MY_cgo,人生のギフト,「私は食べなくていいんです」借金2000万円で差し押さえ寸前のラーメン屋に現れたボロ服の姉弟→一杯を弟に譲る姉に店主がもう一杯出した結果、10年後衝撃の展開に…【感動する話】,805,existing,E:\Data\ObsidianVault\02_Channels\シニア朗読\競合リサーチ\サムネ企画検索ポータル_20260605\thumbnail_assets\_5_g8MY_cgo.jpg,287832,
yzphgG2ELD0,人生色々TV,浮浪者に自腹で弁当を渡したらクビに…後日、店に黒塗り高級車が現れた結果・・・,802,,,0,db_thumbnail_url: HTTPError
FoAFrZHP3Aw,人生色々TV,その理由が衝撃だった…そして15年後、引退する父の前に現れたのは•••,796,,,0,db_thumbnail_url: HTTPError
vTjkzHotg8I,潮見組　人情列伝,「俺は何をしても許される」配膳ミスした女性を蹴飛ばし嘲笑する腐敗した警察署長。直後、隣のテーブルにいたヤクザが立ち上がり…【感動する話】,792,existing,E:\Data\ObsidianVault\02_Channels\シニア朗読\競合リサーチ\サムネ企画検索ポータル_20260605\thumbnail_assets\vTjkzHotg8I.jpg,272837,
iJycTGkTccA,人生ドラマ館,「パパに伝えて…」葬儀社ギャル社員に泣きつく7歳少女→ギャルが会社を巻き込む涙の決断,790,,,0,db_thumbnail_url: HTTPError
SUy9C0sFDpA,人生逆転ストーリー,年金16万円の兄、7万円の弟、持ち家の妹…最後に幸せをつかんだのは誰？,787,existing,E:\Data\ObsidianVault\02_Channels\シニア朗読\競合リサーチ\サムネ企画検索ポータル_20260605\thumbnail_assets\SUy9C0sFDpA.jpg,265474,
X8ZVeUWouAA,面白きかな人生,「ジャマ者乙w」女子学生が助けた車椅子老人を笑うエリート達、だが3時間後の面接会場に現れた老人の正体に全員絶句した【面白きかな人生】,779,,,0,db_thumbnail_url: HTTPError
-KmYLF2YZC0,感動スカっと人生録,借金1億、差し押さえ前夜。「財布忘れた」男に病の父の横で必死に鮨を握る娘ー翌朝、黒塗りの車が..,778,,,0,db_thumbnail_url: HTTPError
90w52DC9YJU,人生劇場放送局,"【スカッと】「窓際社員は退職金0円だ！」と罵倒され、最後の給料3,000円を寄付した結果...。【シニア】",776,existing,E:\Data\ObsidianVault\02_Channels\シニア朗読\競合リサーチ\サムネ企画検索ポータル_20260605\thumbnail_assets\90w52DC9YJU.jpg,134407,
bi0r10aYQWk,人生逆転ドラマシアター,老舗旅館に古いリュックで来たみすぼらしい老人男性が追い出された翌日、衝撃の真実が発覚して、全員が凍りついた。,774,,,0,db_thumbnail_url: HTTPError
QiNM9mL6ft8,人生ドラマ,「老人に何ができる？」嘲笑っていたフランス人シェフが5分後「先生」と呼んでしまう｜感動話｜朗読ドラマ｜シニア物語 感動ドラマㅣ老後物語ㅣ老後の知恵ㅣ老年の人生ㅣ幸せな晩年ㅣオーディオブック」,769,existing,E:\Data\ObsidianVault\02_Channels\シニア朗読\競合リサーチ\サムネ企画検索ポータル_20260605\thumbnail_assets\QiNM9mL6ft8.jpg,258765,
h_ZVw_qoxD4,人生色々TV,まさかの人でした…そして、老婆を侮辱した男は無職となりました・・・,768,,,0,db_thumbnail_url: HTTPError
NPH-bWFfGAo,愛しき人の人生日記,山で遭難した泥だらけのお爺さんを温泉に入れてあげた19歳の仲居。翌朝、黒塗りの高級車が続々と到着し...,764,,,0,db_thumbnail_url: HTTPError
snPYNEb0Lj4,潮見組　人情列伝,同窓会で俺を見下しネタにする不良。5分後、黒塗りの高級車30台が会場を完全包囲し…【感動する話】,760,existing,E:\Data\ObsidianVault\02_Channels\シニア朗読\競合リサーチ\サムネ企画検索ポータル_20260605\thumbnail_assets\snPYNEb0Lj4.jpg,319654,
HNr46hePftI,人生の輝き,「どうせゴミだろww」医師に大切な物を踏み潰された清掃員。しかし彼女の正体を知った時、彼は言葉を失った…,757,,,0,db_thumbnail_url: HTTPError
hDOqQRKLOkg,人生逆転ストーリー,アメリカの学校で“ただの用務員”と笑われた日本人おじいさん　だが100年に一度の大雪の夜、日本の軽トラが見せた逆転劇に全米が震えた,756,,,0,db_thumbnail_url: HTTPError
gYICfgPXhms,人生逆転ドラマch,｢署名してはいけません｣清掃員のお婆さんが会議中に放った一言で，復讐劇が始まった…,755,existing,E:\Data\ObsidianVault\02_Channels\シニア朗読\競合リサーチ\サムネ企画検索ポータル_20260605\thumbnail_assets\gYICfgPXhms.jpg,136145,
Pc-V_0Pgsd8,人生ドラマTV,会長だと知らずに話し相手になった施設の介護士。即クビを言い渡された理由に涙が止まらない,753,existing,E:\Data\ObsidianVault\02_Channels\シニア朗読\競合リサーチ\サムネ企画検索ポータル_20260605\thumbnail_assets\Pc-V_0Pgsd8.jpg,147589,
pdjNr_CJyqo,人生はバラ色,2000円を下ろしに来て笑われたお爺さんが8000億円動かした瞬間、銀行がパニック、支店長が顔面蒼白に…,747,existing,E:\Data\ObsidianVault\02_Channels\シニア朗読\競合リサーチ\サムネ企画検索ポータル_20260605\thumbnail_assets\pdjNr_CJyqo.jpg,183533,
qSMe3Kj-2z0,人生の輝き,駅のホームで倒れた老人を助け商談に遅刻した新人社員→「この無能が！」クビを言い渡された直後、会議室の扉が開き…,740,existing,E:\Data\ObsidianVault\02_Channels\シニア朗読\競合リサーチ\サムネ企画検索ポータル_20260605\thumbnail_assets\qSMe3Kj-2z0.jpg,286590,
JnJB7ZYreVI,感動スカっと人生録,ボロ服の老人を追い出した高級デパート。翌週「ある写真」を見た店員が言葉を失った,734,,,0,db_thumbnail_url: HTTPError
9JeVJd8EtA0,心に響く人生ドラマ日誌,駅で老人を助け商談に遅刻した派遣OL。クビだと言われた直後、黒塗りの高級車が現れ…,732,,,0,db_thumbnail_url: HTTPError
N4wvJRpOV7I,人生ドラマ館,「女子高生が寿司職人？」貧乏女子高生を見下した店主、実は彼女はミシュラン評論家が探していた”逸材”と知り、顔面蒼白…,730,,,0,db_thumbnail_url: HTTPError
Nk3Mkx9zuVk,人生ドラマTV,ホテル清掃員「私が通訳できます」通訳不在で国際会議が中止の危機！6カ国語を操る彼女の正体とは【逆転劇】,730,existing,E:\Data\ObsidianVault\02_Channels\シニア朗読\競合リサーチ\サムネ企画検索ポータル_20260605\thumbnail_assets\Nk3Mkx9zuVk.jpg,243569,
eALJwo42fUo,人生ドラマ座,理事長と知らずに話し相手になった看護助手。翌日、クビを言い渡されたその理由に涙が止められない,727,existing,E:\Data\ObsidianVault\02_Channels\シニア朗読\競合リサーチ\サムネ企画検索ポータル_20260605\thumbnail_assets\eALJwo42fUo.jpg,138566,
QYUBjfVGvUg,人生逆転ドラマシアター,罵倒し続けた妻が選んだ最後の言葉──74歳誕生日パーティーで静かに起きた出来事,721,,,0,db_thumbnail_url: HTTPError
4E7vDIRIMiU,愛しき人の人生日記,お金を盗まれたお婆さんに全財産1000円を渡した貧乏女子高生。翌日、学校に黒塗りの高級車が現れて…,720,,,0,db_thumbnail_url: HTTPError
7hd6V33UNog,人生色々TV,ドラッグストアを警察官が囲んだ…そして、ある客が連行されました…,716,,,0,db_thumbnail_url: HTTPError
VIL4LH5mv_I,人生劇場放送局,【スカッと】銀行のシステム修理にきた作業服の老人。7時間無視された翌日、全ATMシステムが停止し...。【シニア】,716,existing,E:\Data\ObsidianVault\02_Channels\シニア朗読\競合リサーチ\サムネ企画検索ポータル_20260605\thumbnail_assets\VIL4LH5mv_I.jpg,172195,
-TAqbiiC5F0,人生の輝き,「品位が落ちるw」高級フレンチで障害を持つ息子が暴言を吐かれた。シェフ「二度と来ないでください」指差したのは…,716,,,0,db_thumbnail_url: HTTPError
s5-hH9dcQzw,人生ドラマTV,→直後、頭取が土下座「影の女帝に何ということを…」貯金箱から溢れた1000枚の「涙の正体」に一同驚愕。,712,existing,E:\Data\ObsidianVault\02_Channels\シニア朗読\競合リサーチ\サムネ企画検索ポータル_20260605\thumbnail_assets\s5-hH9dcQzw.jpg,191958,
diVXNRmyocg,人生の輝き,「場違いな老人が雰囲気を壊している！」と隣席の音楽評論家に音楽ホールを追い出される普段着の老人。しかし、持っていた楽譜の正体に、指揮者が絶句した理由とは…,712,,,0,db_thumbnail_url: HTTPError
OomzckBjI78,人生逆転ストーリー,「雑巾でも絞ってろ」と清掃員にコーヒーをかけ笑った部長。だがその一言が“自分の命取り”になるとは──,711,,,0,db_thumbnail_url: HTTPError
ZIKGGQ556A8,人生の光と影 朗読館,街中で倒れたお爺さんを助けた貧乏就活生。翌日、面接に行けなかった会社の社長から電話がかかってきて…,710,,,0,db_thumbnail_url: HTTPError
Atmdy79wvwU,面白きかな人生,「未成年は帰りな」嘲笑う投資家。女子学生がある条項番号を口にした瞬間、その表情が凍りついた…【面白きかな人生】,709,,,0,db_thumbnail_url: HTTPError
P5cQONhHO9g,人生の輝き,大雪で立ち往生したバス内で妊婦の出産を助けた都会からの移住者の男性。7年後、廃村の危機となった時に現れた人物に男は困惑した…,706,,,0,db_thumbnail_url: HTTPError
si3o5_s-17k,人生の輝き,「おばあさん、今日は絶対にドアを開けないで」宅配員が涙を浮かべてお婆さんに衝撃的な警告、そして姿を消した…,705,,,0,db_thumbnail_url: HTTPError
3dwq6Z_Ft6Y,感動スカっと人生録,いじめられ続けた貧乏ダンサー、会場に突然現れた男の正体を知った瞬間...,705,,,0,db_thumbnail_url: HTTPError
ooxhffdNgU0,人生逆転ドラマシアター,銭湯でヤクザに絡まれたおじいさん──その正体が判明した瞬間、全員が凍りついた,704,,,0,db_thumbnail_url: HTTPError
zHgSeB9UWiE,人生色々TV,50円不足でバスに乗れない貧乏老婆…貧乏運転手が立て替えた後日、バス会社前に黒塗り高級車が現れた…,701,,,0,db_thumbnail_url: HTTPError
yqfhzwUxRyU,人生スカッと物語,バス停で倒れた老婆を助けた貧乏女子高生。数日後、学校に黒塗りの高級車が現れて…,699,,,0,db_thumbnail_url: HTTPError
ptb23tKFsM0,人生の輝き,公園で見知らぬ子供を助け誘拐未遂と警察に連行された専業主婦。警察で明かされる衝撃の事実に、その場にいた全員が凍りついた…【感動する話】,699,,,0,db_thumbnail_url: HTTPError
8ihFaNAliRE,人生逆転ドラマシアター,【教訓】小料理屋を侮辱した女社長——翌日、誰もが考えさせられた「人を見る目の大切さ」,696,existing,E:\Data\ObsidianVault\02_Channels\シニア朗読\競合リサーチ\サムネ企画検索ポータル_20260605\thumbnail_assets\8ihFaNAliRE.jpg,296092,
vorD3J2jzRA,人生の輝き,「お前に何がわかる！」葬儀場で遺族の悲しみに寄り添った新人葬儀スタッフ。マニュアル違反と解雇されるが…1通の手紙が会社に届いた瞬間、葬儀業界全体が震撼することに…,696,,,0,db_thumbnail_url: HTTPError
c7-vUJwnCYA,潮見組　人情列伝,離婚して10年後、CAだった元妻は清掃員になっていた。「どうして…」衝撃の事実を知った組長の元夫は号泣し…【感動する話】,694,existing,E:\Data\ObsidianVault\02_Channels\シニア朗読\競合リサーチ\サムネ企画検索ポータル_20260605\thumbnail_assets\c7-vUJwnCYA.jpg,233784,
Zo87zMWLXLA,人生のギフト,「これで温かいご飯食べてください」財布をなくした老婆に最後の1000円を渡した貧しい女子高生→翌日、学校の前に黒塗りの高級車が並び…【感動する話】,694,existing,E:\Data\ObsidianVault\02_Channels\シニア朗読\競合リサーチ\サムネ企画検索ポータル_20260605\thumbnail_assets\Zo87zMWLXLA.jpg,259442,
Li4S8MJ_Ifw,人生色々TV,世界的名医が危機迫る手術に大遅刻で家族激怒…遅刻理由を知って誰もが泣き崩れた・・・,686,,,0,db_thumbnail_url: HTTPError
zDAq4hOxZgk,人生の輝き,「今絶対に振り返らないでください」銀行で担当職員が告げたとき、おばあさんが振り返るとそこにいたのは…,681,,,0,db_thumbnail_url: HTTPError
XT5fdiu_jnA,人生劇場放送局,【スカッと】路上で老人の壊れた車椅子を修理した女子高生。翌日、玄関の前に黒塗りの高級車が現れて...。【シニア】,679,existing,E:\Data\ObsidianVault\02_Channels\シニア朗読\競合リサーチ\サムネ企画検索ポータル_20260605\thumbnail_assets\XT5fdiu_jnA.jpg,171567,
FRn5KwmP1Dw,面白きかな人生,「ここで何してる！」不当な職務質問に遭った日本人男性。だが一夜明け、並んだプライベートジェット10機に全員絶句した【面白きかな人生】,678,,,0,db_thumbnail_url: HTTPError
tT-2zJrnaVw,人生ドラマTV,全財産100円の家出少女に無料で定食を振る舞った。後日、黒塗りの高級車が現れ…【感動する話】,675,existing,E:\Data\ObsidianVault\02_Channels\シニア朗読\競合リサーチ\サムネ企画検索ポータル_20260605\thumbnail_assets\tT-2zJrnaVw.jpg,148506,
VMHUt7gj6PA,人生スカッと物語,会長だと知らず話し相手になっていた百貨店の清掃員が突然クビに。しかし３日後、黒塗りの車が現れ…,675,,,0,db_thumbnail_url: HTTPError
jvATEAmVGkA,人生スカッと物語,公園で段ボールにくるまっていた少年を助けたシンママ。その行動が彼女の人生を一変させた…！,674,,,0,db_thumbnail_url: HTTPError
Qit3vZy8--k,人生はバラ色,「時代遅れの老害は消えろw」 東大卒現場監督が70歳ベテラン鳶職を解雇→翌日、建設中の橋が崩落、500億の損害で会社が消滅,672,existing,E:\Data\ObsidianVault\02_Channels\シニア朗読\競合リサーチ\サムネ企画検索ポータル_20260605\thumbnail_assets\Qit3vZy8--k.jpg,202946,
Bpe8hXAqbvY,人生の輝き,「怪しい爺さん」と警察に通報された公園の老人。だが、子供が迷子になってパニックになる母親に、落ち着いて探し出す方法を伝えたところ母親が震え出し…,670,,,0,db_thumbnail_url: HTTPError
Jgu7YrVxzTw,人生の輝き,「汚い老人客は追い出せ！」と高級レストランで侮辱された70代の男性が一枚のカードを差し出すと店長が膝をついて震え出した…,670,,,0,db_thumbnail_url: HTTPError
CAp0YwRdZF0,人生の輝き,「ボケ老人は別の施設に行けば？」高級老人ホームで認知症のおばあさんを容赦なく罵倒する入居者たち。だが、おばあさんを迎えに来た娘が静かに言った。「ここ、母が建てた施設です」,670,,,0,db_thumbnail_url: HTTPError
rTzb8ei27eM,人生逆転ストーリー,「そんなボロ服で」VIPルームを追い出された老夫婦　まさかの正体に美術館全員が絶句！,668,,,0,db_thumbnail_url: HTTPError
5YN2a0boxCM,人生スカッと物語,お婆さんを助けクビ宣告された派遣社員ー翌日、取引先の専務が深々と頭を下げた理由とは…,667,,,0,db_thumbnail_url: HTTPError
VrCea5rgYMs,人生スカッと物語,「お客様、絶対に後ろを振り向かないでください」毎回対応していた銀行窓口の職員がささやいたその瞬間、衝撃の真実が明らかになる…,667,,,0,db_thumbnail_url: HTTPError
MOVMyu06Ucg,人生ドラマ館,5年間いじめられ続けた少年院上がりの貧乏社員　社員総会で映されたスクリーンに、全員が絶句する…,666,,,0,db_thumbnail_url: HTTPError
GpIiJUJbodo,人生逆転ドラマシアター,【教訓】「甲斐性なしの旦那も呼べないの？」——同窓会で家族を軽く見た女性が後に知った“本当の品格”,665,existing,E:\Data\ObsidianVault\02_Channels\シニア朗読\競合リサーチ\サムネ企画検索ポータル_20260605\thumbnail_assets\GpIiJUJbodo.jpg,273562,
wPFjdRLzkog,人生の輝き,「汚い格好で店に来るな」と高級デパートを追い出された浮浪者。だがその直後、彼が炎の中に飛び込んだ瞬間…,665,,,0,db_thumbnail_url: HTTPError
ZlsoJ933s8g,人生ドラマ館,「貧乏な大学生は身の程を知れ」高級百貨店でバイト掛け持ちの貧乏女子大生を見下した店員…翌日、彼女の正体と時計を買おうとした理由に全員が涙…,664,,,0,db_thumbnail_url: HTTPError
IkYNLq5XTnk,人生逆転ドラマch,財布を落とした老人にバイト代全額渡した貧乏ギャル。後日，彼女の口座に430万円が振り込まれていて...,663,existing,E:\Data\ObsidianVault\02_Channels\シニア朗読\競合リサーチ\サムネ企画検索ポータル_20260605\thumbnail_assets\IkYNLq5XTnk.jpg,143717,
3RdLeD2U8dQ,人生スカッと物語,「冷やかしは帰れ！」大手不動産会社が入店直後に、追い出されるお婆さん…翌日、2人の営業マンは愕然とする…,663,,,0,db_thumbnail_url: HTTPError
3fxzfvIH5t0,人生の輝き,「片親の子は問題児」と決め付けた担任の教師。だが、授業中にノートに書いた落書きに担任の教師は驚愕した…,660,,,0,db_thumbnail_url: HTTPError
wYPCy_o66Qo,人生スカッと物語,全財産1000円のお婆さんに弁当を分けたシンママ。翌日、黒スーツの男がアパートに現れ…,659,,,0,db_thumbnail_url: HTTPError
qm33E1D23tE,人生の輝き,「ボケた爺さんが」タクシー運転手に降ろされそうになった老人。だがその直後、無線で本社から緊急連絡が…,657,,,0,db_thumbnail_url: HTTPError
tiSESUAklP8,人生逆転ストーリー,「掃除だけしてろ！」と見下された72歳清掃員が押した“赤いボタン”　その衝撃の結末に全員絶句！,653,,,0,db_thumbnail_url: HTTPError
AYy7A-bF8fA,人生スカッと物語,「100億円を引き出します」銀行を追い出された老婆。翌日、黒服100人を連れて銀行に乗り込み銀行中が凍りつく…,652,,,0,db_thumbnail_url: HTTPError
zosNE2MZIeE,人生の温もり,片目の14歳少年、廃業寸前の豆腐屋に「時給100円で配達させてください」→両目を閉じて作った豆腐に68歳店主が涙した理由…【感動する話】,651,,,0,db_thumbnail_url: HTTPError
8N6ccM5-5KY,人生ドラマ座,老人に東京行きのチケットを譲った貧乏な女子大生。最終面接に遅刻し人生の全てを失った彼女の前に現れた人物は…,645,existing,E:\Data\ObsidianVault\02_Channels\シニア朗読\競合リサーチ\サムネ企画検索ポータル_20260605\thumbnail_assets\8N6ccM5-5KY.jpg,144116,
UO_VwFC61z8,人生スカッと物語,「英語も話せない清掃員」を嘲笑した若手社員。10分後、彼女の正体に全員が凍りついた...,645,,,0,db_thumbnail_url: HTTPError
Naan4i89aXg,人生の輝き,「クズ米はいらないｗ」突然契約を終了し、農家を追い返した高級ホテル支配人→翌朝、お客様が一人も来なくなり…,644,existing,E:\Data\ObsidianVault\02_Channels\シニア朗読\競合リサーチ\サムネ企画検索ポータル_20260605\thumbnail_assets\Naan4i89aXg.jpg,249316,
ECbwP2cU1iM,愛しき人の人生日記,廊下で倒れた老人を助けクビになった中卒社員。翌日、黒塗りの高級車が現れて…,643,,,0,db_thumbnail_url: HTTPError
U_G-UZxeydc,潮見組　人情列伝,ヤクザの組長に全財産の3000円を貸した女子高生。後日、借金返済でヤクザに迫られそうになると最強の守護神が現れ…【感動する話】,634,existing,E:\Data\ObsidianVault\02_Channels\シニア朗読\競合リサーチ\サムネ企画検索ポータル_20260605\thumbnail_assets\U_G-UZxeydc.jpg,313097,
nF6GBAZlpLA,人生スカッと物語,線路内で倒れたおばあさんを助けた母子家庭の女子高生。数日後、学校中が凍りつく…,631,existing,E:\Data\ObsidianVault\02_Channels\シニア朗読\競合リサーチ\サムネ企画検索ポータル_20260605\thumbnail_assets\nF6GBAZlpLA.jpg,222066,
vro_q4Nd-NU,人生色々TV,【涙腺崩壊】病院の待合でお互いを気遣う何気ない会話…老人が診察の呼び出しを受けると妊婦が耳を疑う一言を放った…,630,,,0,db_thumbnail_url: HTTPError
KQziqUf_TIM,人生逆転ドラマch,セルフレジでお婆さんを助けた母子家庭学生。翌日，病院に現れた人物に院長が真っ青に…,630,existing,E:\Data\ObsidianVault\02_Channels\シニア朗読\競合リサーチ\サムネ企画検索ポータル_20260605\thumbnail_assets\KQziqUf_TIM.jpg,58752,
rCP0KEPxQ6U,人生のギフト,借金5000万で差し押さえられる寿司屋の店主ー財布を忘れた目が見えない少女に無料で寿司を振る舞った結果…【感動する話】,630,existing,E:\Data\ObsidianVault\02_Channels\シニア朗読\競合リサーチ\サムネ企画検索ポータル_20260605\thumbnail_assets\rCP0KEPxQ6U.jpg,274920,
_WvPncDtupA,人生ドラマ,駅で震える老婦人に温かいお弁当を渡した駅員は解雇された。翌日その駅に高級車が現れて…｜家族｜感動話｜朗読ドラマ｜シニア物語 感動ドラマㅣ老後物語ㅣ老後の知恵ㅣ老年の人生ㅣ幸せな晩年ㅣオーディオブック」,626,existing,E:\Data\ObsidianVault\02_Channels\シニア朗読\競合リサーチ\サムネ企画検索ポータル_20260605\thumbnail_assets\_WvPncDtupA.jpg,275563,
DjBguPXOJDw,人生色々TV,新婦の父を「旋盤工、まあ立派ですよ」と嘲笑した新郎の父…その15分後、新郎側全員が顔面蒼白に・・・,624,existing,E:\Data\ObsidianVault\02_Channels\シニア朗読\競合リサーチ\サムネ企画検索ポータル_20260605\thumbnail_assets\DjBguPXOJDw.jpg,229260,
tsRNCjuvLbQ,人生逆転ストーリー,「うちは大丈夫」が一番危ない…気づかぬうちに老後破産する人のお金の使い方,623,existing,E:\Data\ObsidianVault\02_Channels\シニア朗読\競合リサーチ\サムネ企画検索ポータル_20260605\thumbnail_assets\tsRNCjuvLbQ.jpg,228564,
1glN3cwBsy4,潮見組　人情列伝,借金の取り立てに行く度にヤクザに助けを求める少年。怪しく思って密かに家に盗聴器を仕掛けた結果…【感動する話】,622,existing,E:\Data\ObsidianVault\02_Channels\シニア朗読\競合リサーチ\サムネ企画検索ポータル_20260605\thumbnail_assets\1glN3cwBsy4.jpg,279185,
dG8BWNCDUMo,人生の輝き,「前科者は雇うべきじゃなかった」と陰口を叩かれた元受刑者の従業員──ある日、更生保護施設の職員が「長年の功労者表彰を」と訪問してきた…,618,,,0,db_thumbnail_url: HTTPError
--CLaqugEWA,潮見組　人情列伝,「クビになっちゃった…」不当に解雇された高卒の派遣社員。仲の良い普段温厚な清掃員おじさんが一瞬だけヤクザに戻ることを決意した結果【感動する話】,616,existing,E:\Data\ObsidianVault\02_Channels\シニア朗読\競合リサーチ\サムネ企画検索ポータル_20260605\thumbnail_assets\--CLaqugEWA.jpg,277877,
MpJnys8iXm4,愛しき人の人生日記,会社に不当解雇されたOLが倒れていた老人を助けた翌日、勤めた会社から電話がかかってきて…,613,,,0,db_thumbnail_url: HTTPError
Q6QNY_djM5U,人生スカッと物語,破産寸前のうどん屋を救った貧乏女子高生。翌日、出勤すると老夫婦にクビを宣告された…,611,,,0,db_thumbnail_url: HTTPError
jvEOchepZZc,心に響く人生ドラマ日誌,田舎道で動かなくなったボロ車を直してあげた16歳の少年。翌日、店の前に黒塗りの高級車が現れ騒然…,610,,,0,db_thumbnail_url: HTTPError
Lnq0S5iERhs,潮見組　人情列伝,ヤクザに助けを求めた7歳の少年。「お母さんを守って…」翌日、裁判所の前に10台の黒塗りの高級車が続々止まり…【感動する話】,610,existing,E:\Data\ObsidianVault\02_Channels\シニア朗読\競合リサーチ\サムネ企画検索ポータル_20260605\thumbnail_assets\Lnq0S5iERhs.jpg,249555,
9MwgwlPHJqw,人生逆転ドラマシアター,母娘ホームレスに蕎麦を奢った店主、2分後→『恩返しに何でも』と告げられたとき,609,,,0,db_thumbnail_url: HTTPError
paAPO5RwU8Q,人生劇場放送局,【スカッと】「いいよ、金は要らない」所持金０円の老夫婦。翌日、重機が寿司屋を破壊していた…！【シニア】,609,existing,E:\Data\ObsidianVault\02_Channels\シニア朗読\競合リサーチ\サムネ企画検索ポータル_20260605\thumbnail_assets\paAPO5RwU8Q.jpg,149627,
dKBFcNV1qJI,人生の縁側,「親の顔が見てみたいわw」エリート銀行員に侮辱された女性清掃員。「わかりました、すぐ呼びますね」内線0001で呼び出した結果…,609,,,0,db_thumbnail_url: HTTPError
yJzMKL5Sbgc,人生ドラマ座,"遅刻して見下された就活生が助けた""お婆さん""の正体を知った瞬間、冷酷な面接官たちが凍りついた…！",608,existing,E:\Data\ObsidianVault\02_Channels\シニア朗読\競合リサーチ\サムネ企画検索ポータル_20260605\thumbnail_assets\yJzMKL5Sbgc.jpg,143930,
j1ahKFcKlHQ,人生の輝き,「高級住宅街に汚い格好でウロウロするな」と自治会長に罵倒される70歳の新聞配達員。しかしその正体が明かされると、地域住民は青ざめ驚愕した…,608,,,0,db_thumbnail_url: HTTPError
T9YRmAUEahQ,人生の輝き,アメリカの少年野球監督が日本の野球を「レベル低い」と侮辱した。だが、練習試合が始まると最初の一球で彼は黙り込んだ…,606,,,0,db_thumbnail_url: HTTPError
IWwJofupu2I,人生逆転ストーリー,清掃員のおばあさんがピアノに向かうと、皆が嘲笑した。しかし…その瞬間、全員が震えた理由とは？,605,,,0,db_thumbnail_url: HTTPError
nRDMecBHhwo,心に響く人生ドラマ日誌,駅で迷子の少年を助けた派遣OLを即日解雇した人事部長。翌日、会社の前に黒塗りの高級車が現れて,600,,,0,db_thumbnail_url: HTTPError
cVYHqAsymFI,人生色々TV,粉飾に沈む会社と探りを入れすぎ懲戒間際のパート…全てを救ったのがまさかの清掃老婆だった・・・,599,,,0,db_thumbnail_url: HTTPError
pW2jv3EOAM4,人生スカッと物語,「年寄りは邪魔だ！」バスで怒鳴られたお婆さんを助けた貧乏就活生。数日後、黒塗りの高級車が現れて…,599,,,0,db_thumbnail_url: HTTPError
SKH7NEzTudc,愛しき人の人生日記,全財産1000円の老人に弁当を分けたシングルマザー…3日後、銀行から信じられない電話が…,597,,,0,db_thumbnail_url: HTTPError
NP2vHAiPjqQ,人生ドラマ座,パートの老人を見下した若手社員…しかし最後に明かされた正体に全員が顔面蒼白,594,existing,E:\Data\ObsidianVault\02_Channels\シニア朗読\競合リサーチ\サムネ企画検索ポータル_20260605\thumbnail_assets\NP2vHAiPjqQ.jpg,150109,
VwqZtjUjZm0,人生は宝物,"廃業寸前のパン屋に盲目の13歳少女が来店「月給3,000円で働かせてください」孤独な65歳店主が月給25万円で雇った結果…【感動する話】",594,,,0,db_thumbnail_url: HTTPError
eomiHxZz4Dw,人生の輝き,離島での交番勤務を侮辱する都会在住の同級生。だが、彼は知らなかった。かつて彼の父親に命を救われていたことを…,591,,,0,db_thumbnail_url: HTTPError
PfROz24OpuM,人生劇場放送局,【スカッと】「次、連絡したらクビだ！」と罵倒された俺。倒産寸前の会社に連絡しなかった結果...。【シニア】,589,existing,E:\Data\ObsidianVault\02_Channels\シニア朗読\競合リサーチ\サムネ企画検索ポータル_20260605\thumbnail_assets\PfROz24OpuM.jpg,145984,
8odahJn7uqI,人生のヒカリ,認知症の祖父を支える廃業寸前の旅館20歳若女将→全財産100円の老人をスイートルームに泊めたその夜、衝撃の正体が判明し・・・,584,existing,E:\Data\ObsidianVault\02_Channels\シニア朗読\競合リサーチ\サムネ企画検索ポータル_20260605\thumbnail_assets\8odahJn7uqI.jpg,257760,
v8QCBzC7HaY,人生の輝き,「中卒の底辺ごときがｗ」ボロ作業着の少女を見下した銀行員→翌朝、銀行から500億円が消え大混乱に…,582,existing,E:\Data\ObsidianVault\02_Channels\シニア朗読\競合リサーチ\サムネ企画検索ポータル_20260605\thumbnail_assets\v8QCBzC7HaY.jpg,237717,
rHpnYKOzsrc,人生の輝き,「たかが掃除係」と葬儀場の社長に罵倒される清拭係の高齢女性。翌日、彼女が全参列者を号泣させた真実とは…,580,,,0,db_thumbnail_url: HTTPError
1IRjD55QRaE,人生逆転ドラマch,貧乏母子に無料でラーメンを渡した屋台の少女。20年後，屋台の危機を救ったのはあの2人だった,577,existing,E:\Data\ObsidianVault\02_Channels\シニア朗読\競合リサーチ\サムネ企画検索ポータル_20260605\thumbnail_assets\1IRjD55QRaE.jpg,151671,
gbjb3HGHhiw,人生逆転ストーリー,「雑用係は黙ってろ」ドイツの名門研究所で嘲笑された60代日本人庶務係。崩壊寸前の研究を救ったその時、彼の正体が明らかに――！？,575,,,0,db_thumbnail_url: HTTPError
YUxQJiFkLME,人生ドラマTV,家政婦「命をかけてお守りします」実母を亡くし継母に追放されたお嬢様。20年後、亡き実母の無念を晴らす！壮大なストーリー,575,existing,E:\Data\ObsidianVault\02_Channels\シニア朗読\競合リサーチ\サムネ企画検索ポータル_20260605\thumbnail_assets\YUxQJiFkLME.jpg,239827,
cx_EcRaqbb4,人生ドラマ館,高級寿司屋で障害を持つ妹が軽蔑される。次の瞬間，大将が｢お帰りください｣と追い出したのは…,574,,,0,db_thumbnail_url: HTTPError
YJGRR_ZdPY4,人生スカッと朗読-劇場-,出張から帰宅すると自宅で夫の浮気相手が暮らしていた。「私が妻と母親になるｗ」本当に譲った結果…【スカッとする話】,572,,,0,db_thumbnail_url: HTTPError
w-yEpVJ1jrQ,人生の輝き,廃業寸前の老舗旅館に現れたぶ濡れの親子をタダで宿泊させた82歳旅館番頭…旅館閉館当日、まさかの事態に…,571,,,0,db_thumbnail_url: HTTPError
hCuktfbTwxU,人生逆転ストーリー,「ババアのせいで遅れたぞ」清掃員のお婆さんにに吐いたその一言で、主任の人生は終わった。,570,,,0,db_thumbnail_url: HTTPError
Z9_PWSLQj5U,人生はバラ色,「小銭なんか持ってくるなよw」エリート銀行員に嘲笑されたボロボロのお爺さん 翌日、”5000億円 移動で銀行がパニックに…,568,existing,E:\Data\ObsidianVault\02_Channels\シニア朗読\競合リサーチ\サムネ企画検索ポータル_20260605\thumbnail_assets\Z9_PWSLQj5U.jpg,169764,
Aelt8LWDxKI,人生の温もり,ボロボロの老人を助けた銀行員。翌週クビを宣告された——しかし一週間後、黒塗りの高級車が…【感動する話】,567,,,0,db_thumbnail_url: HTTPError
l9Djxi5_3Hg,人生逆転ドラマch,｢汚い！｣と罵られる祖母を支えた貧乏女子高生。ある日突然，黒いスーツの男達が現れ…,562,existing,E:\Data\ObsidianVault\02_Channels\シニア朗読\競合リサーチ\サムネ企画検索ポータル_20260605\thumbnail_assets\l9Djxi5_3Hg.jpg,148963,
jAahglSSVII,人生逆転ドラマch,大雨の川でお婆さんを救った女子高生。助けた相手は助けたくない相手だった…,561,existing,E:\Data\ObsidianVault\02_Channels\シニア朗読\競合リサーチ\サムネ企画検索ポータル_20260605\thumbnail_assets\jAahglSSVII.jpg,196864,
b-Dfgt-GrGc,人生ドラマ館,6年間デマを流されいじめられた貧乏高校生。最後の文化祭で明かした真実に全員が絶句する…,560,,,0,db_thumbnail_url: HTTPError
jqkCPYf3tRs,人生スカッと物語,若女将に怒鳴られ続けた皿洗いのお婆さん。だが翌朝、旅館に現れた人物が口にした言葉で、旅館中が静まり返る…,557,,,0,db_thumbnail_url: HTTPError
3Tf2flkOp3s,人生色々TV,妻との別れ際に夫が差し出したのは50年前に見た思い出の品でした…妻は夫の気持ちを理解して優しい笑みで・・・,556,,,0,db_thumbnail_url: HTTPError
uqhg1gjA5lU,人生ドラマTV,離婚して9年、ティッシュ配りする元妻を見た瞬間、胸が張り裂けそうでした,553,existing,E:\Data\ObsidianVault\02_Channels\シニア朗読\競合リサーチ\サムネ企画検索ポータル_20260605\thumbnail_assets\uqhg1gjA5lU.jpg,219762,
sj4AFkkbKJ0,人生の糸,廃業寸前の診療所の前で倒れた老人。院長が助けると老人「お礼にタダで働かせてください」33歳三代目院長「月30万円で雇います」→結果…【感動する話】,549,existing,E:\Data\ObsidianVault\02_Channels\シニア朗読\競合リサーチ\サムネ企画検索ポータル_20260605\thumbnail_assets\sj4AFkkbKJ0.jpg,248933,
5lYE3HLj5ms,人生劇場放送局,【スカッと】「無能はクビだ！」と中途社員へ鬼電した部長。海外出張中に社長のスマホと入れ替えた結果...。【シニア】,547,existing,E:\Data\ObsidianVault\02_Channels\シニア朗読\競合リサーチ\サムネ企画検索ポータル_20260605\thumbnail_assets\5lYE3HLj5ms.jpg,134582,
dffuVobXjZ8,人生の輝き,「子供は帰れｗ」株主総会から女子大生を追い出したエリート役員→その場で100億円全株売却したら…,544,existing,E:\Data\ObsidianVault\02_Channels\シニア朗読\競合リサーチ\サムネ企画検索ポータル_20260605\thumbnail_assets\dffuVobXjZ8.jpg,230107,
Dqn6NDlFJ2U,仁義と人生の部屋,外国人客に暴言を吐く金持ち息子→3秒後、この店の店主が立ち上がり...【感動する話】,537,,,0,db_thumbnail_url: HTTPError
RuB4ZufGJU0,人生スカッと物語,廃業寸前の屋台で無銭飲食をした母子家庭親子が「私を逮捕してください！」と言い出した,536,,,0,db_thumbnail_url: HTTPError
cLPyINNGnTk,人生劇場放送局,【スカッと】「邪魔な皿洗いババァ！」と罵倒した料理長。彼女が伝説の料理人と知り、厨房全員が驚愕。【シニア】,536,existing,E:\Data\ObsidianVault\02_Channels\シニア朗読\競合リサーチ\サムネ企画検索ポータル_20260605\thumbnail_assets\cLPyINNGnTk.jpg,39928,
d3_Qg4_AG4c,人生スカッと物語,「中卒が生意気ね」誰にも見舞われない孤独なお婆さんを助けた中卒清掃員。後日、一本の電話で彼女の未来がひっくり返る,534,,,0,db_thumbnail_url: HTTPError
nM5JAaVYbLE,人生スカッと物語,嵐の夜、たった100円を握りしめた老婆が来店。雨宿り代わりに掃除を手伝ってもらった結果…,533,,,0,db_thumbnail_url: HTTPError
B8ilEW7FjR8,心に響く人生ドラマ日誌,空腹の少女にパンを分けたホームレスの老人、数日後彼の元にスーツ姿の男が現れて…,533,,,0,db_thumbnail_url: HTTPError
9e_QSxWRleA,人生劇場放送局,【スカッと】「口答えすんな！地味女」と言われた中途社員。銀座高級クラブに潜入、部長の”裏金を暴く”。【シニア】,533,existing,E:\Data\ObsidianVault\02_Channels\シニア朗読\競合リサーチ\サムネ企画検索ポータル_20260605\thumbnail_assets\9e_QSxWRleA.jpg,162750,
hmwM0xyfx0k,面白きかな人生,「計算もできない民族か？」嘲る教師の前で沈黙した少女。次の瞬間、そろばん一振りで百問正解！その正体に教師蒼白！【面白きかな人生】,531,,,0,db_thumbnail_url: HTTPError
0kzgAz4fx4s,人生はバラ色,「貧乏なボケ老人はもう来るなw」と嘲笑した支店長…ボロボロの老人の正体を知った銀行が、翌日黒塗り車100台で謝罪に来た…,530,existing,E:\Data\ObsidianVault\02_Channels\シニア朗読\競合リサーチ\サムネ企画検索ポータル_20260605\thumbnail_assets\0kzgAz4fx4s.jpg,238679,
J6gFSG0mVeY,潮見組　人情列伝,「このままじゃお店が…」DQN客に貸切予約ドタキャンされ嘆く赤字居酒屋営む母娘。10分後、50人のヤクザを連れた組長が現れ…【感動する話】,529,existing,E:\Data\ObsidianVault\02_Channels\シニア朗読\競合リサーチ\サムネ企画検索ポータル_20260605\thumbnail_assets\J6gFSG0mVeY.jpg,214708,
IBdy5h27E7Y,人生の輝き,「アイツ変なヤツだよ」とクラス全員にいじめられる転校生。だがある事件で、彼は構えただけでいじめっ子たちを黙らせた…,528,,,0,db_thumbnail_url: HTTPError
ghecJat7ylE,人生ドラマTV,老人ホームで入居者に汚水をかけた施設長は、彼がオーナーだったとは知らなかった。,526,existing,E:\Data\ObsidianVault\02_Channels\シニア朗読\競合リサーチ\サムネ企画検索ポータル_20260605\thumbnail_assets\ghecJat7ylE.jpg,171147,
TkZf_KLFwp0,人生のギフト,「貧乏人はお断り」高級寿司店で門前払いされた老人ーしかし唯一“見習い板前”だけが寿司をごちそうした翌日、店の前に黒塗りの高級車が現れ…【感動する物語】,525,existing,E:\Data\ObsidianVault\02_Channels\シニア朗読\競合リサーチ\サムネ企画検索ポータル_20260605\thumbnail_assets\TkZf_KLFwp0.jpg,239736,
EF18boyJcps,人生の輝き,貧乏就活生に学食で助けられたお爺さん。彼が苦悶の表情で彼女を「先生」と呼んだ理由とは…,518,,,0,db_thumbnail_url: HTTPError
yydx9EDsVrQ,人生の温もり,「風は何色？」目の見えない7歳の少女の問いに、67歳の男は言葉を失った──23年間の秘密【感動する話】,518,,,0,db_thumbnail_url: HTTPError
fO4AGAfxHmU,人生ドラマ,叱られた老人と青年の奇跡｜一冊の本が命を救う感動実話｜シニア朗読ドラマ｜老後の知恵と幸せな晩年,515,existing,E:\Data\ObsidianVault\02_Channels\シニア朗読\競合リサーチ\サムネ企画検索ポータル_20260605\thumbnail_assets\fO4AGAfxHmU.jpg,179755,
Hf0Y3Rsrtnk,潮見組　人情列伝,上司にハメられ不当に解雇された派遣の女性。「クビになっちゃった」仲の良い警備員が10年ぶりにヤクザに戻る覚悟した結果【感動する話】,515,existing,E:\Data\ObsidianVault\02_Channels\シニア朗読\競合リサーチ\サムネ企画検索ポータル_20260605\thumbnail_assets\Hf0Y3Rsrtnk.jpg,206568,
yiPAB2EDj_M,人生の輝き,「吃音症は接客業に向いてない辞めろ」と罵られた書店員。だが、その正体は命の叫びに耳を傾け続け、200人以上を救った相談員だった…,515,,,0,db_thumbnail_url: HTTPError
6a6sVYzqlDQ,潮見組　人情列伝,「みかじめ料300万要求されて…」行きつけの料亭へ行くと号泣する美人女将元組長の男性「その小僧今すぐ呼べるか？」【感動する話】,514,existing,E:\Data\ObsidianVault\02_Channels\シニア朗読\競合リサーチ\サムネ企画検索ポータル_20260605\thumbnail_assets\6a6sVYzqlDQ.jpg,217273,
01efdvfAdG0,人生のヒカリ,山でお婆さんを助けた女子高生。翌日、お婆さんが黒塗の高級車で現れ...,514,existing,E:\Data\ObsidianVault\02_Channels\シニア朗読\競合リサーチ\サムネ企画検索ポータル_20260605\thumbnail_assets\01efdvfAdG0.jpg,157979,
YcAhrGS2vjc,人生ドラマ館,「カビ臭い本」老人が３０年間寄贈した古本を捨てた図書館長。翌日、女子高生が文化財相当の古書があることを発見、図書館長は顔面蒼白…,513,,,0,db_thumbnail_url: HTTPError
77E995Bcri8,愛しき人の人生日記,高級寿司店で入店拒否されたみすぼらしい親子。偶然店にいた老人の一言に、店主が青ざめた…,513,,,0,db_thumbnail_url: HTTPError
LGh0g8-WaU4,人生ドラマ,「会長が眠ったふりで清掃員の娘を試すと…衝撃の真実が」｜家族の裏切り｜感動話｜朗読ドラマ｜シニア物語 感動ドラマㅣ老後物語ㅣ老後の知恵ㅣ老年の人生ㅣ幸せな晩年ㅣオーディオブック」,512,existing,E:\Data\ObsidianVault\02_Channels\シニア朗読\競合リサーチ\サムネ企画検索ポータル_20260605\thumbnail_assets\LGh0g8-WaU4.jpg,173243,
ZP8fKc1Nl74,人生逆転ドラマch,｢退職金なんてやるか｣と罵倒されたお爺さん清掃員。最後の給料5000円を支給した後，高級車が並び…,511,existing,E:\Data\ObsidianVault\02_Channels\シニア朗読\競合リサーチ\サムネ企画検索ポータル_20260605\thumbnail_assets\ZP8fKc1Nl74.jpg,148275,
5kOvDd6BZzA,人生の輝き,実の孫だとは知らずに緊急搬送した救急隊員は、病院の廊下で30年前の婚約者と再会して、ようやく真実を知ることになる…,508,,,0,db_thumbnail_url: HTTPError
NheqvnVAPBQ,人生は宝物,借金500万の蕎麦屋に松葉杖の13歳少女が来店「日給100円で働けますか⋯」70歳店主「正社員として月給20万円で雇う」→1ヶ月後、まさかの展開に…【感動する話】,507,,,0,db_thumbnail_url: HTTPError
TPQHQA9BFco,人生ドラマ座,新人を食い物にする部長が食堂のお婆さんを嘲笑した結果その女性の正体は会長だった,504,existing,E:\Data\ObsidianVault\02_Channels\シニア朗読\競合リサーチ\サムネ企画検索ポータル_20260605\thumbnail_assets\TPQHQA9BFco.jpg,157704,
YMdWzEOvgco,愛しき人の人生日記,林道でボロい故障車を修理した貧乏な女子高生。翌日、老人が涙ながらに真実を語り始め。。。,504,,,0,db_thumbnail_url: HTTPError
daI_uNnNjHA,人生の裏側,「ただの廃業寸前の豆腐屋のジジイだろ？」立ち退きを迫られる豆腐屋主人。しかし男たちは、老人の正体を知るはずもなかった…,501,existing,E:\Data\ObsidianVault\02_Channels\シニア朗読\競合リサーチ\サムネ企画検索ポータル_20260605\thumbnail_assets\daI_uNnNjHA.jpg,230480,
OWHgqZkzTPo,人生ドラマTV,「それを食べないで！旦那様」7歳の仲居娘が老舗料亭当主を救い、婚約者の正体を暴いた！,498,,,0,db_thumbnail_url: HTTPError
OJV0VZ1fiCk,人生スカッと物語,お母さんのために貯めた孫の貯金を嘲笑した銀行員。その直後、おばあちゃんの一言に全行員が凍りついた…,497,,,0,db_thumbnail_url: HTTPError
6dnkmQ6qAy8,人生逆転ストーリー,「貧乏な土方だった」と俺を嘲笑う元商社マン同級生と同窓会帰りにタワマン前で再会『土方風情が住めるかよw』奴がエレベーターで3階を押した瞬間、俺は黙って最上階のボタンを…,495,,,0,db_thumbnail_url: HTTPError
_XkTSsxgdsA,人生逆転ストーリー,「そんなボロ車で？」高級ホテルで嘲笑された老夫婦。だがその30分後、支配人が凍りついた――。,489,,,0,db_thumbnail_url: HTTPError
d27E1XRBSXc,面白きかな人生,「通訳なんてできるわけないだろ？」バカにされた日本人少女が語学大会で優勝！ 翌朝、彼女を侮辱した男が雇用面接で再会し土下座【面白きかな人生】,486,,,0,db_thumbnail_url: HTTPError
rE8RZK6qcCM,人生の光と影 朗読館,ずぶ濡れのヤクザを保護した女子高生。10年後、廃業寸前の銭湯に現れたのは…,484,,,0,db_thumbnail_url: HTTPError
evR10AXsi6g,人生色々TV,見た目で判断し口座開設を拒否したので…全ての取引を停止してやりました…,483,,,0,db_thumbnail_url: HTTPError
WsM6Dc5dZxA,人生ドラマ館,美人幼馴染から恋人役を頼まれた「お願い１回だけ…」頬を染めながらもしぶしぶ承諾。しかしお見合い相手が馬が合わない同僚だった→後日同僚がクビになり...,482,,,0,db_thumbnail_url: HTTPError
yc6g1mdjzO4,人生ドラマ,昏睡の会長の 孤児出身の治療士 傷を見た瞬間、「お父さん…？」｜嫁姑｜家族の裏切り｜感動話｜朗読ドラマ｜シニア物語 感動ドラマㅣ老後物語ㅣ老後の知恵ㅣ老年の人生ㅣ幸せな晩年ㅣオーディオブック」,482,existing,E:\Data\ObsidianVault\02_Channels\シニア朗読\競合リサーチ\サムネ企画検索ポータル_20260605\thumbnail_assets\yc6g1mdjzO4.jpg,220060,
SuUc_yF8jnc,人生逆転ドラマch,畑で倒れたお婆さんを助けた貧乏女子高生。病院に付き添い，受験に大遅刻した結果…,478,existing,E:\Data\ObsidianVault\02_Channels\シニア朗読\競合リサーチ\サムネ企画検索ポータル_20260605\thumbnail_assets\SuUc_yF8jnc.jpg,153767,
guVAmOOo_2I,人生の光と影 朗読館,倒れていたヤクザにおにぎりを差し出した米屋の娘。15年後、時代遅れと嘲笑われた米屋を救ったのは…,476,,,0,db_thumbnail_url: HTTPError
sCzZZ0LoAD4,人生はバラ色,「貧乏人に使う時間ないw」老人の書類を破いたエリート銀行員  翌日、 銀行に黒塗り車50台が現れ銀行騒然、支店長が顔面蒼白に…,474,existing,E:\Data\ObsidianVault\02_Channels\シニア朗読\競合リサーチ\サムネ企画検索ポータル_20260605\thumbnail_assets\sCzZZ0LoAD4.jpg,166847,
bjBtxPA3_bU,人生の縁側,「生きたければ、かつらを被りなさい！」12歳の天才孤児の少女の叫びに、大財閥の会長が女性用かつらを被って身を隠した衝撃展開【感動する話】,473,,,0,db_thumbnail_url: HTTPError
taBnAzJuel0,人生劇場放送局,【スカッと】「雑用係のババァ」と笑われ続けた彼女。10憶の商談の日、全社員が震えた...。【シニア】,472,existing,E:\Data\ObsidianVault\02_Channels\シニア朗読\競合リサーチ\サムネ企画検索ポータル_20260605\thumbnail_assets\taBnAzJuel0.jpg,141851,
2duSTtKAJa8,人生の温もり,正直に生きて全てを失った27歳の女性→閉店30日前の蕎麦屋で出会った63歳職人が最後に教えてくれた人生の真実とは…【感動する話】,471,,,0,db_thumbnail_url: HTTPError
NnNVqfEitC8,人生の輝き,「劣等民族の負け犬」日米合同研究所で日本人助手を侮辱するアメリカ人博士。だが、彼の国際学会で発表した論文にノーベル賞の選考委員が…,470,,,0,db_thumbnail_url: HTTPError
XPLI1rEDdgw,人生のヒカリ,ボロ服のホームレスに絵本を渡した少女。男の正体を知り日本中が唖然...,468,existing,E:\Data\ObsidianVault\02_Channels\シニア朗読\競合リサーチ\サムネ企画検索ポータル_20260605\thumbnail_assets\XPLI1rEDdgw.jpg,162018,
ymnFwlhAyMU,人生ドラマ座,清掃員に3分遅刻で罵倒した課長。翌日、黒塗りの高級車から降りてきた老人の“肩書き”を見た瞬間、全員凍りついた…,465,existing,E:\Data\ObsidianVault\02_Channels\シニア朗読\競合リサーチ\サムネ企画検索ポータル_20260605\thumbnail_assets\ymnFwlhAyMU.jpg,144049,
6ni5Xlnhd2I,人生の輝き,駐車場で倒れた男性を必死に助けた清掃員。翌日SNSで「売名行為」と炎上…しかし隠された真実に涙が止まらない…【感動する話】,465,,,0,db_thumbnail_url: HTTPError
o9jwMsWdSDU,愛しき人の人生日記,「本日で辞めさせて頂きます」言い放った中卒OLが退社した翌日、会社の電話が鳴り止まず…,461,existing,E:\Data\ObsidianVault\02_Channels\シニア朗読\競合リサーチ\サムネ企画検索ポータル_20260605\thumbnail_assets\o9jwMsWdSDU.jpg,241961,
k0eCxrKuZz8,感動スカっと人生録,毎日罵倒された女性作業員の正体が判明→現場に黒塗りの高級車10台、監督失神,460,,,0,db_thumbnail_url: HTTPError
VwHmf6Ai2ZU,人生ドラマTV,「貧乏神」のおばあさんに優しくした落ちこぼれ美容部員。翌日、デパートの前に黒塗りの高級車が現れると....,459,existing,E:\Data\ObsidianVault\02_Channels\シニア朗読\競合リサーチ\サムネ企画検索ポータル_20260605\thumbnail_assets\VwHmf6Ai2ZU.jpg,235690,
5Lw2vUUG0a4,愛しき人の人生日記,給食の残りを子どもに分けた調理員が即日解雇。数日後、現れた黒スーツの男の一言に職員が凍りついた…,458,,,0,db_thumbnail_url: HTTPError
k_arNI1C0Pw,人生はバラ色,「いいから食べな」財布を落とした老婦人にタダで握った倒産寸前の寿司屋… 翌日、重機が現れ突然店を壊し始めた…,455,existing,E:\Data\ObsidianVault\02_Channels\シニア朗読\競合リサーチ\サムネ企画検索ポータル_20260605\thumbnail_assets\k_arNI1C0Pw.jpg,174836,
uBpwCNEFwh8,心に響く人生ドラマ日誌,「お前はクビだ」老人を助けてバイトをクビになった貧乏女子高生…数日後、黒塗りの高級車が現れ...,452,,,0,db_thumbnail_url: HTTPError
KqteH3JkL6k,愛しき人の人生日記,「汚いから帰れ!!」と追い出されたお婆さんを励ました派遣社員。翌日、再び現れた老人が「3000億円引き出します」,452,,,0,db_thumbnail_url: HTTPError
bgO8e84GZ8I,心に響く人生ドラマ日誌,借金まみれで閉店寸前のうどん屋店主が、所持金100円の少女にうどんを出した。数日後、店主の元に黒スーツの集団が現れ...,451,,,0,db_thumbnail_url: HTTPError
hr9t0zJlyVE,人生スカッと物語,「汚い年寄りは帰れ！」銀行を追い出されたお婆さんを助けた新人女性銀行員。翌日お婆さんがスーツ姿で現れ「4０億円引き出します」,450,,,0,db_thumbnail_url: HTTPError
e08kYDFYG0c,人生逆転ドラマch,借金300万，最後の1000円で老人を助けた店員。翌日渡された封筒の中身に涙腺崩壊する…,449,existing,E:\Data\ObsidianVault\02_Channels\シニア朗読\競合リサーチ\サムネ企画検索ポータル_20260605\thumbnail_assets\e08kYDFYG0c.jpg,146539,
Sqvxlb-riOQ,潮見組　人情列伝,上司にハメられぼったくりバーで100万円の請求。俺「今すぐ親父…じゃなくて組長呼べ」【感動する話】,448,existing,E:\Data\ObsidianVault\02_Channels\シニア朗読\競合リサーチ\サムネ企画検索ポータル_20260605\thumbnail_assets\Sqvxlb-riOQ.jpg,285090,
MA4MP1jjDfk,人生逆転ストーリー,日本人少女を見下すフランス人の男は知らなかった。彼女が合気道の達人だったことを…,447,,,0,db_thumbnail_url: HTTPError
ww7ri7azZCQ,人生逆転ストーリー,困っていたお爺さんに全財産の千円を渡した貧乏女子高生。翌日、学校に現れた謎の富豪に全員が息を呑む…,447,,,0,db_thumbnail_url: HTTPError
VCp6t6XnKJc,人生ドラマ座,「嫌なら辞めろ」雨の中、裸足で徘徊していた老人を警察に届けた配送ドライバーを即日解雇した所長　後日、黒塗りの車が現れて...,447,existing,E:\Data\ObsidianVault\02_Channels\シニア朗読\競合リサーチ\サムネ企画検索ポータル_20260605\thumbnail_assets\VCp6t6XnKJc.jpg,164023,
HMBuyYQmLm8,人生ドラマTV,非常識なパワハラ上司を、亡き父の遺言で合法的に解任！手取り17万円の契約社員がブチギレた結果,445,existing,E:\Data\ObsidianVault\02_Channels\シニア朗読\競合リサーチ\サムネ企画検索ポータル_20260605\thumbnail_assets\HMBuyYQmLm8.jpg,176031,
l2SCTwYBRMo,愛しき人の人生日記,老人を助けて会議に2分遅刻した派遣社員。上司に罵倒された翌日、黒塗りの高級車が現れて…,445,,,0,db_thumbnail_url: HTTPError
Iqwx5kc7Cc0,面白きかな人生,「年寄りにノルマは無理っすよw クビ確定ね」若手上司に無能扱いされる70歳老人。翌月、取引先に転職すると…「お前！何した！」【面白きかな人生】,443,,,0,db_thumbnail_url: HTTPError
wT-UBtSm8Sk,人生スカッと朗読-劇場-,「慰謝料300万払え」ヤクザに脅された祖父。「同業者なら話は早いな」ヤクザ「は？」【スカッとする話】【感動する話】,443,,,0,db_thumbnail_url: HTTPError
NiADhcswLd8,人生逆転ストーリー,見下されていたホテルの荷物係が流暢なスペイン語を話し始めた途端、全員が凍りついた。,442,,,0,db_thumbnail_url: HTTPError
hamnYM3rP80,人生ドラマTV,苦しむおばあさんを助けた貧乏OL。不当解雇された翌日、高級マンションに招待され、人生大逆転した【情けは人の為ならず】,441,existing,E:\Data\ObsidianVault\02_Channels\シニア朗読\競合リサーチ\サムネ企画検索ポータル_20260605\thumbnail_assets\hamnYM3rP80.jpg,163614,
jBCk-hedAfM,潮見組　人情列伝,ぼったくりキャバクラでヤクザに絡まれた老人。3分後、黒塗りの高級車から現れたヤクザ全員が老人を見た瞬間土下座し始め…【感動する話】,440,existing,E:\Data\ObsidianVault\02_Channels\シニア朗読\競合リサーチ\サムネ企画検索ポータル_20260605\thumbnail_assets\jBCk-hedAfM.jpg,286179,
LHEoboW4WYA,人生の輝き,借金1500万で工房を差し押さえられた老陶芸家。最後の仕事として若者に彼の技術を全て教えた結果…,440,,,0,db_thumbnail_url: HTTPError
A2ieJ8YIAW0,人生ドラマ座,老人を助けて3分遅刻し、上司に罵倒された女性運転手。翌日、会社に黒塗りの高級車が現れ、全員凍りついた,436,existing,E:\Data\ObsidianVault\02_Channels\シニア朗読\競合リサーチ\サムネ企画検索ポータル_20260605\thumbnail_assets\A2ieJ8YIAW0.jpg,149572,
sG_CxXOQLmg,人生ドラマ館,両親を亡くし親戚に家を追い出された貧乏３姉妹、見た目はホームレスな老人の私が引き取った結果…,436,,,0,db_thumbnail_url: HTTPError
CHT5H8QjZKc,愛しき人の人生日記,バス賃がなくて困る老人に全財産の240円を渡した貧乏就活生。後日、ボロアパートに黒スーツの男が現れて…,435,,,0,db_thumbnail_url: HTTPError
Fj2jF0WQ62Y,面白きかな人生,「遅ぇよジジイ！」圧倒的体格差の外国選手に嘲笑された70歳老人。次の瞬間、その外国選手が消えた…【面白きかな人生】,434,,,0,db_thumbnail_url: HTTPError
wMx5j1M_Vn8,人生逆転ストーリー,街で倒れたお婆さんを助けた貧乏な就活生。面接に遅刻した彼に告げられた、信じられない一言とは…,433,,,0,db_thumbnail_url: HTTPError
SbJrrLLilhI,人生ドラマ館,姉の身代わりでオタクと嫌々お見合いした元アイドル志望。どう断ろうかと考えていたら、彼の意外な一言に驚かされた結果…,433,existing,E:\Data\ObsidianVault\02_Channels\シニア朗読\競合リサーチ\サムネ企画検索ポータル_20260605\thumbnail_assets\SbJrrLLilhI.jpg,218613,
q3Kjc6tUXdQ,人生のヒカリ,「ちゃんと掃除しろ！」オフィスを清掃するだけのお婆さん。突如サイバー攻撃を受けパソコンの前に座った次の瞬間、昔の宿敵と手を組み...【スカッと朗読】,429,existing,E:\Data\ObsidianVault\02_Channels\シニア朗読\競合リサーチ\サムネ企画検索ポータル_20260605\thumbnail_assets\q3Kjc6tUXdQ.jpg,197222,
V6QBOkmOVMo,人生ドラマ座,倒れていたお婆さんに全財産５千円を渡した東大生翌日、アパートの前に停まった黒塗りの高級車の持ち主に絶句,424,existing,E:\Data\ObsidianVault\02_Channels\シニア朗読\競合リサーチ\サムネ企画検索ポータル_20260605\thumbnail_assets\V6QBOkmOVMo.jpg,126863,
6DuXJwX8gs0,人生色々TV,「盲目でピアノは無理」貧乏少年に元先生の冷酷な一言…彼が全国コンクルールで弾き始めた瞬間会場が・・・,417,,,0,db_thumbnail_url: HTTPError
WlxQa1anpFU,人生のヒカリ,川に飛び込むお爺さんを助けた小学5年生の女の子。直後、老人の正体を知り少女の人生が変わる...,417,existing,E:\Data\ObsidianVault\02_Channels\シニア朗読\競合リサーチ\サムネ企画検索ポータル_20260605\thumbnail_assets\WlxQa1anpFU.jpg,142425,
8ZznSiUECvc,心に響く人生ドラマ日誌,財布を盗まれた老人に1000円を渡した貧乏大学生。翌日、ボロアパートの前に黒塗りの高級車が現れ,414,,,0,db_thumbnail_url: HTTPError
5ChW_p3O4ns,人生のギフト,借金1000万円で廃業寸前だったフランス人のパン屋が日本人アルバイトを雇った結果、まさかの展開に【感動物語】,411,existing,E:\Data\ObsidianVault\02_Channels\シニア朗読\競合リサーチ\サムネ企画検索ポータル_20260605\thumbnail_assets\5ChW_p3O4ns.jpg,174276,
u3iwIMXlGA4,人生の輝き,「貧乏人は帰れwww」と嫌がらせで村から追い出されようとした移住者夫婦。だがある日、集落に現れた黒塗りの高級車から一人の男性が降りてきて、、、,410,,,0,db_thumbnail_url: HTTPError
52ciYk3LcCI,人生逆転ドラマch,｢素人が何言ってる｣と怒鳴られた貧乏女子高生。食中毒の危機を察し完璧に見抜いたその後…,409,existing,E:\Data\ObsidianVault\02_Channels\シニア朗読\競合リサーチ\サムネ企画検索ポータル_20260605\thumbnail_assets\52ciYk3LcCI.jpg,142805,
L2M1RyWIZRk,仁義と人生の部屋,ある事件で店を畳んだ菓子職人→10年後、強制退去寸前のゴミ屋敷に孫が訪れ、祖父に一言【感動する話】,406,,,0,db_thumbnail_url: HTTPError
anfW1TYqwio,人生のヒカリ,山道でお爺さんのボロバイクカワサキZ1を修理した16歳貧乏少女。翌日、彼女の整備工場は閉店していた...,406,existing,E:\Data\ObsidianVault\02_Channels\シニア朗読\競合リサーチ\サムネ企画検索ポータル_20260605\thumbnail_assets\anfW1TYqwio.jpg,151399,
SJAOWsxG-p0,心に響く人生ドラマ日誌,ホームレスに親切にした貧乏少女。一夜にして雑居ビルの清掃バイトをクビになる。翌日、彼女の元にスーツ姿の男が現れ‥‥,405,,,0,db_thumbnail_url: HTTPError
D6Ke0xjFYkg,人生はバラ色,「中卒の老害は消えろww」エリート女社長にクビにされた75歳老人。実は会社の大株主と知った結果、社長が顔面蒼白に…,404,existing,E:\Data\ObsidianVault\02_Channels\シニア朗読\競合リサーチ\サムネ企画検索ポータル_20260605\thumbnail_assets\D6Ke0xjFYkg.jpg,144191,
28NXrdrB7D8,人生逆転ストーリー,「時代遅れだな」祖父の和菓子屋を守ろうとした私に嫌がらせ……ある日現れた、ひとりの老人が全てを変えた,403,,,0,db_thumbnail_url: HTTPError
J9eOIEn0XpM,人生スカッと物語,食堂で5歳の迷子におにぎりを差し出した貧乏女子高生。15年後、就活50社落ちた彼女の最終コンテストで目の前に現れたのは…,402,,,0,db_thumbnail_url: HTTPError
tMtLVI64l6Y,人生ドラマTV,妻の墓に見知らぬ女性が「お母さん」と泣いていた。妻が命懸けで隠した秘密に涙。【40年ごしの恩送り】,401,existing,E:\Data\ObsidianVault\02_Channels\シニア朗読\競合リサーチ\サムネ企画検索ポータル_20260605\thumbnail_assets\tMtLVI64l6Y.jpg,174759,
qfWRnK6UAVI,人生逆転ストーリー,「これを当てたら私の娘をやる！」傲慢なアラブ王族。だが彼は知らなかった——その日本人が特殊部隊の精鋭だったことを…,399,,,0,db_thumbnail_url: HTTPError
0eFe4E8s-io,人生ドラマ館,深夜の旅館に現れたのは、わずかな小銭を差し出す4人の弟妹を連れた女子高生だった。この日を境に私の人生が大きく変わるなんて、この時は思いもしなかった…,397,,,0,db_thumbnail_url: HTTPError
r-EBC00Azbo,人生色々TV,「あんたの顔なんて二度と見たくない！」味のしない食事をゴミ箱に捨て続けた私…亡き母の遺品となったあの異常な『計量ノート』に綴られていた、命懸けの内容が・・・,396,,,0,db_thumbnail_url: HTTPError
7u6JWLW3eCk,人生スカッと物語,「お帰りください」高級マンション内覧会で追い返される老夫婦を助けた派遣社員。上司にハメられ全社員の前でクビを言い渡される直前、老夫婦が現れ…,393,,,0,db_thumbnail_url: HTTPError
oyDjbwy-okw,人生のギフト,赤字続きで廃業寸前のラーメン屋に現れたボロ服の老人→ラーメンを無料で振る舞った翌日、信じられない出来事が...【感動する話】,393,existing,E:\Data\ObsidianVault\02_Channels\シニア朗読\競合リサーチ\サムネ企画検索ポータル_20260605\thumbnail_assets\oyDjbwy-okw.jpg,194614,
20hgv_emoW8,人生スカッと物語,母子家庭で進学を諦め大学で清掃員をして働く少女。ある日、ひっそり授業を盗み聞きしていると…,390,,,0,db_thumbnail_url: HTTPError
C_eXAXz-9WE,人生のギフト,「これで温かいもの食べて」駅前でうずくまる老人に最後の500円を渡した貧乏少年→翌日、学校の門に黒塗りの高級車が現れ…【感動する話】,389,existing,E:\Data\ObsidianVault\02_Channels\シニア朗読\競合リサーチ\サムネ企画検索ポータル_20260605\thumbnail_assets\C_eXAXz-9WE.jpg,224066,
idmimQxXxsM,人生スカッと物語,受験日に畑で倒れたお婆さんを助けた母子家庭の女子高生、試験に行けず。翌日、１本の電話がかかってきて…,388,,,0,db_thumbnail_url: HTTPError
kD8RS_PieL4,人生のヒカリ,孫の借金返済のために形見のボロ車フェラーリ250GTOを売るお爺さん。後日、借金取りが車の価値を知り...,387,existing,E:\Data\ObsidianVault\02_Channels\シニア朗読\競合リサーチ\サムネ企画検索ポータル_20260605\thumbnail_assets\kD8RS_PieL4.jpg,147338,
J99IhXNkwyk,人生ドラマ座,ひき逃げされたおじいさんを助けた貧乏就活生。直後の面接で、面接官が轢き逃げ犯だと気づいた時、彼女がとった行動とは...,384,existing,E:\Data\ObsidianVault\02_Channels\シニア朗読\競合リサーチ\サムネ企画検索ポータル_20260605\thumbnail_assets\J99IhXNkwyk.jpg,182296,
TSzeYfrhKIE,人生スカッと物語,吹雪の中、倒れた老婆を助けた貧乏少女。翌日、学校の前に黒塗りの高級車が現れ…,380,,,0,db_thumbnail_url: HTTPError
AizSafbEOvA,面白きかな人生,「みっともない」と罵られた車いすの老人…しかし敬礼を返したその男は“護衛隊を率いた伝説の指揮官”だった【面白きかな人生】,379,,,0,db_thumbnail_url: HTTPError
HRHgRH3TmEo,人生劇場放送局,【スカッと】低学歴と見下した新婦がピアノを無茶振り。しかし、彼がピアノを弾くと結婚式場全員が驚愕...【シニア】,378,existing,E:\Data\ObsidianVault\02_Channels\シニア朗読\競合リサーチ\サムネ企画検索ポータル_20260605\thumbnail_assets\HRHgRH3TmEo.jpg,159891,
AuMzH4veg1o,人生の光と影 朗読館,びしょ濡れの老人に傘を貸した契約社員の女性。「明日から来なくていい」と言われた直後、全員の顔が青ざめた…,378,existing,E:\Data\ObsidianVault\02_Channels\シニア朗読\競合リサーチ\サムネ企画検索ポータル_20260605\thumbnail_assets\AuMzH4veg1o.jpg,228566,
le1EA9xMRYo,人生逆転ドラマシアター,【教訓】「君は今日で終わりだ」——頭取と知らずに接していた新人銀行員が後に知った“本当の信用”,376,existing,E:\Data\ObsidianVault\02_Channels\シニア朗読\競合リサーチ\サムネ企画検索ポータル_20260605\thumbnail_assets\le1EA9xMRYo.jpg,240442,
KyiyVALSP-w,人生ドラマ館,明日、借金2800万で差し押さえられる寿司屋の少女→客「財布忘れました」無一文の外国人客に無料で寿司を振る舞った結果…,374,,,0,db_thumbnail_url: HTTPError
hjQCK02pXGE,人生のヒカリ,ホームレスの老人に廃棄弁当をあげたスーパーの定員。後日、彼女の前に学園長が現れて...,372,existing,E:\Data\ObsidianVault\02_Channels\シニア朗読\競合リサーチ\サムネ企画検索ポータル_20260605\thumbnail_assets\hjQCK02pXGE.jpg,165025,
VqkUkosmYx4,人生のギフト,店をクビになってまでボロ服の少女に寿司を食べさせた板前→10年後、その少女が現れ、信じられない展開に...【感動する話】,371,existing,E:\Data\ObsidianVault\02_Channels\シニア朗読\競合リサーチ\サムネ企画検索ポータル_20260605\thumbnail_assets\VqkUkosmYx4.jpg,267756,
i4Wenpl1RS4,感動スカっと人生録,権力ある保護者に潰された教師。救われた生徒が弁護士になって『合法的に復讐』した完璧すぎる結末,370,,,0,db_thumbnail_url: HTTPError
MXqtUU5yzuY,人生ドラマ館,「汚い老人」終電の車内で罵倒されたお爺さんを、女子高生の私が介抱。翌日、就職面接で老人が現れ…まさかの展開に,367,,,0,db_thumbnail_url: HTTPError
WBlNorxHNgM,人生の温もり,「見た目だけで犯人扱いされた」元ヤクザが55年待ち続けた奇跡の一言…誰も知らなかった真実【感動する話】,363,,,0,db_thumbnail_url: HTTPError
Szn8TsvcskY,人生ドラマ座,「Fランは時間の無駄！」集団面接で僕の企画を笑った面接官。「推薦状なんて意味ない！」と破りかけた瞬間、推薦者の名前を見た役員が凍りついた,360,existing,E:\Data\ObsidianVault\02_Channels\シニア朗読\競合リサーチ\サムネ企画検索ポータル_20260605\thumbnail_assets\Szn8TsvcskY.jpg,149605,
XbERgR6Nwac,人生ドラマTV,息子「老後の面倒は見ない」私「わかった」その瞬間、息子は代償を払うことになった。,358,existing,E:\Data\ObsidianVault\02_Channels\シニア朗読\競合リサーチ\サムネ企画検索ポータル_20260605\thumbnail_assets\XbERgR6Nwac.jpg,197515,
vln9N9MV-EQ,面白きかな人生,「年収180万で経営セミナー？」71歳老人を嘲笑う若手社長達。彼の静かな一言「ドルだけどね」社長「え？」【面白きかな人生】,355,,,0,db_thumbnail_url: HTTPError
gB-ZFjeAfJ0,人生ドラマ館,「お婆ちゃん、邪魔」駅の階段で転んだ老婆を助けた就活生。最終面接に遅刻した翌日、彼女の元に面接先の大企業社長から一本の電話が…,355,,,0,db_thumbnail_url: HTTPError
W6MooZyI-jA,心に響く人生ドラマ日誌,転落した子どもを助けクビになった老人警備員、翌日1本の電話がかかってきて…,355,,,0,db_thumbnail_url: HTTPError
Pqkyp49BSbE,人生ドラマ館,「買えないでしょ」と高級デパートを追い出された女子高生。迷子の認知症の老人を送り届けた翌日、最終面接で面接官が立ち上がり…,354,,,0,db_thumbnail_url: HTTPError
LFUm6ddnoLc,愛しき人の人生日記,取引先が私の人脈だと知らずにクビにした新部長。独立したら取引先が全部ついてきた結果...,354,existing,E:\Data\ObsidianVault\02_Channels\シニア朗読\競合リサーチ\サムネ企画検索ポータル_20260605\thumbnail_assets\LFUm6ddnoLc.jpg,257346,
VrnzVbLXQs8,人生ドラマTV,創業者一族だと知らずに話し相手になった遊園地の清掃員。クビを言い渡されたその理由に涙が止まらない遊園地、清掃,353,existing,E:\Data\ObsidianVault\02_Channels\シニア朗読\競合リサーチ\サムネ企画検索ポータル_20260605\thumbnail_assets\VrnzVbLXQs8.jpg,203619,
FT3TGmjJ_Uw,人生スカッと物語,壊れた自転車で困るお婆さんを助けた孤立した女子高生。その行動が人生を一変させる…,353,,,0,db_thumbnail_url: HTTPError
nnKWg-iHeVo,潮見組　人情列伝,清掃員を見下し水をぶっかける高学歴の無能上司「負け組は掃除だけしてろw」清掃員のシャツの下から刺青が露わになり正体がバレた結果…【感動する話】,353,existing,E:\Data\ObsidianVault\02_Channels\シニア朗読\競合リサーチ\サムネ企画検索ポータル_20260605\thumbnail_assets\nnKWg-iHeVo.jpg,308821,
EChw-hKxloU,人生劇場放送局,【スカッと】4歳の迷子に全財産を渡した貧乏な女子高生。20年後、30社落ちた面接で大企業の社長が...。【シニア】,349,existing,E:\Data\ObsidianVault\02_Channels\シニア朗読\競合リサーチ\サムネ企画検索ポータル_20260605\thumbnail_assets\EChw-hKxloU.jpg,147436,
gFVTSaf7Xck,人生逆転ドラマch,食堂のお婆さんにコーヒーをかけた係長は，彼女が会社の創業者とは知らなかった,348,existing,E:\Data\ObsidianVault\02_Channels\シニア朗読\競合リサーチ\サムネ企画検索ポータル_20260605\thumbnail_assets\gFVTSaf7Xck.jpg,147163,
cFTDO4TELAY,人生ドラマ,結婚50周年の記念日に財布を忘れた老夫婦――実は大企業の会長夫妻だった。閉店寸前のうどん屋で起きた、信じられない奇跡｜シニアㅣ感動ドラマㅣ老後物語ㅣ老後の知恵ㅣ老年の人生ㅣ幸せな晩年ㅣオーディオブック,348,existing,E:\Data\ObsidianVault\02_Channels\シニア朗読\競合リサーチ\サムネ企画検索ポータル_20260605\thumbnail_assets\cFTDO4TELAY.jpg,200467,
yKa4h5jO0vI,人生ドラマ館,通学路で老夫婦の自転車を直した貧乏女子高生。翌日、彼女の家に高級車がずらりと並び…,346,,,0,db_thumbnail_url: HTTPError
_J5KWDzPgO4,人生の輝き,50代女性の夜勤スタッフが深夜の老人ホームで男性入居者たちの世話を親身にしていた衝撃の真相が…,341,,,0,db_thumbnail_url: HTTPError
lCBrFWuh0pA,人生逆転ストーリー,「お前に何ができる？」イギリスの大病院で見下されていた日本人少女。しかし、緊急事態が起きた瞬間…！,340,,,0,db_thumbnail_url: HTTPError
CY3k8vbI-WM,人生ドラマTV,「パンの耳ください」貧乏ホームレスの母娘に店主の俺が特製クリームパンをご馳走した結果…,340,existing,E:\Data\ObsidianVault\02_Channels\シニア朗読\競合リサーチ\サムネ企画検索ポータル_20260605\thumbnail_assets\CY3k8vbI-WM.jpg,187869,
948D7ta281I,人生ドラマ,ホテルの予約に来た老婦人が断られた。しかし彼女の正体を知った瞬間、ホテルの全員が震え上がった。老後物語｜老後の知恵｜老年の人生｜幸せな晩年｜オーディオブック｜感動ドラマ｜実話のような話｜おもてなしの心,340,existing,E:\Data\ObsidianVault\02_Channels\シニア朗読\競合リサーチ\サムネ企画検索ポータル_20260605\thumbnail_assets\948D7ta281I.jpg,212400,
bkfs-C16t94,人生ドラマTV,「触らないで！」別れた婚約者から拒絶された老紳士。孫たちの作戦で2人は失われた50年を取り戻せるのか？,339,existing,E:\Data\ObsidianVault\02_Channels\シニア朗読\競合リサーチ\サムネ企画検索ポータル_20260605\thumbnail_assets\bkfs-C16t94.jpg,224657,
kdkdni6NvHA,潮見組　人情列伝,40階建ての高級ホテルで火事が発生し逃げ遅れた車椅子少女。「待ってろ、必ず助ける」1人のヤクザが少女を無事に救出すると…【感動する話】,338,existing,E:\Data\ObsidianVault\02_Channels\シニア朗読\競合リサーチ\サムネ企画検索ポータル_20260605\thumbnail_assets\kdkdni6NvHA.jpg,222202,
rDSkh-lQazw,人生の光と影 朗読館,DVから逃げる母子を匿い教育実習の模擬授業に遅刻女子大生。「教師になるな」と言われた私を、校長が呼び出した理由,338,existing,E:\Data\ObsidianVault\02_Channels\シニア朗読\競合リサーチ\サムネ企画検索ポータル_20260605\thumbnail_assets\rDSkh-lQazw.jpg,228307,
IFbaMal7t4I,人生のヒカリ,翌日廃業の料亭店主が親子に最高のカニを振舞う。翌日、高級車が現れ...,332,existing,E:\Data\ObsidianVault\02_Channels\シニア朗読\競合リサーチ\サムネ企画検索ポータル_20260605\thumbnail_assets\IFbaMal7t4I.jpg,144569,
OGFwSNiFCWE,人生スカッと物語,「邪魔だ、どけ！」エリート社員に蹴られた清掃員のお婆さん。翌日、全役員緊急招集で会社中が凍りつく…,330,,,0,db_thumbnail_url: HTTPError
Dzr-UPDA0lg,人生スカッと物語,パワハラ部長に牛乳をかけられた清掃員のお婆さん　翌日、彼女の正体に全社員が息を呑む…,330,,,0,db_thumbnail_url: HTTPError
dfOulj_Yy5U,人生の輝き,「東洋の猿は国に帰れ！」とアメリカ人軍曹に暴言を吐かれた日本人の老清掃員がテロリスト侵入の緊急事態に立ち上がり、武装犯を返り討ちに…,329,,,0,db_thumbnail_url: HTTPError
gqimQPPwYFs,人生逆転ドラマch,｢ボケ老人」と罵られたお爺さん清掃員。翌日，役員会議でのある一言に全員が凍りついた…,324,existing,E:\Data\ObsidianVault\02_Channels\シニア朗読\競合リサーチ\サムネ企画検索ポータル_20260605\thumbnail_assets\gqimQPPwYFs.jpg,140241,
ASE1ve_OZdU,人生スカッと物語,「お荷物w」と嘲笑され続けた清掃員のお婆さん。退職日の一言で全社員500人が凍りつく…,324,,,0,db_thumbnail_url: HTTPError
nmr5nqjLu2k,人生のヒカリ,一億円下ろしに来て無視された老人。ついに3000億円すべて引き出してしまった。,324,existing,E:\Data\ObsidianVault\02_Channels\シニア朗読\競合リサーチ\サムネ企画検索ポータル_20260605\thumbnail_assets\nmr5nqjLu2k.jpg,142034,
Kl-2DKsnvPw,人生はバラ色,「どうせ買えないだろw」ボロ服のお爺さんを嘲笑したディーラー。翌日、100億円の全額キャッシュで全在庫を買い占められ、店長が顔面蒼白に,320,existing,E:\Data\ObsidianVault\02_Channels\シニア朗読\競合リサーチ\サムネ企画検索ポータル_20260605\thumbnail_assets\Kl-2DKsnvPw.jpg,157252,
AuABFKn3JE8,人生ドラマ館,「この恩は絶対忘れねえ」女子高生が差し出した味噌汁が、十五年後、倒産寸前の味噌蔵の逆転のきっかけに,319,,,0,db_thumbnail_url: HTTPError
-juVjo20Aqk,人生ドラマ館,父を亡くした貧乏少年。形見の5000円札を使って老人を助けた結果…家の前に黒塗りの高級車が現れて…,318,existing,E:\Data\ObsidianVault\02_Channels\シニア朗読\競合リサーチ\サムネ企画検索ポータル_20260605\thumbnail_assets\-juVjo20Aqk.jpg,180099,
i1MrvV_qasE,人生劇場放送局,【スカッと】結婚記念30年目に妻から絶縁宣言。俺「了解」翌月、半狂乱の妻から鬼電が。【シニア】,318,existing,E:\Data\ObsidianVault\02_Channels\シニア朗読\競合リサーチ\サムネ企画検索ポータル_20260605\thumbnail_assets\i1MrvV_qasE.jpg,153378,
dGEzJo4hY2c,人生スカッと物語,銀行で認知症扱いされ嘲笑されたお婆さん、翌日、500億円全額引き出し支店長が膝から崩れ落ちる…,317,,,0,db_thumbnail_url: HTTPError
ev3zh-d0FFo,人生スカッと物語,「ひったくり！捕まえて！」お婆さんを助け、暴行容疑をかけられた貧乏女子高生、翌日、警察に連れていかれた結果…,314,,,0,db_thumbnail_url: HTTPError
fl8eQ7DcCAo,感動スカっと人生録,「日本人に頭を下げるだと？」→老人が7分で修理完了。IT社長が震えた,314,,,0,db_thumbnail_url: HTTPError
e1h9Gi9BKQU,人生の温もり,50年尽くしてきた家族に「邪魔者」と言われた75歳の祖母──誰も知らなかった真実【感動する話】,314,,,0,db_thumbnail_url: HTTPError
IM8uArOpck0,人生はバラ色,『たった10円なので捨てときますねw』ボロ通帳をビリビリにされたお婆さん。「では私も捨てます」翌日、10兆円の解約申請で銀行が騒然、支店長が顔面蒼白に,313,existing,E:\Data\ObsidianVault\02_Channels\シニア朗読\競合リサーチ\サムネ企画検索ポータル_20260605\thumbnail_assets\IM8uArOpck0.jpg,176532,
BpbA-iSQE88,愛しき人の人生日記,新入社員が会長の娘だと知らずに頬を叩いたパワハラ部長…翌日､彼の机が消えていて…,310,existing,E:\Data\ObsidianVault\02_Channels\シニア朗読\競合リサーチ\サムネ企画検索ポータル_20260605\thumbnail_assets\BpbA-iSQE88.jpg,272305,
sh-b1ZUuuLc,面白きかな人生,「女のくせに屋台なんて笑わせるな！」と絡まれた若い女性店主。次の瞬間、常連客の一言で空気が一変！彼の正体に涙が止まらなかった…【面白きかな人生】,302,,,0,db_thumbnail_url: HTTPError
9BUar2-5ONg,人生スカッと物語,店内で見下される老婆を「おばあちゃん！」と咄嗟の嘘で庇った派遣社員…クビになる直前、パワハラ上司が青ざめる…,301,,,0,db_thumbnail_url: HTTPError
T3bn4ReePHw,人生のヒカリ,お金持ちの私は娘の婚約者の裏の顔を暴くため、清掃員に変装し...【スカッと朗読】,300,existing,E:\Data\ObsidianVault\02_Channels\シニア朗読\競合リサーチ\サムネ企画検索ポータル_20260605\thumbnail_assets\T3bn4ReePHw.jpg,155525,
ATQKltqMK54,人生逆転ドラマch,バス停で困るお婆さんに全財産500円を渡したボロスーツの大学生。就活の面接先で再会することに。,299,existing,E:\Data\ObsidianVault\02_Channels\シニア朗読\競合リサーチ\サムネ企画検索ポータル_20260605\thumbnail_assets\ATQKltqMK54.jpg,176298,
nYBvBxXC84c,人生ドラマ座,しかし、それがキッカケで彼女は会社をクビになった…行くあてもない清掃員。数時間後、老人がまさかの行動を・・・,297,existing,E:\Data\ObsidianVault\02_Channels\シニア朗読\競合リサーチ\サムネ企画検索ポータル_20260605\thumbnail_assets\nYBvBxXC84c.jpg,149230,
nYVuBR03p5E,人生スカッと物語,「高卒は黙ってハンドル握ってろ」大学を諦め借金返済に追われるタクシー運転手。歩道橋で倒れたお婆さんを助けた瞬間、人生が一変する…,296,,,0,db_thumbnail_url: HTTPError
MZME5oRSXtQ,人生の温もり,夫と不倫女に追い出された嫁、8年後に彼女たちが再会した時...【感動する話】,296,,,0,db_thumbnail_url: HTTPError
m8yAhKWDSyw,人生のギフト,「娘にパンの耳だけでも…」閉店間際のベーカリーに現れたボロ服の母子→焼き立てを渡した翌日、黒塗りの車が現れて…【感動する話】,296,existing,E:\Data\ObsidianVault\02_Channels\シニア朗読\競合リサーチ\サムネ企画検索ポータル_20260605\thumbnail_assets\m8yAhKWDSyw.jpg,259406,
3DMSPclWZDY,人生のヒカリ,年金暮らしの老夫婦を嘲笑する金持ち同級生。翌日、老夫婦が姿を消した,289,existing,E:\Data\ObsidianVault\02_Channels\シニア朗読\競合リサーチ\サムネ企画検索ポータル_20260605\thumbnail_assets\3DMSPclWZDY.jpg,150897,
idB0CLav-Jo,人生ドラマTV,会長がペンダント（母の形見）を見て「正社員採用します！」「お母さんは千代子さんだね」30年前の母の優しさが娘と孫を救った【クリスマスプレゼント】【感動する話】,288,existing,E:\Data\ObsidianVault\02_Channels\シニア朗読\競合リサーチ\サムネ企画検索ポータル_20260605\thumbnail_assets\idB0CLav-Jo.jpg,221696,
3S2j5FuB0rE,人生スカッと朗読-劇場-,「パパに言えばお前なんか退学よw」親の力で同級生に侮辱された女子高生「じゃあ。あなたも退学ね」直後、同級生が顔面蒼白に...【スカッとする話】,281,,,0,db_thumbnail_url: HTTPError
pGpU7vLEGxI,人生ドラマ館,「父親が破産者の娘は銀行に就職できない」と内定取り消しされた女子大生。ある老人が暴いた、採用担当の隠された不正とは…,280,,,0,db_thumbnail_url: HTTPError
kbcQmEZekOA,面白きかな人生,「50年動かないのにお前に直せるわけがない」と少年を罵る工場長。だが10分後、エンジンの轟音に全員が凍りついた【面白きかな人生】,279,,,0,db_thumbnail_url: HTTPError
xUjrbNblkBE,人生ドラマ館,ボロボロの定食屋の前にやせ細った外国の少年。店主「どうしたの？」「雨宿りさせて」→数カ月後、里親になって双子を育てると…,279,,,0,db_thumbnail_url: HTTPError
2wbT6_sxFTY,人生劇場放送局,【スカッと】嫁の旦那に嫌がらせする義母は知らなかった。彼が家のローン月50万払っていたことを。【シニア】,279,existing,E:\Data\ObsidianVault\02_Channels\シニア朗読\競合リサーチ\サムネ企画検索ポータル_20260605\thumbnail_assets\2wbT6_sxFTY.jpg,158309,
529GY1b7GtA,心に響く人生ドラマ日誌,所持金0円のボロボロの少年にラーメン屋の老夫婦が一杯を出した結果→10年後黒塗りの高級車が現れて……,278,,,0,db_thumbnail_url: HTTPError
tYerHsfITJ4,人生はバラ色,「そんなボロ服でくるなよw」高級寿司屋で嘲笑されたお爺さん 10分後、電話1本で駆け付けた人物に全員が凍り付く…,277,existing,E:\Data\ObsidianVault\02_Channels\シニア朗読\競合リサーチ\サムネ企画検索ポータル_20260605\thumbnail_assets\tYerHsfITJ4.jpg,169247,
JknqFYzCL2M,心に響く人生ドラマ日誌,創業者だと知らず、老人の話し相手になったホテルの新人スタッフ。翌日突然クビを言い渡され…,274,,,0,db_thumbnail_url: HTTPError
dJ0shFY9KB4,心に響く人生ドラマ日誌,スーパーで万引き犯扱いされた老夫婦、数時間後、黒スーツの男が現れ店内が凍りついた,274,,,0,db_thumbnail_url: HTTPError
TDMDe1HiPVQ,人生逆転ドラマch,水路に転落したお婆さんを助けた貧乏女子高生。大手芸能事務所の最終オーディションで罵倒された結果。,273,existing,E:\Data\ObsidianVault\02_Channels\シニア朗読\競合リサーチ\サムネ企画検索ポータル_20260605\thumbnail_assets\TDMDe1HiPVQ.jpg,169401,
5Y17cpFmXRA,人生スカッと物語,社員食堂契約スタッフが、大富豪会長の腕時計を見て「えっ…母のと同じです！」,273,,,0,db_thumbnail_url: HTTPError
F-Ik3CvQow0,人生ドラマ座,“老害警備員”と笑われたおじいさん。だが黒塗りの高級車が現れ立場逆転,271,existing,E:\Data\ObsidianVault\02_Channels\シニア朗読\競合リサーチ\サムネ企画検索ポータル_20260605\thumbnail_assets\F-Ik3CvQow0.jpg,170771,
XCrapygJiZg,人生逆転ドラマch,道端に捨てられた子猫を助けた貧乏お婆さん。数日後，子猫の真相を知り言葉を失う…,266,existing,E:\Data\ObsidianVault\02_Channels\シニア朗読\競合リサーチ\サムネ企画検索ポータル_20260605\thumbnail_assets\XCrapygJiZg.jpg,135357,
hBdu2achJ64,人生のギフト,借金1200万円で廃業寸前だったイタリア人ピザ職人ー日本人の青年を雇った結果、まさかの展開に【感動物語】,265,existing,E:\Data\ObsidianVault\02_Channels\シニア朗読\競合リサーチ\サムネ企画検索ポータル_20260605\thumbnail_assets\hBdu2achJ64.jpg,259555,
sZJly-pYueA,人生スカッと物語,倒産寸前の旅館に現れた、泥だらけのお婆さんを助けた女将、翌朝、50年越しの奇跡に涙が止まらない…,262,,,0,db_thumbnail_url: HTTPError
qbE6z3ZbJ30,人生ドラマ座,『臭い！近寄るな！』と銀行で老人を追い出した支店長。しかし老人が差し出した通帳を見て全員驚愕…その正体はこの銀行最大の大口顧客である大企業の会長だった,261,existing,E:\Data\ObsidianVault\02_Channels\シニア朗読\競合リサーチ\サムネ企画検索ポータル_20260605\thumbnail_assets\qbE6z3ZbJ30.jpg,152296,
Uzq988DFHP8,人生ドラマ館,"「制服姿でフレンチ?」貧乏女子高生を見下したシェフ、実は彼女はフランス料理の権威が探していた""天才""と知り、顔面蒼白…",261,,,0,db_thumbnail_url: HTTPError
3-ZZe8dl2es,人生逆転ドラマch,｢元受刑者は信用できない｣町工場で罵倒された老職人。数日後、工場前に高級車が止まり大企業のCEOが現れ...,260,existing,E:\Data\ObsidianVault\02_Channels\シニア朗読\競合リサーチ\サムネ企画検索ポータル_20260605\thumbnail_assets\3-ZZe8dl2es.jpg,171430,
csVow2lnW0s,人生逆転ドラマch,大人しい女子をバカにしていた男は知らなかった。彼女が元空手女子だったなんて…！,260,existing,E:\Data\ObsidianVault\02_Channels\シニア朗読\競合リサーチ\サムネ企画検索ポータル_20260605\thumbnail_assets\csVow2lnW0s.jpg,133644,
pqL68yWAXpM,人生スカッと物語,父親の借金返済に追われる高校中退の食堂店員。孫を亡くしたお爺さんの話し相手になった翌朝、お店に1台の高級車が現れ…,260,,,0,db_thumbnail_url: HTTPError
HK8g-s-GhiU,人生の輝き,「お店が汚れるので入れません」と入店を拒否された高齢女性。だが、オーナーシェフが女性の胸のブローチを見た途端、血相を変えて奥から慌てて飛び出した…,260,,,0,db_thumbnail_url: HTTPError
aH2_mDM0AYQ,人生ドラマTV,「君は誰だ？」息子の墓前にいた自分そっくりの孫。手切れ金で追い出した元看護師が抱えていた、残酷な真実とは？,257,existing,E:\Data\ObsidianVault\02_Channels\シニア朗読\競合リサーチ\サムネ企画検索ポータル_20260605\thumbnail_assets\aH2_mDM0AYQ.jpg,241838,
Z5EUtinvoFs,人生はバラ色,「貧乏老人は来るなw」と嘲笑した支店長… ボロボロの老人の正体を知った銀行が、翌日黒塗り車100台で謝罪に来た…,257,existing,E:\Data\ObsidianVault\02_Channels\シニア朗読\競合リサーチ\サムネ企画検索ポータル_20260605\thumbnail_assets\Z5EUtinvoFs.jpg,183939,
SJxWvN2Nveg,心に響く人生ドラマ日誌,倒れていた妊婦さんを助けた貧乏女子学生。国家試験に大遅刻し試験管に追い出された結果...,252,,,0,db_thumbnail_url: HTTPError
BPUGQ9B1tcY,愛しき人の人生日記,ぼったくりバー｢90万。払わないとヤクザ呼ぶよ？｣→3分後､ヤクザ集団が現れ、女性の顔を見て全員土下座した…,251,existing,E:\Data\ObsidianVault\02_Channels\シニア朗読\競合リサーチ\サムネ企画検索ポータル_20260605\thumbnail_assets\BPUGQ9B1tcY.jpg,304942,
kt9TlUwnwh8,人生のギフト,「100円で娘にスープだけでも…」廃業間近のラーメン屋に現れた痩せた母娘→特製ラーメンを振舞った翌日、黒塗りの車が止まり…【感動する話】,250,existing,E:\Data\ObsidianVault\02_Channels\シニア朗読\競合リサーチ\サムネ企画検索ポータル_20260605\thumbnail_assets\kt9TlUwnwh8.jpg,237044,
aW_x6oRNVOk,人生逆転ストーリー,「子供が何ができる？」笑われた14歳の日本人少女。だが、米国の大手IT企業を救ったのは…その小さな指先だった！,249,,,0,db_thumbnail_url: HTTPError
ikf7LPYpzjQ,人生はバラ色,「いいさ、食べな」100円しかない老婆にタダでごちそうした 倒産寸前の蕎麦屋、翌日、黒塗りの高級車が現れ…,243,existing,E:\Data\ObsidianVault\02_Channels\シニア朗読\競合リサーチ\サムネ企画検索ポータル_20260605\thumbnail_assets\ikf7LPYpzjQ.jpg,160990,
Um1S-DCQ1sY,人生逆転ドラマシアター,【教訓】「他銀に変える？どうぞw」コンビニ制服の老人を嘲笑したVIP窓口の女性行員…翌日“10兆円預金消失”で銀行全体が凍りつく,242,existing,E:\Data\ObsidianVault\02_Channels\シニア朗読\競合リサーチ\サムネ企画検索ポータル_20260605\thumbnail_assets\Um1S-DCQ1sY.jpg,284636,
-MV72OxNUSw,人生はバラ色,「うちは庶民向けじゃありませんのでw」高級ブランド店で店員にバカにされたお婆さん。翌日、会社の“創業者”と知り店員絶句,240,existing,E:\Data\ObsidianVault\02_Channels\シニア朗読\競合リサーチ\サムネ企画検索ポータル_20260605\thumbnail_assets\-MV72OxNUSw.jpg,174089,
ySMzZqCD7gQ,人生劇場放送局,【スカッと】「全て置いて出てけ！」と追い出された私。翌日、息子夫婦に退去通知が...！【シニア】,239,existing,E:\Data\ObsidianVault\02_Channels\シニア朗読\競合リサーチ\サムネ企画検索ポータル_20260605\thumbnail_assets\ySMzZqCD7gQ.jpg,135805,
S_sG5-E_0lc,人生は宝物,63歳イタリアのピザ職人が日本人を雇った結果、廃業寸前のピザ屋が想像もしない事態に…【感動する話】,236,,,0,db_thumbnail_url: HTTPError
LfVVtk5IKsk,人生劇場放送局,【スカッと】大学の授業を覗き見する貧相な10歳の少年。みすぼらしい姿の彼が難問の数式をみると...。【シニア】,230,existing,E:\Data\ObsidianVault\02_Channels\シニア朗読\競合リサーチ\サムネ企画検索ポータル_20260605\thumbnail_assets\LfVVtk5IKsk.jpg,147556,
b3kj216B0Qw,人生のヒカリ,ホームレスに3000円あげた貧乏受験生。翌日、受験会場に現れたのはまさかの人物で...,230,existing,E:\Data\ObsidianVault\02_Channels\シニア朗読\競合リサーチ\サムネ企画検索ポータル_20260605\thumbnail_assets\b3kj216B0Qw.jpg,155551,
P9mgknWAqw4,人生逆転ドラマch,口座残高25万円のお爺さんを笑った銀行員。貸金庫を開けた瞬間，全員が凍りついた…,228,existing,E:\Data\ObsidianVault\02_Channels\シニア朗読\競合リサーチ\サムネ企画検索ポータル_20260605\thumbnail_assets\P9mgknWAqw4.jpg,144699,
X0PYeLXB_4Y,人生の輝き,「クズはクビ！」エリート部長の言葉に対し「あなたがクズでクビです」と言い放った新人社員→数分後、会議室の空気が凍りついた…,228,existing,E:\Data\ObsidianVault\02_Channels\シニア朗読\競合リサーチ\サムネ企画検索ポータル_20260605\thumbnail_assets\X0PYeLXB_4Y.jpg,221171,
VgutlBPtTn4,人生の輝き,「年寄りが年寄りの世話なんか出来るわけないだろ！」と施設長にバカにされた介護職の高齢女性。しかしある日、一枚の写真を手渡されて顔面蒼白になった…,225,,,0,db_thumbnail_url: HTTPError
eaoiuxJrgkI,人生はバラ色,「貧乏くさっ！w」高級ホテルで女性銀行員に嘲笑されたお爺さん 翌日、銀行に黒塗りの車が100台が現れ、支店長が震える…,223,existing,E:\Data\ObsidianVault\02_Channels\シニア朗読\競合リサーチ\サムネ企画検索ポータル_20260605\thumbnail_assets\eaoiuxJrgkI.jpg,170561,
q2AtTKHvK2A,人生劇場放送局,【スカッと】赤字の定食屋がホームレスに弁当を。翌週、超大手企業から300万円の発注が...。【シニア】,220,existing,E:\Data\ObsidianVault\02_Channels\シニア朗読\競合リサーチ\サムネ企画検索ポータル_20260605\thumbnail_assets\q2AtTKHvK2A.jpg,147541,
F9x8a__EmeM,人生劇場放送局,【スカッと】100円の漬物も買えない貧乏人は来るな！罵倒された75歳老人。翌朝、店長が顔面蒼白に...。【シニア】,215,existing,E:\Data\ObsidianVault\02_Channels\シニア朗読\競合リサーチ\サムネ企画検索ポータル_20260605\thumbnail_assets\F9x8a__EmeM.jpg,127880,
YgIy0SkOjsU,人生はバラ色,『貧乏人のくせに偉そうw』温泉旅館で若女将に侮辱されたお爺さん。翌日、旅館に黒塗りの高級車がズラリと並び…,214,existing,E:\Data\ObsidianVault\02_Channels\シニア朗読\競合リサーチ\サムネ企画検索ポータル_20260605\thumbnail_assets\YgIy0SkOjsU.jpg,167689,
RxUj6X9GfBw,心に響く人生ドラマ日誌,「年寄りの自己満」と嘲笑されたお弁当の無料配布。後日、弁当屋のおばあちゃんの正体に誰もが驚いた。,213,,,0,db_thumbnail_url: HTTPError
8k-uzJz9X3g,感動スカっと人生録,清掃員を見下していた音楽家たち…しかし彼女の『正体』を知った瞬間、全員が青ざめた,212,,,0,db_thumbnail_url: HTTPError
59Ic1I1DhnQ,人生劇場放送局,【スカッと】山で遭難した老人を助けた新人仲居。翌日、旅館に黒塗りの高級車が到着し...。【シニア】,211,existing,E:\Data\ObsidianVault\02_Channels\シニア朗読\競合リサーチ\サムネ企画検索ポータル_20260605\thumbnail_assets\59Ic1I1DhnQ.jpg,141688,
ETqTOcnjnR4,人生スカッと朗読-劇場-,社内恋愛中の彼氏が昇進と同時に美人の新入社員との婚約を発表した⇒ブチ切れた私は…【スカッとする話】,209,,,0,db_thumbnail_url: HTTPError
ev77c91H7cg,人生はバラ色,「貧乏くさっ！w」高級ホテルで女性銀行員に嘲笑されたお爺さん  翌日、銀行に黒塗りの車が100台が現れ、全行員が震える…,207,existing,E:\Data\ObsidianVault\02_Channels\シニア朗読\競合リサーチ\サムネ企画検索ポータル_20260605\thumbnail_assets\ev77c91H7cg.jpg,168593,
58bFqho6VeU,人生の輝き,「掃除のおばさんが鼻歌なんて口ずさむな！」とホテルの従業員から陰口を叩かれるパート女性。しかし、彼女が歌い出した時、全員が立ち上がった…,206,,,0,db_thumbnail_url: HTTPError
xcluXJiHHkM,人生の光と影 朗読館,財布を盗まれたお爺さんに全財産1000円を渡した貧乏な女子高生。翌日、学校の前に黒塗りの高級車が現れて…,204,,,0,db_thumbnail_url: HTTPError
jHltnp6-uAU,人生ドラマ座,「邪魔だ！ゴミはどけ！」と部長に罵倒された清掃員。１０秒後、会長が現れ、彼女の正体を知って男は崩れ落ちた,202,existing,E:\Data\ObsidianVault\02_Channels\シニア朗読\競合リサーチ\サムネ企画検索ポータル_20260605\thumbnail_assets\jHltnp6-uAU.jpg,152263,
51QxFGrk3oM,面白きかな人生,「なんか臭うわ」と見下された牛の解体作業員の父、その男がピアノに触れた瞬間、会場が震えた【面白きかな人生】,201,,,0,db_thumbnail_url: HTTPError
4XbLvLCMItI,感動スカっと人生録,「屋台の私」を人気高級店の嫌がらせから救った伝説の麵職人の正体とは…,200,,,0,db_thumbnail_url: HTTPError
e8sVwmCSBVU,人生のヒカリ,破産寸前で形見のボロ車を売る老婆。嘲笑した店員がもう一度車を見た直後...,196,,,0,db_thumbnail_url: HTTPError
U_WrcNZSTSY,人生逆転ストーリー,ロンドンのオペラハウスで清掃員をする70代日本人女性、舞台裏で見せた“本当の姿”に全員が凍りつく…,195,,,0,db_thumbnail_url: HTTPError
m0nrPR1uJCA,人生の光と影 朗読館,耳の聞こえない会長夫人に手話で寄り添ったシングルマザー。翌日、どん底だった彼女の人生を塗り替えた,191,existing,E:\Data\ObsidianVault\02_Channels\シニア朗読\競合リサーチ\サムネ企画検索ポータル_20260605\thumbnail_assets\m0nrPR1uJCA.jpg,214725,
CNPk4PmCozI,人生劇場放送局,【スカッと】倒れた老婆を助けた施設育ちの貧乏中学生。翌日、玄関の前に黒塗りの高級車が現れて…。【シニア】,190,existing,E:\Data\ObsidianVault\02_Channels\シニア朗読\競合リサーチ\サムネ企画検索ポータル_20260605\thumbnail_assets\CNPk4PmCozI.jpg,147062,
WOJQN6FPCtM,人生の温もり,【感動する話】閉店まで1ヶ月のラーメン屋に現れたドイツ人一口食べて涙した「マルティン…」20年探し続けた味に辿り着いた父親の決断,190,,,0,db_thumbnail_url: HTTPError
h6jIlg_IbY8,人生ドラマ館,"高級ホテルラウンジで『汚い手でピアノに触るな』と怒鳴られた少女。だが彼女が弾いた""一曲""でオーナーは顔面蒼白…",188,,,0,db_thumbnail_url: HTTPError
b1yqwdqW0f4,人生劇場放送局,【スカッと】「クズみたいな老後ねw」と見下した息子の嫁。義母の預金残高を見た瞬間、絶句...！【シニア】,179,existing,E:\Data\ObsidianVault\02_Channels\シニア朗読\競合リサーチ\サムネ企画検索ポータル_20260605\thumbnail_assets\b1yqwdqW0f4.jpg,140026,
MgyauHmQA-E,人生逆転ドラマch,｢使えねーな｣と若手に笑われる50代新人。勤務時間外の職場で衝撃の事実を知る…,177,existing,E:\Data\ObsidianVault\02_Channels\シニア朗読\競合リサーチ\サムネ企画検索ポータル_20260605\thumbnail_assets\MgyauHmQA-E.jpg,163102,
Xubsnt7RdU8,人生のヒカリ,「私が出場します」いじめられた老人の一言で全員嘲笑...彼らは知らなかった、老人が伝説の選手だったとは...,172,existing,E:\Data\ObsidianVault\02_Channels\シニア朗読\競合リサーチ\サムネ企画検索ポータル_20260605\thumbnail_assets\Xubsnt7RdU8.jpg,154606,
C9mqFZIQwjM,心に響く人生ドラマ日誌,「家事しか出来ないババア」と嘲笑された老舗旅館のパート清掃員——数日後、彼女の対応に全員が驚愕した,171,,,0,db_thumbnail_url: HTTPError
vk-yF-ghV6I,心に響く人生ドラマ日誌,「貧乏人かよ」銀行で嘲笑された老人、翌朝黒塗りの高級車が現れ...銀行は地獄絵図,169,,,0,db_thumbnail_url: HTTPError
hMhIh1EHyXc,人生逆転ドラマch,工場で高卒を侮辱されたパート主婦が倒れた老人に人工呼吸した翌日，工場に現れた人物に従業員がざわめき始め…,168,existing,E:\Data\ObsidianVault\02_Channels\シニア朗読\競合リサーチ\サムネ企画検索ポータル_20260605\thumbnail_assets\hMhIh1EHyXc.jpg,139024,
EwLlHiMxS_8,人生ドラマ座,社長の娘と知らず、頭にコーヒーをぶっかけたママ友「悔しかったらあんたの旦那も出世しなw」私「では、そうしてもらいます」私の一言で立場が逆転した瞬間,168,existing,E:\Data\ObsidianVault\02_Channels\シニア朗読\競合リサーチ\サムネ企画検索ポータル_20260605\thumbnail_assets\EwLlHiMxS_8.jpg,143737,
FWgAoemqCIg,人生はバラ色,「貧乏人はこんな所くるなよw」高級料亭で銀行員に嘲笑された老夫婦  翌日、8000億円の解約申請で銀行騒然、支店長が顔面蒼白に,167,existing,E:\Data\ObsidianVault\02_Channels\シニア朗読\競合リサーチ\サムネ企画検索ポータル_20260605\thumbnail_assets\FWgAoemqCIg.jpg,200897,
apbtCWWcsik,人生ドラマ座,『あなたはこの席にふさわしくない！』ファーストクラスでCAに食事も拒否され見下された老婆。→実は彼女がこの航空会社の創業者だったと知った従業員の末路が...,165,existing,E:\Data\ObsidianVault\02_Channels\シニア朗読\競合リサーチ\サムネ企画検索ポータル_20260605\thumbnail_assets\apbtCWWcsik.jpg,149058,
pKxAd3_Slio,人生の温もり,ボロボロの靴で走り続けた少年に、名前のない贈り物が届いた【感動する話】,164,,,0,db_thumbnail_url: HTTPError
NerPRHWJ1gQ,人生ドラマ館,「貧乏人が東大？」担任から罵倒された女子高生…公園でホームレスの老人と勉強、老人の正体とある事件とは…,162,,,0,db_thumbnail_url: HTTPError
_HaENF9tjBg,人生のギフト,「これが全財産です…」閉店寸前のカレー屋に現れた姉弟→大盛りカレーを差し出した翌日、店の前に高級車が…,162,existing,E:\Data\ObsidianVault\02_Channels\シニア朗読\競合リサーチ\サムネ企画検索ポータル_20260605\thumbnail_assets\_HaENF9tjBg.jpg,258829,
dqOXW_pxlDE,人生の温もり,「寿司を握りたい」と言った外国人を、72歳の頑固な職人は「出ていけ」と怒鳴った。だがあの前掛けを、捨てられなかった…【感動する話】,160,,,0,db_thumbnail_url: HTTPError
wekoyJQDHBI,人生の温もり,60年ぶりの約束── あのラーメンの味が、父の記憶を連れてきた【感動する話】,158,,,0,db_thumbnail_url: HTTPError
_tYkgmNy2U8,人生ドラマ,72歳の大富豪が号泣…花を売る少女の首に、五十年前の妻の指輪が輝いていた...｜家族｜感動話｜朗読ドラマ｜シニア物語 感動ドラマㅣ老後物語ㅣ老後の知恵ㅣ老年の人生ㅣ幸せな晩年ㅣオーディオブック」,157,existing,E:\Data\ObsidianVault\02_Channels\シニア朗読\競合リサーチ\サムネ企画検索ポータル_20260605\thumbnail_assets\_tYkgmNy2U8.jpg,267251,
p1aGw9K_U0s,人生ドラマ座,「おじさん、元気でね」職場のパワハラ。心が折れる毎日で退職する中卒OL。優しかった清掃員の老人の正体を知って全員が驚愕…,156,existing,E:\Data\ObsidianVault\02_Channels\シニア朗読\競合リサーチ\サムネ企画検索ポータル_20260605\thumbnail_assets\p1aGw9K_U0s.jpg,143833,
ujNSfVEbqAQ,人生のギフト,「お母さんの誕生日なんです」100円しか持たないボロ服の少女に、廃業寸前の洋菓子屋の店主がホールケーキを渡した結果【感動する話】,155,existing,E:\Data\ObsidianVault\02_Channels\シニア朗読\競合リサーチ\サムネ企画検索ポータル_20260605\thumbnail_assets\ujNSfVEbqAQ.jpg,257740,
LPSwYGJ3jeo,心に響く人生ドラマ日誌,「年寄りが出しゃばるな」と高級車ディーラーで笑われた清掃員がドイツ語で話し始め…全員が驚愕,153,,,0,db_thumbnail_url: HTTPError
0iRzWXsS8I4,人生はバラ色,「旦那は何してるの？w」同窓会で嘲笑された主婦…しかし総理秘書が挨拶に来た瞬間、全員が凍りついた。,153,existing,E:\Data\ObsidianVault\02_Channels\シニア朗読\競合リサーチ\サムネ企画検索ポータル_20260605\thumbnail_assets\0iRzWXsS8I4.jpg,147718,
YUQUA4wjsAs,人生はバラ色,「おじちゃんの足を治してあげる」貧しい少女が車椅子の大企業の会長にそう言った。だが数分後、誰も想像できないことが始まった。,153,existing,E:\Data\ObsidianVault\02_Channels\シニア朗読\競合リサーチ\サムネ企画検索ポータル_20260605\thumbnail_assets\YUQUA4wjsAs.jpg,150362,
1LBtB7qkSdo,人生の温もり,高校時代に想いを伝えられなかった二人が、38歳と40歳で再会した娘の優しさが繋いだ、20年越しの恋【感動する話】,152,,,0,db_thumbnail_url: HTTPError
ILEc4x1RBU8,人生ドラマ館,高級レストランで「場違いな貧乏学生」と嘲笑された少女、彼女が差し出した一通の手紙で、オーナーシェフが声を失った,151,,,0,db_thumbnail_url: HTTPError
tzcLH30k5O4,面白きかな人生,誠一のVlog【面白きかな人生】,150,existing,E:\Data\ObsidianVault\02_Channels\シニア朗読\競合リサーチ\サムネ企画検索ポータル_20260605\thumbnail_assets\tzcLH30k5O4.jpg,215805,
PxEZ3j1H4TU,人生ドラマ座,街中で倒れたおじいさんを人命救助した貧乏就活生。超一流企業の最終面接に遅刻した結果,150,existing,E:\Data\ObsidianVault\02_Channels\シニア朗読\競合リサーチ\サムネ企画検索ポータル_20260605\thumbnail_assets\PxEZ3j1H4TU.jpg,148784,
qnt2rNgt93Y,人生の温もり,財産を狙う3人の子供たちと、認知症を患う80歳の会長7歳の孫娘だけが注いだ純粋な愛遺言書に記されていた、静かな真実【感動する話】,150,,,0,db_thumbnail_url: HTTPError
zdHfA9dM8zM,人生ドラマ座,「ゴミ企業さんよ、今すぐ50億返してみろよ」ボロボロの作業服の老人を見下した銀行員。「分かりました、本当にいいんですね？」と即日返済され――,147,existing,E:\Data\ObsidianVault\02_Channels\シニア朗読\競合リサーチ\サムネ企画検索ポータル_20260605\thumbnail_assets\zdHfA9dM8zM.jpg,158429,
txhTc03waSk,人生劇場放送局,【スカッと】アメリカの教師が日本人女子大生を見下した。彼女が難題を解き始めた瞬間、教室は騒然...。【シニア】,146,existing,E:\Data\ObsidianVault\02_Channels\シニア朗読\競合リサーチ\サムネ企画検索ポータル_20260605\thumbnail_assets\txhTc03waSk.jpg,146300,
E_Veqo1UjWI,人生の縁側,「中卒のくせに!!」みすぼらしい夫婦を見下した支配人。私の正体を知った瞬間、その場で膝から崩れ落ちた,146,,,0,db_thumbnail_url: HTTPError
qFzJrwtYvG8,人生ドラマ館,訳あって「無能のフリ」をし続けた38歳の裏方仲居。ある日、将来有望な新人仲居が上司に嵌められクビの危機に！本気を出して助けた結果…,144,existing,E:\Data\ObsidianVault\02_Channels\シニア朗読\競合リサーチ\サムネ企画検索ポータル_20260605\thumbnail_assets\qFzJrwtYvG8.jpg,165203,
Ug7hG0q8-0o,人生のヒカリ,戦後全財産0円の少女が形見の懐中時計を売却。店員に嘲笑された直後もう一度見ると...,143,existing,E:\Data\ObsidianVault\02_Channels\シニア朗読\競合リサーチ\サムネ企画検索ポータル_20260605\thumbnail_assets\Ug7hG0q8-0o.jpg,157676,
NhGD8AOaMoU,人生ドラマ,みすぼらしい75歳のおばあさんが毎日20キロのヒラメを買うのは怪しい…警察に通報した魚屋。しかし明らかになった理由に市場中が涙した！感動ㅣ老後物語ㅣ老後知恵ㅣ老年人生ㅣ幸せ晩年ㅣオーディオブック」,141,existing,E:\Data\ObsidianVault\02_Channels\シニア朗読\競合リサーチ\サムネ企画検索ポータル_20260605\thumbnail_assets\NhGD8AOaMoU.jpg,190831,
gXV8HmJQAIg,人生スカッと朗読-劇場-,自分の結婚式の費用を押し付ける義妹「ご祝儀代わりに払っといて～ｗ」⇒快諾した結果義妹が涙目にｗ【スカッとする話】,141,,,0,db_thumbnail_url: HTTPError
ycypAf0m5lI,人生スカッと物語,財布を盗まれたお爺さんに全財産1000円を渡した貧乏女子高生…翌日、黒塗りの高級車が学校の前に現れ…,138,,,0,db_thumbnail_url: HTTPError
-pJdaLB3d3Q,人生逆転ドラマch,お帰りください。とバイオリン店で嘲笑された老夫婦。だが，そこに常連客の女性が現れ…,137,existing,E:\Data\ObsidianVault\02_Channels\シニア朗読\競合リサーチ\サムネ企画検索ポータル_20260605\thumbnail_assets\-pJdaLB3d3Q.jpg,137597,
hWGTYECz7GI,人生はバラ色,「おまえクビなw」車に置き去りの子どもを助けたパート社員を即日解雇した工場長　翌日、アパートに黒塗りの高級車が現れて,135,existing,E:\Data\ObsidianVault\02_Channels\シニア朗読\競合リサーチ\サムネ企画検索ポータル_20260605\thumbnail_assets\hWGTYECz7GI.jpg,168877,
H2fqHLxyzYU,人生はバラ色,「貧乏人は消えろw」銀行で1000円を引き出そうとして嘲笑されたお爺さん、直後、支店長が走ってきて土下座、行員全員が凍り付いた…,133,existing,E:\Data\ObsidianVault\02_Channels\シニア朗読\競合リサーチ\サムネ企画検索ポータル_20260605\thumbnail_assets\H2fqHLxyzYU.jpg,187445,
mVS8RtZWZ6E,人生逆転ドラマch,｢万引きジジィ｣と犯罪者扱いした店長は知らなかった。この老人が変装したスーパー創業者だったとは…,130,existing,E:\Data\ObsidianVault\02_Channels\シニア朗読\競合リサーチ\サムネ企画検索ポータル_20260605\thumbnail_assets\mVS8RtZWZ6E.jpg,153659,
7dfkqHX-tHU,愛しき人の人生日記,新社長にハメられ、田舎の赤字支社に左遷された中卒社員。左遷先の新部長の1週間分の仕事を1日で終わらせると「お前、一体何者だ」→まさかの展開に社長が顔面蒼白に…,130,existing,E:\Data\ObsidianVault\02_Channels\シニア朗読\競合リサーチ\サムネ企画検索ポータル_20260605\thumbnail_assets\7dfkqHX-tHU.jpg,270822,
IWDyMKq6mSU,人生ドラマ館,踏切で立ち往生する車椅子の老人。「お爺ちゃん、一緒に行くでしゅ！」と泣き叫ぶ子供を助けた日から、孤独だった俺の人生が大きく変わるなんて思いもしなかった…,125,,,0,db_thumbnail_url: HTTPError
Xig9r3oI1DI,人生はバラ色,「何かお困りですか？」道に迷ったボロボロのおじいさんを助けてあげた貧乏女子清掃員… 重機が現れホテルをぶっ壊した…,125,existing,E:\Data\ObsidianVault\02_Channels\シニア朗読\競合リサーチ\サムネ企画検索ポータル_20260605\thumbnail_assets\Xig9r3oI1DI.jpg,177338,
PBLq-6TMVDw,心に響く人生ドラマ日誌,高級レストランで見下された老人配達員。彼の正体に支配人が顔面蒼白―そして、店は存続の危機に・・・,124,,,0,db_thumbnail_url: HTTPError
A4aCplUvkSY,人生ドラマ座,同窓会で社長に馬鹿にされたパートの女。10秒後、“実は会社の筆頭株主”と名乗った瞬間、彼は床に崩れ落ちた,121,existing,E:\Data\ObsidianVault\02_Channels\シニア朗読\競合リサーチ\サムネ企画検索ポータル_20260605\thumbnail_assets\A4aCplUvkSY.jpg,175303,
3TGQxOuVGHg,人生ドラマ館,バス代がない老人に最後のお金を渡した貧乏女子高生。数日後、彼女の母の容態が急変、病院に現れたのはあの老人だった…,111,,,0,db_thumbnail_url: HTTPError
uVq5XeFHmak,心に響く人生ドラマ日誌,「皿洗いは口出すな！」と嘲笑された雑用係の老人、だが誰も知らなかった、彼があの伝説のシェフだとは...,88,,,0,db_thumbnail_url: HTTPError
DzIvFZBj9JM,人生のギフト,「一貫だけでいいんです」所持金100円のボロ服の老婆が廃業寸前の寿司屋へ→特上寿司を握った翌日、とんでもない展開に…【感動する話】,85,existing,E:\Data\ObsidianVault\02_Channels\シニア朗読\競合リサーチ\サムネ企画検索ポータル_20260605\thumbnail_assets\DzIvFZBj9JM.jpg,251798,
6Ah1gK4_Lxc,人生の温もり,「古い技術はいらない」→ 崩壊寸前の寺、最後に呼ばれた78歳職人【感動】【感動する話】,78,,,0,db_thumbnail_url: HTTPError
7hYTQlfZdX0,人生はバラ色,「50円でうどんの汁だけもらえませんか」と頼んだボロボロの女の子 20年後廃業寸前のうどん屋店主と再会、誰も予想しなかった事実が…,77,existing,E:\Data\ObsidianVault\02_Channels\シニア朗読\競合リサーチ\サムネ企画検索ポータル_20260605\thumbnail_assets\7hYTQlfZdX0.jpg,173126,
ip16ADUp77w,人生ドラマ座,「出来損ないは黙れ！」同窓会で高圧的な社長にビールをかけられた男。しかし後に彼が国税庁の査察官だと判明し「あなたの脱税は全て調査済みだ」と宣告される。同窓会,75,existing,E:\Data\ObsidianVault\02_Channels\シニア朗読\競合リサーチ\サムネ企画検索ポータル_20260605\thumbnail_assets\ip16ADUp77w.jpg,151107,
qvqxcWpzoR4,心に響く人生ドラマ日誌,「パートはお茶汲みだけしてろ」と笑った課長、1週間後に左遷通知が届いて顔面蒼白,73,,,0,db_thumbnail_url: HTTPError
Z5WpA1RpQrE,人生ドラマ座,ボロボロの車で来店した老人を罵倒した店長の末路…伝説の自動車デザイナーと知った瞬間全員が凍りついた,60,existing,E:\Data\ObsidianVault\02_Channels\シニア朗読\競合リサーチ\サムネ企画検索ポータル_20260605\thumbnail_assets\Z5WpA1RpQrE.jpg,180701,
cuZAnpGlUHM,人生スカッと朗読-劇場-,「中卒おばさん英語は無理かw」見下されたパート社員その時、彼女の一言で会議室が凍りつく...【スカッとする話】,18,,,0,db_thumbnail_url: HTTPError
JsM7zI3Mtp4,人生スカッと朗読-劇場-,「それもういらないからw」ママ友で副社長が独断で取引終了。納品を辞めた結果、解散が崩壊寸前に...【スカッとする話】,16,,,0,db_thumbnail_url: HTTPError
ToQFgxhixGU,人生スカッと朗読-劇場-,「お前の工場なんていつでも潰せるぞ」小さい町工場の契約を切った大手の部長。数日後、出荷中止で会社が倒産危機に...【スカッとする話】,14,,,0,db_thumbnail_url: HTTPError
